date,ls_ret
2012-01-03,
2012-01-04,
2012-01-05,
2012-01-06,
2012-01-09,
2012-01-10,
2012-01-11,
2012-01-12,
2012-01-13,
2012-01-17,
2012-01-18,
2012-01-19,
2012-01-20,
2012-01-23,
2012-01-24,
2012-01-25,
2012-01-26,
2012-01-27,
2012-01-30,
2012-01-31,
2012-02-01,
2012-02-02,
2012-02-03,
2012-02-06,
2012-02-07,
2012-02-08,
2012-02-09,
2012-02-10,
2012-02-13,
2012-02-14,
2012-02-15,
2012-02-16,
2012-02-17,
2012-02-21,
2012-02-22,
2012-02-23,
2012-02-24,
2012-02-27,
2012-02-28,
2012-02-29,
2012-03-01,
2012-03-02,
2012-03-05,
2012-03-06,
2012-03-07,
2012-03-08,
2012-03-09,
2012-03-12,
2012-03-13,
2012-03-14,
2012-03-15,
2012-03-16,
2012-03-19,
2012-03-20,
2012-03-21,
2012-03-22,
2012-03-23,
2012-03-26,
2012-03-27,
2012-03-28,
2012-03-29,
2012-03-30,
2012-04-02,
2012-04-03,
2012-04-04,
2012-04-05,
2012-04-09,
2012-04-10,
2012-04-11,
2012-04-12,
2012-04-13,
2012-04-16,
2012-04-17,
2012-04-18,
2012-04-19,
2012-04-20,
2012-04-23,
2012-04-24,
2012-04-25,
2012-04-26,
2012-04-27,
2012-04-30,
2012-05-01,
2012-05-02,
2012-05-03,
2012-05-04,
2012-05-07,
2012-05-08,
2012-05-09,
2012-05-10,
2012-05-11,
2012-05-14,
2012-05-15,
2012-05-16,
2012-05-17,
2012-05-18,
2012-05-21,
2012-05-22,
2012-05-23,
2012-05-24,
2012-05-25,
2012-05-29,
2012-05-30,
2012-05-31,
2012-06-01,
2012-06-04,
2012-06-05,
2012-06-06,
2012-06-07,
2012-06-08,
2012-06-11,
2012-06-12,
2012-06-13,
2012-06-14,
2012-06-15,
2012-06-18,
2012-06-19,
2012-06-20,
2012-06-21,
2012-06-22,
2012-06-25,
2012-06-26,
2012-06-27,
2012-06-28,
2012-06-29,
2012-07-02,
2012-07-03,
2012-07-05,
2012-07-06,
2012-07-09,
2012-07-10,
2012-07-11,
2012-07-12,
2012-07-13,
2012-07-16,
2012-07-17,
2012-07-18,
2012-07-19,
2012-07-20,
2012-07-23,
2012-07-24,
2012-07-25,
2012-07-26,
2012-07-27,
2012-07-30,
2012-07-31,
2012-08-01,
2012-08-02,
2012-08-03,
2012-08-06,
2012-08-07,
2012-08-08,
2012-08-09,
2012-08-10,
2012-08-13,
2012-08-14,
2012-08-15,
2012-08-16,
2012-08-17,
2012-08-20,
2012-08-21,
2012-08-22,
2012-08-23,
2012-08-24,
2012-08-27,
2012-08-28,
2012-08-29,
2012-08-30,
2012-08-31,
2012-09-04,
2012-09-05,
2012-09-06,
2012-09-07,
2012-09-10,
2012-09-11,
2012-09-12,
2012-09-13,
2012-09-14,
2012-09-17,
2012-09-18,
2012-09-19,
2012-09-20,
2012-09-21,
2012-09-24,
2012-09-25,
2012-09-26,
2012-09-27,
2012-09-28,
2012-10-01,
2012-10-02,
2012-10-03,
2012-10-04,
2012-10-05,
2012-10-08,
2012-10-09,
2012-10-10,
2012-10-11,
2012-10-12,
2012-10-15,
2012-10-16,
2012-10-17,
2012-10-18,
2012-10-19,
2012-10-22,
2012-10-23,
2012-10-24,
2012-10-25,
2012-10-26,
2012-10-31,
2012-11-01,
2012-11-02,
2012-11-05,
2012-11-06,
2012-11-07,
2012-11-08,
2012-11-09,
2012-11-12,
2012-11-13,
2012-11-14,
2012-11-15,
2012-11-16,
2012-11-19,
2012-11-20,
2012-11-21,
2012-11-23,
2012-11-26,
2012-11-27,
2012-11-28,
2012-11-29,
2012-11-30,
2012-12-03,
2012-12-04,
2012-12-05,
2012-12-06,
2012-12-07,
2012-12-10,
2012-12-11,
2012-12-12,
2012-12-13,
2012-12-14,
2012-12-17,
2012-12-18,
2012-12-19,
2012-12-20,
2012-12-21,
2012-12-24,
2012-12-26,
2012-12-27,
2012-12-28,
2012-12-31,
2013-01-02,
2013-01-03,
2013-01-04,
2013-01-07,
2013-01-08,
2013-01-09,
2013-01-10,
2013-01-11,
2013-01-14,
2013-01-15,
2013-01-16,
2013-01-17,
2013-01-18,
2013-01-22,
2013-01-23,
2013-01-24,
2013-01-25,
2013-01-28,
2013-01-29,0.01667628504905383
2013-01-30,0.0010569789974359534
2013-01-31,0.0010754159904580174
2013-02-01,0.010098050705105832
2013-02-04,-0.008817557768539208
2013-02-05,-0.0035511060260803307
2013-02-06,0.005708165135291821
2013-02-07,-0.0011669847996046794
2013-02-08,-0.004597015538582894
2013-02-11,-0.0015949475651943934
2013-02-12,-0.0028632084525406732
2013-02-13,0.0038669106592722786
2013-02-14,-0.003728796845599197
2013-02-15,0.0027278953941940465
2013-02-19,-0.00034374270368740524
2013-02-20,-0.0020356866021601075
2013-02-21,0.0002520187068930677
2013-02-22,0.0006273570606402984
2013-02-25,-0.0006895107459877262
2013-02-26,-0.00026905549855545856
2013-02-27,-0.0014358423108574699
2013-02-28,0.0024335977791098595
2013-03-01,0.0010433594784416227
2013-03-04,0.0020867403068861754
2013-03-05,-0.0010695423994851903
2013-03-06,-0.0006757741530925644
2013-03-07,-0.0014543264794319663
2013-03-08,1.4542204032803931e-05
2013-03-11,-0.0012327754904127358
2013-03-12,-0.0011459817373566429
2013-03-13,-0.0006084847142469316
2013-03-14,-0.0008722711508565883
2013-03-15,-0.0009038400934337471
2013-03-18,-0.00035590906978094
2013-03-19,0.001295577118365006
2013-03-20,0.0013504708237378016
2013-03-21,-0.0003519262277700176
2013-03-22,0.0008729124095990345
2013-03-25,-0.0011935425940898803
2013-03-26,-0.00021122750536432144
2013-03-27,0.0014941487117879878
2013-03-28,0.0003476273490276969
2013-04-01,-0.0007387631918181406
2013-04-02,0.002009213733102844
2013-04-03,-0.0007083373228708179
2013-04-04,-0.00018365286681688663
2013-04-05,-0.0017545169565673442
2013-04-08,0.001742488157013405
2013-04-09,-0.001375472372473335
2013-04-10,0.002481638371921842
2013-04-11,0.0023660375456277436
2013-04-12,0.00045537005380693544
2013-04-15,0.0001820475103222528
2013-04-16,0.001406247239008025
2013-04-17,-0.0009202976756623229
2013-04-18,-0.0019198931890126493
2013-04-19,0.00035463978056342945
2013-04-22,0.001119732945873186
2013-04-23,1.009685065742403e-05
2013-04-24,-0.0030828807909800897
2013-04-25,-0.0017178524618292417
2013-04-26,-0.0007106846073203725
2013-04-29,0.0009968521309812268
2013-04-30,0.0004196177744438629
2013-05-01,-0.006720804841588458
2013-05-02,0.004310497944403417
2013-05-03,-0.0010997411082468416
2013-05-06,-0.0008117983470714244
2013-05-07,0.002213342553512377
2013-05-08,0.00045327963584220176
2013-05-09,0.0010708519444500846
2013-05-10,-0.0002441466927015071
2013-05-13,0.0006020354169305089
2013-05-14,0.0005178441076090223
2013-05-15,0.00033070754570933185
2013-05-16,-0.0012902304249773132
2013-05-17,-0.0008101443322351781
2013-05-20,-0.002303055048187981
2013-05-21,0.0009438678977606832
2013-05-22,-0.0002482688688266879
2013-05-23,0.0037874150199994523
2013-05-24,0.000998880287331624
2013-05-28,-0.0007232523458622877
2013-05-29,0.0007468202894884983
2013-05-30,-0.0021118352844130203
2013-05-31,0.0008277060473086206
2013-06-03,-0.0014793672853932627
2013-06-04,-0.0030249968454956516
2013-06-05,-4.277118734843034e-05
2013-06-06,0.0013861910774416394
2013-06-07,-7.392630849775053e-06
2013-06-10,-0.0008182179062628842
2013-06-11,-0.00013573116933713014
2013-06-12,-2.9935132912161387e-05
2013-06-13,0.00024891520237199486
2013-06-14,0.0016522683178072353
2013-06-17,-0.003136616788161599
2013-06-18,-0.000997408298882901
2013-06-19,-0.0020382199617899046
2013-06-20,0.0052287495949424724
2013-06-21,-0.0003369713681686158
2013-06-24,0.002399035496630837
2013-06-25,-0.0007387147039679892
2013-06-26,-0.00023167928114364598
2013-06-27,-0.0029392288394781223
2013-06-28,-0.0003970658730648742
2013-07-01,-2.9220256426021694e-05
2013-07-02,0.00027779490305722263
2013-07-03,0.0011769257464752671
2013-07-05,-0.0010706227669810106
2013-07-08,0.0008911546356792223
2013-07-09,-0.0018333142514930798
2013-07-10,0.00023620315002634732
2013-07-11,-0.0005931255574495875
2013-07-12,0.0011609782685790668
2013-07-15,-0.0015895245353617444
2013-07-16,-1.605057127585404e-05
2013-07-17,0.00025626029148744325
2013-07-18,-0.003613441106243793
2013-07-19,0.000533656804834969
2013-07-22,0.0014990831990838159
2013-07-23,-0.0022510255637808903
2013-07-24,0.0026030823546602964
2013-07-25,-0.001690555382873815
2013-07-26,0.0009629607479700709
2013-07-29,-0.00012577076318435521
2013-07-30,0.0008609842186543718
2013-07-31,-0.0004136419704503638
2013-08-01,0.0006156705939015092
2013-08-02,0.0008110252293307487
2013-08-05,0.0016182118757744341
2013-08-06,0.0006217000696098814
2013-08-07,-0.0016710774984292076
2013-08-08,-0.0013868735629324058
2013-08-09,-0.001666597988389612
2013-08-12,-0.0012695720408236852
2013-08-13,0.0007315688737340233
2013-08-14,-0.0013239658525171654
2013-08-15,-0.003300153230430694
2013-08-16,0.00043348467362896493
2013-08-19,0.0010069678258769062
2013-08-20,-0.0006010595015066087
2013-08-21,0.0006471352557019432
2013-08-22,0.0006475929348858979
2013-08-23,-0.0004378759940174492
2013-08-26,-0.0012088378595922658
2013-08-27,-0.00014333911629152513
2013-08-28,-9.303878452449235e-05
2013-08-29,-0.00043622582340719566
2013-08-30,-0.0007556307440036779
2013-09-03,0.0017125201961631096
2013-09-04,-0.0010031193646978806
2013-09-05,0.0008275841581266479
2013-09-06,-0.0007701858817517326
2013-09-09,0.0006592097135743992
2013-09-10,0.002645924953938994
2013-09-11,0.0014193525166257236
2013-09-12,-0.0011192543733046494
2013-09-13,4.963664933271619e-05
2013-09-16,-0.00023703408751777632
2013-09-17,-0.0006232476526146039
2013-09-18,-0.001990100877532569
2013-09-19,0.0008942291712742297
2013-09-20,0.0016075537373168296
2013-09-23,0.0006887992768849625
2013-09-24,0.00012272731213748921
2013-09-25,0.002208028277209941
2013-09-26,0.002240444794738244
2013-09-27,0.0040097862266651125
2013-09-30,-3.1508079841996605e-05
2013-10-01,0.0020116465086700043
2013-10-02,-0.00033797595054191624
2013-10-03,0.0007868459689213832
2013-10-04,0.001772895737628179
2013-10-07,-0.0019119846853777242
2013-10-08,-0.0010652069048094728
2013-10-09,-0.0009798159598076314
2013-10-10,0.0015878469340796049
2013-10-11,0.0001603539512728081
2013-10-14,0.0017195730676665083
2013-10-15,0.00028391716562701754
2013-10-16,0.0006500486313555436
2013-10-17,-0.0002713673172351161
2013-10-18,-0.0005324985258725084
2013-10-21,0.000768736033993783
2013-10-22,0.0013500241323167667
2013-10-23,-0.00043176157781527367
2013-10-24,4.812992917410852e-05
2013-10-25,-0.0028983810760868796
2013-10-28,-0.0018508220184055451
2013-10-29,-0.0006331192360509708
2013-10-30,-0.0004582032827197674
2013-10-31,-0.00010429502751119603
2013-11-01,-0.00011618950244580472
2013-11-04,-0.0021210208442434837
2013-11-05,0.0013360029608473656
2013-11-06,0.001953081776896487
2013-11-07,-0.00022140288942659736
2013-11-08,-0.0012448173866372242
2013-11-11,0.0013376301561977251
2013-11-12,0.0032481048675822685
2013-11-13,-7.060143741513957e-05
2013-11-14,0.0005008508464938188
2013-11-15,0.00047017830687240197
2013-11-18,0.0007644587691836352
2013-11-19,9.743953782407149e-05
2013-11-20,-0.0010490010026619088
2013-11-21,0.002590410277785107
2013-11-22,-0.0012198518674925761
2013-11-25,-0.0013525061229803788
2013-11-26,0.002033737342417961
2013-11-27,0.000602848595180934
2013-11-29,0.0005710572038072538
2013-12-02,0.0006573477535782646
2013-12-03,0.00041914561938982263
2013-12-04,-0.0019929303854219153
2013-12-05,0.00020984899618251343
2013-12-06,-0.0006837107339768893
2013-12-09,0.00010131488045256956
2013-12-10,0.0005046045100433627
2013-12-11,8.582432066069417e-05
2013-12-12,-0.0004482477281255036
2013-12-13,-0.0012829050880777636
2013-12-16,2.6704255435211615e-05
2013-12-17,0.0007525011698845326
2013-12-18,0.0008291618429714624
2013-12-19,-0.00040390838979004526
2013-12-20,0.000250369063563225
2013-12-23,-0.003024820758810856
2013-12-24,0.001564483506818113
2013-12-26,-0.00024049678229425721
2013-12-27,-0.002065606937778388
2013-12-30,0.0009369100470430483
2013-12-31,0.0012358898779728771
2014-01-02,0.00011741829106944508
2014-01-03,6.817876985784407e-05
2014-01-06,-0.0021469159272154083
2014-01-07,-0.000604719255096641
2014-01-08,0.001924454584837872
2014-01-09,0.00022137458555829506
2014-01-10,8.124807990322331e-05
2014-01-13,3.5971205301903284e-05
2014-01-14,-0.00041653725370500424
2014-01-15,-0.0002802150859823171
2014-01-16,0.00036007501100001845
2014-01-17,-0.0008274689458739441
2014-01-21,0.0003714776912837208
2014-01-22,0.0027981863305495606
2014-01-23,-0.0006422877376733025
2014-01-24,-0.0013749981090699131
2014-01-27,-0.0010140779495140066
2014-01-28,0.0007000588157012184
2014-01-29,0.0008571642438416516
2014-01-30,0.002569877498496316
2014-01-31,0.0011033067849875113
2014-02-03,0.0007731487166265599
2014-02-04,0.003491169790807858
2014-02-05,-0.0005717301203074252
2014-02-06,0.0008895921166625655
2014-02-07,-0.008936352096707977
2014-02-10,-0.0014045117294271296
2014-02-11,-0.0033955225685140737
2014-02-12,0.0005353015567199842
2014-02-13,-0.003256605391713652
2014-02-14,-0.0005118032911944076
2014-02-18,-0.001947736766050852
2014-02-19,-0.00043829810276548964
2014-02-20,-0.0006229443832361528
2014-02-21,-5.0243764500138935e-05
2014-02-24,-0.002103928578624195
2014-02-25,0.0011517749821969292
2014-02-26,-0.0037295937577767418
2014-02-27,-0.0011568176222130592
2014-02-28,0.0007337963612789994
2014-03-03,-0.002844502837831248
2014-03-04,0.0017681688667111162
2014-03-05,0.0011828212926287482
2014-03-06,0.0017226629696983665
2014-03-07,-0.0011890337054496771
2014-03-10,-0.001575122953349729
2014-03-11,-0.0009540287304452381
2014-03-12,-0.00010501754079043999
2014-03-13,-0.0002477953707018289
2014-03-14,0.0005340753925562815
2014-03-17,0.0013344391237971362
2014-03-18,0.0006175542901070915
2014-03-19,-0.00011180848264583421
2014-03-20,0.001345910515289604
2014-03-21,0.0022834891697227975
2014-03-24,0.002291064691111527
2014-03-25,-0.0015526103693915216
2014-03-26,0.0005444706209787389
2014-03-27,-0.0008363239012347528
2014-03-28,-0.0013076771433995788
2014-03-31,0.0008984055301667586
2014-04-01,0.002573105295935611
2014-04-02,-0.0010295381445132278
2014-04-03,-6.662504370170238e-05
2014-04-04,-0.0009300480454409043
2014-04-07,-0.0017746952874332195
2014-04-08,-0.0007815217101735168
2014-04-09,-0.0006336484267038877
2014-04-10,0.0017613598463297134
2014-04-11,-0.0005497857780713348
2014-04-14,-0.001956839591528287
2014-04-15,0.000582463402984932
2014-04-16,0.0013829597099693813
2014-04-17,0.0016349982955930088
2014-04-21,-0.0004140368935025128
2014-04-22,-0.0008534830219837955
2014-04-23,0.00015129891903694202
2014-04-24,-0.0010572872761504385
2014-04-25,0.00048251844273738064
2014-04-28,0.0012980978428013396
2014-04-29,0.0009860792145268227
2014-04-30,-0.0015178582039800834
2014-05-01,-0.0009573559377978575
2014-05-02,0.0006284502866573627
2014-05-05,0.00043696660651164023
2014-05-06,-0.000773223669872161
2014-05-07,0.0014164287703225414
2014-05-08,-0.0011244816238805094
2014-05-09,7.4857361401031716e-06
2014-05-12,0.0005276357105776169
2014-05-13,-0.0005891226094644033
2014-05-14,-3.937703235158875e-05
2014-05-15,-0.001177071524663428
2014-05-16,0.0009931034470821623
2014-05-19,0.0011290536319915668
2014-05-20,0.00046816871100616793
2014-05-21,-0.0009185221137466584
2014-05-22,0.0015700060738379693
2014-05-23,0.00012648289879994235
2014-05-27,-0.0011658239352597118
2014-05-28,-0.0012444149166394695
2014-05-29,-0.0015519967807819033
2014-05-30,-0.0015386382023429494
2014-06-02,0.0005900186126801244
2014-06-03,0.0005547778386515656
2014-06-04,0.00010994166407545453
2014-06-05,0.00021497359805961377
2014-06-06,0.0008174389036690933
2014-06-09,-0.0023809585675862092
2014-06-10,-0.00014936993421811744
2014-06-11,-0.0008513507733871503
2014-06-12,-0.0011046966088680782
2014-06-13,-0.002159275477399553
2014-06-16,-0.0004893752738651019
2014-06-17,0.0009169685012240289
2014-06-18,0.00047235402110589044
2014-06-19,0.0013264675462370914
2014-06-20,0.0006418208509423558
2014-06-23,0.0011786882951511323
2014-06-24,-0.0009188326260595172
2014-06-25,-0.00033166705618781293
2014-06-26,0.0005886978446809691
2014-06-27,0.0007521681324934463
2014-06-30,0.0012761251623814572
2014-07-01,0.0008661764299172758
2014-07-02,-0.0005274714603497239
2014-07-03,0.0003810891727796831
2014-07-07,0.0004875842611023234
2014-07-08,0.00022645495608183467
2014-07-09,0.0006218835653321606
2014-07-10,-0.00014976076555519267
2014-07-11,-0.00020656323535761956
2014-07-14,9.291138295568783e-06
2014-07-15,0.0012259895112937012
2014-07-16,-2.8507917781892546e-06
2014-07-17,-0.0009458907016222221
2014-07-18,0.0011914438478457137
2014-07-21,-2.996972306858823e-05
2014-07-22,-0.0018630386680992558
2014-07-23,-0.0016046563159218537
2014-07-24,-0.0003864569727496664
2014-07-25,0.002677688867511546
2014-07-28,-0.002788252859560726
2014-07-29,-0.0005157171508913351
2014-07-30,0.0012353420757390925
2014-07-31,-0.004245767452971808
2014-08-01,9.87722909873712e-05
2014-08-04,0.0010953027766836068
2014-08-05,-0.000489905331373082
2014-08-06,0.0019493452274585025
2014-08-07,-0.0008803327053236085
2014-08-08,0.001750452406511733
2014-08-11,0.000369494407661881
2014-08-12,0.0010229710463934933
2014-08-13,0.0016701031016651145
2014-08-14,0.0009174877717482529
2014-08-15,0.003369685102883282
2014-08-18,0.0004015732614550161
2014-08-19,0.0003430235589548616
2014-08-20,-0.00017971060168206466
2014-08-21,0.0002411689234438988
2014-08-22,0.0006421311252643901
2014-08-25,0.0003162564809612851
2014-08-26,-0.0008962869385617847
2014-08-27,-0.0006344754790935599
2014-08-28,0.0007317907871062815
2014-08-29,0.0005074769221320129
2014-09-02,0.002513041399278107
2014-09-03,8.115583209096826e-05
2014-09-04,-0.0002108383422487293
2014-09-05,-0.00040911077973113547
2014-09-08,0.0003661784512353954
2014-09-09,-0.0002481781520042553
2014-09-10,0.0022643177926844516
2014-09-11,-0.001313698188867153
2014-09-12,0.002671145930207162
2014-09-15,-0.0007051674481024472
2014-09-16,-9.412230557030397e-05
2014-09-17,0.0011647754140947384
2014-09-18,0.0008124221749172562
2014-09-19,0.0002924107718829318
2014-09-22,0.0028549860223874603
2014-09-23,-4.4846457229658077e-05
2014-09-24,0.0027584921939116784
2014-09-25,-0.0001043021441905142
2014-09-26,8.918910388581372e-05
2014-09-29,0.0015790646787140895
2014-09-30,0.00175025424862779
2014-10-01,-0.001738212237373836
2014-10-02,-0.0007367962361296739
2014-10-03,0.0028700928712914794
2014-10-06,-0.0013603283420099185
2014-10-07,0.00015994397998016514
2014-10-08,-0.00039283875085697594
2014-10-09,0.00024548778500614555
2014-10-10,-0.0015104808981589563
2014-10-13,-0.002001736131594671
2014-10-14,0.0012306668661119097
2014-10-15,0.00041951946304281197
2014-10-16,0.0020787608012550265
2014-10-17,0.004395522627085174
2014-10-20,0.0005406673179861307
2014-10-21,-0.0004403879261358067
2014-10-22,0.002474253011615824
2014-10-23,-0.002779184672512488
2014-10-24,0.0015258875849205515
2014-10-27,0.0020184368183567636
2014-10-28,-0.0007293684558430047
2014-10-29,-0.0010728402383964992
2014-10-30,-7.063989131904686e-05
2014-10-31,-0.000770452600613321
2014-11-03,0.0006160263817695142
2014-11-04,-0.00010893824346888781
2014-11-05,-0.0023812925555495214
2014-11-06,-0.0014443824326514022
2014-11-07,4.668966980918696e-06
2014-11-10,-0.00046437486003778793
2014-11-11,0.0009564274711463137
2014-11-12,0.0005464166491712227
2014-11-13,0.00012753241730680052
2014-11-14,-0.0004910239778528251
2014-11-17,-0.0008736465839154472
2014-11-18,-0.0008792004508619967
2014-11-19,0.0031233020634812837
2014-11-20,4.360828674409692e-05
2014-11-21,-0.0031102489569146655
2014-11-24,0.0007611884277966993
2014-11-25,0.0011643460580183973
2014-11-26,0.0034494714626931615
2014-11-28,0.0038878495262186924
2014-12-01,0.00029451599380882627
2014-12-02,0.0029115659020186287
2014-12-03,-6.207395323062307e-05
2014-12-04,0.002000440146520972
2014-12-05,0.001001683529992565
2014-12-08,0.0004550700192074992
2014-12-09,0.0004695530440465782
2014-12-10,-0.000624657968410358
2014-12-11,0.0003618417622826566
2014-12-12,0.0010708631902721763
2014-12-15,-0.0016761019330058444
2014-12-16,-0.0024310705093502152
2014-12-17,0.00032029391838032446
2014-12-18,-0.000511912640613784
2014-12-19,-0.002674799959368555
2014-12-22,0.0011920844488440344
2014-12-23,-0.0019114607835321682
2014-12-24,0.001975969023199284
2014-12-26,-0.0006663235363686918
2014-12-29,0.0010027450646176064
2014-12-30,-0.0014635978272046777
2014-12-31,-0.0005179180370622606
2015-01-02,-0.0009947041718426904
2015-01-05,0.0024788479103495117
2015-01-06,0.0001321791718306816
2015-01-07,-0.00020205324637485273
2015-01-08,0.0007366383627105917
2015-01-09,-0.0008996610343532317
2015-01-12,-0.0006372795338165624
2015-01-13,0.001023439603064464
2015-01-14,0.0022058559889138484
2015-01-15,-0.00043530316522689
2015-01-16,0.0003990968706744616
2015-01-20,0.0017069619392593885
2015-01-21,-0.0031600361840373107
2015-01-22,-0.0003891922708029591
2015-01-23,0.00457920309706484
2015-01-26,-4.385208451721533e-07
2015-01-27,0.0016071021926008797
2015-01-28,0.004085813441680956
2015-01-29,0.0004818329607289196
2015-01-30,0.00020502676805335285
2015-02-02,-0.005557050491567354
2015-02-03,-0.00395656401144774
2015-02-04,0.0021803603634847615
2015-02-05,-0.0023778975573814473
2015-02-06,-0.002475952029665036
2015-02-09,-0.003006078622319056
2015-02-10,0.003323242246889749
2015-02-11,0.0023119728644039905
2015-02-12,-0.0006210861801478651
2015-02-13,-0.0012106668835739631
2015-02-17,-0.000620333431853057
2015-02-18,0.00033304444561737243
2015-02-19,0.0005235750313638491
2015-02-20,0.0014846880004933697
2015-02-23,0.002504286151640058
2015-02-24,-0.002661534587830466
2015-02-25,-0.0004649584642726005
2015-02-26,0.0010710791593572819
2015-02-27,-0.0026788030348080596
2015-03-02,0.0009097694582910346
2015-03-03,-0.0007260593655932646
2015-03-04,0.0009728968261081001
2015-03-05,0.0017690405301288607
2015-03-06,0.00038384658450381907
2015-03-09,0.0026479067288197313
2015-03-10,0.0018505006803302324
2015-03-11,-0.0006972765234141749
2015-03-12,-0.0002546410015397921
2015-03-13,0.0025564515844671513
2015-03-16,0.002932567207919423
2015-03-17,0.0011781191899360205
2015-03-18,-0.0014072687216298513
2015-03-19,0.0034704884492544248
2015-03-20,-0.0024290110399751274
2015-03-23,-0.004408284878977115
2015-03-24,0.003038427555409372
2015-03-25,-0.001271347549381214
2015-03-26,0.0017839415048500487
2015-03-27,0.0027910473539266714
2015-03-30,-0.0008268942275601513
2015-03-31,-0.002024076703728825
2015-04-01,-0.00260172223606499
2015-04-02,-0.000494349773945004
2015-04-06,-0.002003462188017501
2015-04-07,-0.0012215342991243922
2015-04-08,0.0010666490671150531
2015-04-09,-0.0019770480711931502
2015-04-10,0.00281791562409319
2015-04-13,-0.0012187991401521195
2015-04-14,-0.003653111570511485
2015-04-15,-0.00256756876653157
2015-04-16,5.190385049216709e-05
2015-04-17,-0.0036333335217424638
2015-04-20,0.0028185711153456148
2015-04-21,0.001693198804488568
2015-04-22,-0.0019045132026732628
2015-04-23,0.00017609240442492699
2015-04-24,-0.0003989034963309127
2015-04-27,-0.0017688483815478284
2015-04-28,-0.0009237448543222565
2015-04-29,-0.003391311446692334
2015-04-30,-0.007051744343528979
2015-05-01,0.0045943586917220275
2015-05-04,0.00203456234139657
2015-05-05,-0.0013516937316483497
2015-05-06,0.0008143466716545398
2015-05-07,0.0030938376799856523
2015-05-08,-0.001024454140615662
2015-05-11,0.002122801841946661
2015-05-12,0.0001862869524632928
2015-05-13,-0.0014564811575255303
2015-05-14,0.0014106648070339397
2015-05-15,-4.4104645206105174e-05
2015-05-18,0.0012052543614390653
2015-05-19,0.0031721054629675113
2015-05-20,-0.002360859216522915
2015-05-21,-0.0023850467300454577
2015-05-22,-0.00040474181066955337
2015-05-26,0.0024718095226575016
2015-05-27,0.002549686563513923
2015-05-28,0.0006968228753664019
2015-05-29,-0.0009215697751634241
2015-06-01,0.001952935787735652
2015-06-02,-0.0022878247792747367
2015-06-03,0.0012697006082459758
2015-06-04,0.0006009684311815649
2015-06-05,-0.0007297503827350428
2015-06-08,0.00022664502810302754
2015-06-09,-0.00024075784863699672
2015-06-10,0.0001482589959016336
2015-06-11,0.0025581521040294783
2015-06-12,0.00023396821628005835
2015-06-15,0.0005165892360640694
2015-06-16,-0.0011002850997940683
2015-06-17,0.0011993215108940852
2015-06-18,0.0027897339772354436
2015-06-19,0.001054905290475481
2015-06-22,0.0002653376562751812
2015-06-23,-8.57740570304091e-05
2015-06-24,4.361554845527253e-06
2015-06-25,0.001974478259526507
2015-06-26,0.0005778788395122495
2015-06-29,0.0009706025381855477
2015-06-30,0.000952844769076427
2015-07-01,0.0023290959378655337
2015-07-02,-0.0015403527751399705
2015-07-06,0.004069728064744042
2015-07-07,-0.0006351386832932331
2015-07-08,0.00318104308177029
2015-07-09,-0.0004180877914042487
2015-07-10,0.00256378878732575
2015-07-13,-6.041166706843427e-05
2015-07-14,-0.002114846537684694
2015-07-15,0.004479734531956232
2015-07-16,0.0022892665710888753
2015-07-17,0.0014556825528260276
2015-07-20,0.002937260309786135
2015-07-21,0.00033310470769136897
2015-07-22,0.0043828358614220585
2015-07-23,-0.0029383349832337287
2015-07-24,0.004300481471473447
2015-07-27,0.0027360341119401907
2015-07-28,-0.0031392845664128147
2015-07-29,-0.0005151822494137543
2015-07-30,-0.001369626642510502
2015-07-31,0.0024652246891101134
2015-08-03,0.0018233374557821193
2015-08-04,0.004606132412585828
2015-08-05,0.0020925303590413687
2015-08-06,-0.00457679413339455
2015-08-07,0.0017531275169250075
2015-08-10,-0.0020809525992945073
2015-08-11,0.0011678637104456855
2015-08-12,-0.0038567197151534757
2015-08-13,0.006796983947045464
2015-08-14,0.0005141006170717075
2015-08-17,0.0018731427423109648
2015-08-18,0.0011672125472638874
2015-08-19,-0.00025731521540680024
2015-08-20,-0.00410604122233465
2015-08-21,-0.005859264002232523
2015-08-24,0.000510530196633151
2015-08-25,0.0020684109526161046
2015-08-26,0.0022030494576408617
2015-08-27,-0.006451479728966758
2015-08-28,-0.004302209967634138
2015-08-31,-0.0037846422658781662
2015-09-01,0.002330507169695109
2015-09-02,0.003964606614099733
2015-09-03,-0.0004629781180062221
2015-09-04,2.0427886655817966e-05
2015-09-08,0.00016162516441658528
2015-09-09,0.0035997143539374323
2015-09-10,0.0011788880146648493
2015-09-11,0.0035399659475100235
2015-09-14,-0.0006164179826143688
2015-09-15,0.0004599872506478333
2015-09-16,-0.004254507299338646
2015-09-17,0.002005536402649607
2015-09-18,0.000293447784207437
2015-09-21,0.0018393544826634874
2015-09-22,0.00023016751134192668
2015-09-23,0.003432687877335994
2015-09-24,-0.005603760040669245
2015-09-25,0.002890438809997129
2015-09-28,-0.0007826810001844102
2015-09-29,-0.0010071742925220864
2015-09-30,-0.0006029181184783358
2015-10-01,0.005655885686099441
2015-10-02,-0.004347676458872329
2015-10-05,-0.005479141051016089
2015-10-06,-0.009337119242128166
2015-10-07,0.0039466142485146925
2015-10-08,-0.0023013776831319922
2015-10-09,0.00029131255845231955
2015-10-12,0.004722085265971169
2015-10-13,-0.0003503483469787435
2015-10-14,-0.005030079640839666
2015-10-15,-0.0006029672362989763
2015-10-16,9.369499100691622e-05
2015-10-19,0.0033046383139620893
2015-10-20,-0.0012564827618622586
2015-10-21,0.0018074711085703647
2015-10-22,-0.00012460384835537286
2015-10-23,0.0028155690643369286
2015-10-26,0.004740607775323729
2015-10-27,0.004756060099395245
2015-10-28,-0.0033463767239118205
2015-10-29,0.003613493702289774
2015-10-30,-0.003186901019578495
2015-11-02,-0.004184766120362639
2015-11-03,-0.0007106625070419267
2015-11-04,0.0012387043828841237
2015-11-05,-0.0016850905476068654
2015-11-06,0.003827850613033988
2015-11-09,0.00048627292679004726
2015-11-10,0.002201439500890102
2015-11-11,0.003954770381793217
2015-11-12,0.001888921114779069
2015-11-13,-0.007376940466068408
2015-11-16,-0.003765014706387054
2015-11-17,0.0016500014963558949
2015-11-18,0.000390711926932625
2015-11-19,0.0034903370749404046
2015-11-20,0.0042263552385936294
2015-11-23,-0.0007824860322497109
2015-11-24,-0.004879342627192201
2015-11-25,0.0004680013850717161
2015-11-27,0.004184598833208526
2015-11-30,-0.0028151501953374734
2015-12-01,0.0012732118795438351
2015-12-02,0.0038381372269307456
2015-12-03,0.0010723908338708711
2015-12-04,0.005595001933980959
2015-12-07,0.007695957503781583
2015-12-08,0.002539409041950626
2015-12-09,-0.005686246748852841
2015-12-10,-0.002780681521650548
2015-12-11,0.0038758453983940657
2015-12-14,0.006682041968083003
2015-12-15,-0.001707988832765927
2015-12-16,0.002873099109728659
2015-12-17,0.003190452755155787
2015-12-18,-0.0021305669192249097
2015-12-21,0.0003634280341091407
2015-12-22,-0.004498282709117049
2015-12-23,-0.012521023666192054
2015-12-24,0.0021075918925852082
2015-12-28,0.005922022962593255
2015-12-29,-0.000980560124108881
2015-12-30,0.0028790249406051615
2015-12-31,-0.005626390070179445
2016-01-04,-0.005187878755808236
2016-01-05,0.0018977145753564847
2016-01-06,0.009366210561795953
2016-01-07,0.005548532685256362
2016-01-08,-0.0009447155580806716
2016-01-11,0.010594787740452576
2016-01-12,0.00475677097877389
2016-01-13,0.0012914439017557987
2016-01-14,-0.006649549434778253
2016-01-15,0.004430737900104972
2016-01-19,0.009276893051406285
2016-01-20,-0.0008984197183538247
2016-01-21,-0.011115238575308524
2016-01-22,-0.0024487167250008598
2016-01-25,0.00944559431393552
2016-01-26,-0.007064557777880139
2016-01-27,-0.005132551262235756
2016-01-28,-0.003674864782758105
2016-01-29,-0.006010928809925938
2016-02-01,0.007082405145766828
2016-02-02,0.005033384585237068
2016-02-03,-0.01685855168590721
2016-02-04,-0.009933552907373544
2016-02-05,-0.013622268552343551
2016-02-08,-0.017549665717313343
2016-02-09,0.00788316033432006
2016-02-10,0.005946961962883149
2016-02-11,-0.0024336536538389244
2016-02-12,0.0015884854294670964
2016-02-16,-0.0014025951849650174
2016-02-17,-0.0012859827834713856
2016-02-18,-0.005006889084050478
2016-02-19,0.005071611297326417
2016-02-22,-0.0023053306199134404
2016-02-23,0.004946331878952649
2016-02-24,0.0023907723881193307
2016-02-25,0.004488840933909615
2016-02-26,-0.0019042759425849409
2016-02-29,0.0011670323612855962
2016-03-01,0.0017457288461924004
2016-03-02,-0.009665288005855406
2016-03-03,-0.009376495413539477
2016-03-04,-0.002623698099585215
2016-03-07,-0.009234259380327223
2016-03-08,0.008864865582783947
2016-03-09,-0.0018676901438774722
2016-03-10,-0.002246310933519255
2016-03-11,-0.0026529952680353565
2016-03-14,0.0031742292908711577
2016-03-15,0.004073744818300504
2016-03-16,-0.005704393851345232
2016-03-17,-0.0017215350975170692
2016-03-18,0.0005490996536605869
2016-03-21,-0.0004957378477505836
2016-03-22,0.00014549963778418215
2016-03-23,0.007581215549182208
2016-03-24,-0.0009661475604457476
2016-03-28,0.0025232289008599697
2016-03-29,0.0008598404218418287
2016-03-30,-0.0006486522600788915
2016-03-31,0.0002794028224053101
2016-04-01,0.00491388060977761
2016-04-04,-0.00038721465952083474
2016-04-05,0.000478621656284479
2016-04-06,-0.0008286545370265909
2016-04-07,0.0005368764509593751
2016-04-08,-0.0031475997307960197
2016-04-11,-0.0020840963902949076
2016-04-12,-0.005626714499677487
2016-04-13,-0.0003585998229744663
2016-04-14,0.0008673009649575001
2016-04-15,0.0024466370931212887
2016-04-18,-0.002041428589788787
2016-04-19,-0.00570268074433381
2016-04-20,0.0005279491355013391
2016-04-21,-0.0012619722640443837
2016-04-22,-0.004441069410601365
2016-04-25,0.0028036337217067467
2016-04-26,-0.0027792709920416367
2016-04-27,-0.003608591079748622
2016-04-28,-0.0019826849766741445
2016-04-29,-0.003519924119681527
2016-05-02,0.0016601863070117512
2016-05-03,0.0045687204496496995
2016-05-04,0.003872266463727597
2016-05-05,-0.0013157504403775188
2016-05-06,0.0038522633237320202
2016-05-09,0.004194178255336403
2016-05-10,-0.0024938091151577345
2016-05-11,0.0002282072963107529
2016-05-12,0.003485416558473763
2016-05-13,0.0015046454329791536
2016-05-16,-0.0010503120008331336
2016-05-17,-0.0020910230279331493
2016-05-18,0.001942011706424673
2016-05-19,-0.00013368856299399357
2016-05-20,-4.043087783442919e-05
2016-05-23,-0.002377973737569179
2016-05-24,0.003624803160151958
2016-05-25,-0.003584415162568535
2016-05-26,0.0012656824023606788
2016-05-27,0.00032904638913905154
2016-05-31,-0.00019548445873595897
2016-06-01,-0.0017882269625274648
2016-06-02,-0.00016897110435363873
2016-06-03,-0.001064416674079832
2016-06-06,-0.003058786789589556
2016-06-07,-0.0005242719536062028
2016-06-08,0.0008755487641548008
2016-06-09,0.0019727113378074494
2016-06-10,0.0011106377519771644
2016-06-13,0.0021709535905929953
2016-06-14,0.0008934561163242568
2016-06-15,-0.0002605721700967778
2016-06-16,0.0015198453891086105
2016-06-17,-0.005106441627609089
2016-06-20,0.001443628320687649
2016-06-21,-0.0010596058318544342
2016-06-22,0.000939915618804447
2016-06-23,-0.0022474092248071374
2016-06-24,0.0048369137949123096
2016-06-27,0.004086183660811193
2016-06-28,-0.0011955488750644953
2016-06-29,-0.0023778449668271
2016-06-30,0.00034338380697103665
2016-07-01,0.0012722852041154313
2016-07-05,0.0045483440277149815
2016-07-06,-0.0002757934441259499
2016-07-07,0.001255757035688335
2016-07-08,-0.0014767521957851565
2016-07-11,-0.0010090897910383302
2016-07-12,-0.0031302958800545166
2016-07-13,2.2313537054584277e-05
2016-07-14,0.0004098439209303859
2016-07-15,-0.0001925954557724408
2016-07-18,-0.0011935311806662086
2016-07-19,0.0011212599924417426
2016-07-20,-0.0020568532807383306
2016-07-21,-0.001239783868727451
2016-07-22,0.0002307847024196275
2016-07-25,0.001169660968699792
2016-07-26,-0.0018431854965558683
2016-07-27,-0.002567815276654962
2016-07-28,0.0008427871842658659
2016-07-29,-0.0009144528460930665
2016-08-01,0.002914302684265455
2016-08-02,0.0012482378823676964
2016-08-03,-0.0014048519222576387
2016-08-04,0.0002421532667756509
2016-08-05,-0.0031443938752299307
2016-08-08,-0.004414560859668243
2016-08-09,0.0022060933282772375
2016-08-10,0.0033641330816633038
2016-08-11,-0.0034541276549266884
2016-08-12,-0.0014976774863940151
2016-08-15,-0.0018334951962761103
2016-08-16,-0.0008379607013646422
2016-08-17,0.0017120221191388037
2016-08-18,-0.0019812214933423986
2016-08-19,-0.0012768906524703182
2016-08-22,0.0009079215177840512
2016-08-23,-0.0007911186206448904
2016-08-24,0.0019434282272838414
2016-08-25,6.437903580680614e-05
2016-08-26,-0.0007828180251511396
2016-08-29,-0.00019658859124816342
2016-08-30,-0.0019554102022649724
2016-08-31,0.001946133340370033
2016-09-01,0.0018471667538851938
2016-09-02,0.0008182306428001685
2016-09-06,-0.0015402959532900488
2016-09-07,-0.002970896708591807
2016-09-08,-0.0011726621399737315
2016-09-09,0.0025055649772883788
2016-09-12,0.00039946914161541265
2016-09-13,0.0016598104568661372
2016-09-14,0.0021406942518982794
2016-09-15,-0.0013871967987250284
2016-09-16,-0.00027091442628724295
2016-09-19,0.000461405783150747
2016-09-20,0.0017355451845968975
2016-09-21,-0.00301242404323028
2016-09-22,-0.0003366479532437167
2016-09-23,0.001939724152554636
2016-09-26,-0.00044934744428679757
2016-09-27,0.0016448965818620567
2016-09-28,-0.003982423742490905
2016-09-29,-0.0023972220703850876
2016-09-30,0.0007777765275489725
2016-10-03,-0.00023613071263308834
2016-10-04,0.0005587541542442021
2016-10-05,-0.003484556384499673
2016-10-06,0.0025763060051815527
2016-10-07,-0.001310970352449153
2016-10-10,-0.0006642967138875937
2016-10-11,0.0001178180708387755
2016-10-12,0.001473433128033193
2016-10-13,0.001286969147190982
2016-10-14,0.0008046158623297896
2016-10-17,0.0010904690337382595
2016-10-18,-0.0010747752751304426
2016-10-19,-0.002697608748819847
2016-10-20,-0.0015955714773998977
2016-10-21,0.0009964231393572135
2016-10-24,0.0008230038603877905
2016-10-25,9.375525232495215e-05
2016-10-26,-0.0015992422440347287
2016-10-27,-0.0004522627523689088
2016-10-28,-0.0031429762423072906
2016-10-31,0.0011355448616862194
2016-11-01,0.0030349138551652856
2016-11-02,0.0012568192229076556
2016-11-03,1.520417042018635e-05
2016-11-04,-0.0003468390300669392
2016-11-07,0.0015575865442968692
2016-11-08,0.0006677751273583444
2016-11-09,-0.0017129705187392964
2016-11-10,-0.0055803690038632205
2016-11-11,8.752910361901855e-05
2016-11-14,-0.004887085402589168
2016-11-15,0.002670720622686906
2016-11-16,0.0011874253900115354
2016-11-17,0.0011984061609457578
2016-11-18,0.0011188356577308553
2016-11-21,-0.0010576386173067223
2016-11-22,-0.00071723463823411
2016-11-23,-0.0014784278379819623
2016-11-25,0.00013315472334042555
2016-11-28,-0.0002626179526422688
2016-11-29,0.003969754463903081
2016-11-30,-0.002755475464039725
2016-12-01,-0.0016581094791787729
2016-12-02,-0.0015970914636836715
2016-12-05,0.00021036216743154377
2016-12-06,-0.0008620389747687908
2016-12-07,-0.0032740137295796147
2016-12-08,-0.0014671349107747555
2016-12-09,0.0003215062748784199
2016-12-12,0.0028646052780204132
2016-12-13,0.001299427540207498
2016-12-14,0.0022498570424098114
2016-12-15,0.0007854982655734072
2016-12-16,0.0009982298160256045
2016-12-19,-0.00032554517695277313
2016-12-20,-0.0006680876811151704
2016-12-21,0.0002793715388907082
2016-12-22,-0.0005469678496075202
2016-12-23,0.0006013966603243474
2016-12-27,0.0012373465963795593
2016-12-28,0.0012082385128825992
2016-12-29,0.0009652891746119528
2016-12-30,-0.0011618204546100914
2017-01-03,-0.0018137572243155605
2017-01-04,0.00022694099394213164
2017-01-05,0.0023325398606460776
2017-01-06,0.0013702998036958522
2017-01-09,-0.0009710128833499587
2017-01-10,-0.0003119231603619981
2017-01-11,-0.0029987101480953254
2017-01-12,0.000469919059016118
2017-01-13,0.0003492584944472048
2017-01-17,-0.002654238807247373
2017-01-18,-0.002159374507259173
2017-01-19,0.0009376768612216513
2017-01-20,-0.0014401964667790645
2017-01-23,0.0016187540064382371
2017-01-24,-0.004065654677654129
2017-01-25,-0.0018434972487039235
2017-01-26,0.000349468750156314
2017-01-27,0.0013973912655996406
2017-01-30,-0.0005684959736551814
2017-01-31,0.00011203045801782413
2017-02-01,0.004510755769375276
2017-02-02,0.0024322300869504183
2017-02-03,-0.0029531734586991064
2017-02-06,0.0006127142735138599
2017-02-07,0.0049959146738690775
2017-02-08,-0.00024132221125753838
2017-02-09,-0.00047329218634562675
2017-02-10,-0.0011640919435120438
2017-02-13,0.0012776057452799552
2017-02-14,-0.001938801083409225
2017-02-15,0.001755609304809445
2017-02-16,0.0016941074216468928
2017-02-17,-0.00018509557892688834
2017-02-21,0.001979102486989922
2017-02-22,-0.0010929669804058994
2017-02-23,0.00017921368653513308
2017-02-24,0.0002991271306771526
2017-02-27,-0.0015900069806877165
2017-02-28,0.003228950911006737
2017-03-01,0.0017143319205434862
2017-03-02,-0.0012313787950918719
2017-03-03,-0.00046768820738168947
2017-03-06,0.002310277462654471
2017-03-07,0.0016328883272240457
2017-03-08,-0.0003918938055766145
2017-03-09,0.001490541072343815
2017-03-10,0.0010148291909093353
2017-03-13,0.0012438743967840007
2017-03-14,0.0007647031361585206
2017-03-15,0.0005848039113352715
2017-03-16,0.0007849930310268167
2017-03-17,0.001618180108198212
2017-03-20,0.0023506380658221983
2017-03-21,0.0016263330483411238
2017-03-22,0.001709035415920991
2017-03-23,-0.002177332679270626
2017-03-24,-0.0012829480438865963
2017-03-27,0.0007137770946872681
2017-03-28,-0.001374687517986286
2017-03-29,-0.0008015599157853874
2017-03-30,0.0009189392803356007
2017-03-31,-0.0006859029293251948
2017-04-03,0.0026250140601188523
2017-04-04,-0.00011879199805896286
2017-04-05,-0.0010670887981674218
2017-04-06,-0.0003445775778679105
2017-04-07,0.0006978247258913503
2017-04-10,-0.002382337018416965
2017-04-11,0.00023150715507862037
2017-04-12,0.0006530656438908173
2017-04-13,-0.00027971631034907375
2017-04-17,0.001370645396106272
2017-04-18,0.00198293681227633
2017-04-19,-0.00029711658391604404
2017-04-20,-0.0010779550067192322
2017-04-21,0.0002532545071793617
2017-04-24,0.0007323852611280076
2017-04-25,0.00011026841185471495
2017-04-26,-0.0016474231470055057
2017-04-27,0.0025877287525331795
2017-04-28,-0.0018341788011553529
2017-05-01,0.0009309136243790284
2017-05-02,-0.003418705598151399
2017-05-03,-0.0015509752403413202
2017-05-04,0.002289384388059113
2017-05-05,-0.0006220044565734013
2017-05-08,0.0017779168100731395
2017-05-09,2.9802609086898926e-05
2017-05-10,0.0007728133595800614
2017-05-11,0.001193692320311934
2017-05-12,0.0023056068571429803
2017-05-15,3.589906769142043e-05
2017-05-16,0.0029851511288712437
2017-05-17,-0.001461615821178888
2017-05-18,0.002120878936701614
2017-05-19,-0.0006498009650867016
2017-05-22,0.0006168884247199584
2017-05-23,-0.0012901869567636735
2017-05-24,0.0013856829461875945
2017-05-25,0.002644207907409325
2017-05-26,0.0033155871695683434
2017-05-30,0.0009776927897308947
2017-05-31,0.0010475079085356094
2017-06-01,-7.545054226986535e-05
2017-06-02,0.002967755426450869
2017-06-05,-0.00015726780364052652
2017-06-06,-1.90179015507495e-05
2017-06-07,0.0006744365576466931
2017-06-08,0.0014131496411003415
2017-06-09,-0.00627757611724051
2017-06-12,-0.003652388818121591
2017-06-13,0.0031547528411857376
2017-06-14,0.00029293472142820907
2017-06-15,-0.0010636394510866389
2017-06-16,-0.004279344848168292
2017-06-19,0.002493020868791895
2017-06-20,-0.0002658166934727375
2017-06-21,0.0018419408094918878
2017-06-22,-0.0033378809918697128
2017-06-23,-0.0006494285055001353
2017-06-26,-0.0027666035627692447
2017-06-27,-0.002484624008826946
2017-06-28,0.001532371562333209
2017-06-29,-0.0027011344126133554
2017-06-30,0.00039590057547286237
2017-07-03,-0.0029496975949861977
2017-07-05,0.004147155473253176
2017-07-06,0.0037418892508243283
2017-07-07,0.0014455417606183433
2017-07-10,0.0032124789159297873
2017-07-11,0.0019155485761977165
2017-07-12,0.0016388333437094272
2017-07-13,-0.002846319864247014
2017-07-14,0.00021115503647075183
2017-07-17,-0.0016714325446448054
2017-07-18,0.0026277937055612798
2017-07-19,-0.0007639383256744577
2017-07-20,-0.0015179878372013384
2017-07-21,-0.0005594310889659919
2017-07-24,0.003228884455198066
2017-07-25,-0.0028861314077189
2017-07-26,7.650099731864247e-05
2017-07-27,-0.004882248494370032
2017-07-28,0.0007019769879093996
2017-07-31,0.00018569420356935658
2017-08-01,0.0005688504265988684
2017-08-02,0.0011947048655303377
2017-08-03,-0.0005775315293036823
2017-08-04,-0.0012349654793427645
2017-08-07,0.0004880551629827505
2017-08-08,-0.0010725310858804892
2017-08-09,0.0022183982695522233
2017-08-10,-0.0010200461199493548
2017-08-11,0.0021686797592027677
2017-08-14,0.0007979275175748896
2017-08-15,0.004648167050489967
2017-08-16,-0.0011257773840758047
2017-08-17,-0.0001838777885727449
2017-08-18,0.0011619598097612903
2017-08-21,0.0005775639756440986
2017-08-22,0.0010679429190120617
2017-08-23,-0.0005877478942306681
2017-08-24,-0.00420634949567635
2017-08-25,-0.006192398484484847
2017-08-28,0.00031455358184427195
2017-08-29,-0.001357888156126558
2017-08-30,-0.00034962912075852526
2017-08-31,0.0003982604098868006
2017-09-01,-0.0002672516447907716
2017-09-05,-0.0008670053149203603
2017-09-06,0.0008864895685394049
2017-09-07,-3.552312535391055e-05
2017-09-08,0.0003656745672685154
2017-09-11,0.0015750957778182533
2017-09-12,-0.0005277207965713253
2017-09-13,-0.0022773910358930938
2017-09-14,0.002514224722488633
2017-09-15,0.0004311571330686033
2017-09-18,0.003522390818939448
2017-09-19,0.001991559976583761
2017-09-20,0.0011493035974632978
2017-09-21,0.0018462087111967662
2017-09-22,0.0002555297424748949
2017-09-25,-0.00365231533269602
2017-09-26,-0.0014263865141364391
2017-09-27,0.00207125637962765
2017-09-28,0.0007316825672949437
2017-09-29,0.0008348616016752498
2017-10-02,0.0008489820055765816
2017-10-03,0.0004135205853490266
2017-10-04,0.0025790864727260167
2017-10-05,-0.00010999092148990686
2017-10-06,0.0013946280119497305
2017-10-09,0.0015339971361046324
2017-10-10,-0.0008922760590591132
2017-10-11,0.0012471802029513205
2017-10-12,0.0006966606018260627
2017-10-13,-0.0007520102526935046
2017-10-16,0.0006088904240881099
2017-10-17,-0.0013672696676563954
2017-10-18,0.00014862058372054233
2017-10-19,0.0013460522598185008
2017-10-20,0.0004917506930429339
2017-10-23,0.0005745989158251228
2017-10-24,0.001067911148512252
2017-10-25,7.47763901163485e-05
2017-10-26,0.0038383322440722453
2017-10-27,0.0043850319904971125
2017-10-30,0.0029196899212401628
2017-10-31,0.0027474290377559277
2017-11-01,-0.0002240387906839718
2017-11-02,0.0001539088295409923
2017-11-03,-0.0010205586913031085
2017-11-06,0.0018572808337943153
2017-11-07,-0.0005620918281724278
2017-11-08,-0.0004405824034498358
2017-11-09,-0.004440696327800066
2017-11-10,0.0019787810017014846
2017-11-13,0.0013080980681203615
2017-11-14,0.0016419406180267246
2017-11-15,-0.0006963495949371051
2017-11-16,0.002763169263502676
2017-11-17,-0.00011731282026029308
2017-11-20,0.0022008623322419874
2017-11-21,0.0022140402776406882
2017-11-22,-0.0022945503184209895
2017-11-24,0.0011408086930355184
2017-11-27,-0.0006429431819802277
2017-11-28,-0.00045608319904003004
2017-11-29,-0.006363706815828479
2017-11-30,0.0011841067626736413
2017-12-01,-0.0005572155461010295
2017-12-04,-0.005529812475593966
2017-12-05,0.0015986574039161443
2017-12-06,0.00032131059717337694
2017-12-07,0.002423904810353446
2017-12-08,-0.001154374955617794
2017-12-11,-0.001341033463048028
2017-12-12,-0.0019144637250224595
2017-12-13,0.0006523387375578388
2017-12-14,0.0004947865870528367
2017-12-15,-0.0011285355161505398
2017-12-18,0.0007523092224564877
2017-12-19,0.0018399827555083577
2017-12-20,0.0017543985799256187
2017-12-21,0.00029170242138133214
2017-12-22,-0.0010451455884510864
2017-12-26,-0.001236776622204303
2017-12-27,0.0004312435393502494
2017-12-28,0.0002749816605683462
2017-12-29,-0.00040829938559353365
2018-01-02,0.0014813393661387009
2018-01-03,0.001076346600792546
2018-01-04,0.000828006828672117
2018-01-05,0.0005497635404707337
2018-01-08,0.0020554735777607563
2018-01-09,0.001748326793862876
2018-01-10,0.002288951325046843
2018-01-11,0.0003606821969966925
2018-01-12,0.0002165315621755825
2018-01-16,-0.000906414650015989
2018-01-17,0.0012252627159159918
2018-01-18,0.0002851758174772101
2018-01-19,0.0001265880888416163
2018-01-22,-0.0008954076797345399
2018-01-23,-0.0007653993496955301
2018-01-24,-0.0031935146453418196
2018-01-25,-0.002594800304067172
2018-01-26,0.002463323886776234
2018-01-29,0.0003394669536307988
2018-01-30,-0.00022951673315991725
2018-01-31,0.0011044341863062882
2018-02-01,0.004372552500081231
2018-02-02,-0.0016343123076789847
2018-02-05,0.005746708541729121
2018-02-06,-0.0046634042760355255
2018-02-07,-0.0018056467867658813
2018-02-08,0.005944847264650432
2018-02-09,-0.0016775720030219282
2018-02-12,-0.0015304386583122886
2018-02-13,-0.003997902681204438
2018-02-14,-0.00011119190927267832
2018-02-15,-0.0002578425943631343
2018-02-16,0.0009804714012917792
2018-02-20,0.00027570066869283773
2018-02-21,0.0007486405307811118
2018-02-22,-9.24498159505777e-05
2018-02-23,-0.0012172710497098441
2018-02-26,-0.0023649756581898755
2018-02-27,-0.0018951885854743573
2018-02-28,0.0010999796541116425
2018-03-01,0.002611615986772973
2018-03-02,0.0002802385812544108
2018-03-05,-0.000330052665270355
2018-03-06,0.0008945476771960627
2018-03-07,-0.0023203993141754954
2018-03-08,6.464586062175817e-06
2018-03-09,-0.00022489463989545529
2018-03-12,-0.0006346874107705398
2018-03-13,0.0013715497592486834
2018-03-14,-0.0011745408773009202
2018-03-15,-0.0006960455585341732
2018-03-16,0.000995912921948509
2018-03-19,0.0026262924792318744
2018-03-20,-0.000512088424960732
2018-03-21,0.0016305304714836178
2018-03-22,0.0007251656360631563
2018-03-23,0.0014874705322806818
2018-03-26,-0.0025854031925584497
2018-03-27,0.002380443128923588
2018-03-28,0.0013820662904872245
2018-03-29,0.0004535716754446905
2018-04-02,0.0004676311626109399
2018-04-03,0.001108741080834229
2018-04-04,-0.002344397634898577
2018-04-05,-0.000591324854071326
2018-04-06,0.0002883864411658119
2018-04-09,-0.0008730171793159587
2018-04-10,-0.0010904651766418876
2018-04-11,0.0004068046818736158
2018-04-12,-0.0010443462585207816
2018-04-13,-0.001385776697363484
2018-04-16,0.0017225596348847119
2018-04-17,-0.0009845799007973857
2018-04-18,0.0013278211373125726
2018-04-19,0.0012682273716082579
2018-04-20,6.491309292817432e-05
2018-04-23,-0.0006814032106527396
2018-04-24,-7.385249000295738e-05
2018-04-25,0.002392918821756652
2018-04-26,-0.0015851562034016442
2018-04-27,-0.0009053360746382131
2018-04-30,-0.0042700729154106975
2018-05-01,-0.0017407310496609842
2018-05-02,-0.0016828254054080678
2018-05-03,-0.0009365964746522977
2018-05-04,-0.00035967216038991414
2018-05-07,0.0009194619702606434
2018-05-08,0.002314255067088671
2018-05-09,-0.0005731077606543864
2018-05-10,-0.001090982777350719
2018-05-11,0.0015554358087007964
2018-05-14,-0.00028907465419376053
2018-05-15,0.00105618751711136
2018-05-16,0.0007487800481583421
2018-05-17,0.001510775410059815
2018-05-18,-0.0008272021783900628
2018-05-21,0.0008275853927258609
2018-05-22,-0.000477181081990162
2018-05-23,-0.0009810451256490448
2018-05-24,0.0022441864658682862
2018-05-25,-0.0021572620955021765
2018-05-29,-0.001673216153130949
2018-05-30,-0.00012168918403716246
2018-05-31,-0.0009078063560217944
2018-06-01,-0.0010657409994648318
2018-06-04,0.005146525149285211
2018-06-05,-0.0013812520982016655
2018-06-06,0.0017203652855040073
2018-06-07,-0.0016492226008903467
2018-06-08,-0.00043981155431398883
2018-06-11,-0.0011872802987853623
2018-06-12,0.000671269678762835
2018-06-13,0.0008070336985895547
2018-06-14,-0.001993897855729207
2018-06-15,-0.0014394983170014544
2018-06-18,-0.0002492911768460525
2018-06-19,0.001709286966668336
2018-06-20,0.0012754692232725662
2018-06-21,0.0013888649625941427
2018-06-22,-0.0026195231542514787
2018-06-25,-0.0032835571622018946
2018-06-26,0.0005474052991446315
2018-06-27,-0.0007910995288230113
2018-06-28,6.288955811779349e-06
2018-06-29,-0.0029882819346911805
2018-07-02,0.0035304098457547826
2018-07-03,-0.0012612387501675362
2018-07-05,-0.0026371262558116696
2018-07-06,-0.00036434054051082685
2018-07-09,0.002148568505649547
2018-07-10,-0.0017372912040127982
2018-07-11,0.0021529170096721752
2018-07-12,0.0017128570945952521
2018-07-13,-0.00020696861942974483
2018-07-16,0.004566066445410858
2018-07-17,0.001993674321687355
2018-07-18,0.0025055816724442923
2018-07-19,-0.003025039055283821
2018-07-20,0.0023621814648949833
2018-07-23,-0.0003393246765572873
2018-07-24,0.0005967642892815611
2018-07-25,0.0008378642857230682
2018-07-26,-0.0020965550798579535
2018-07-27,-0.0009342090975961836
2018-07-30,-0.0072547418839439895
2018-07-31,-0.0012340243324495714
2018-08-01,0.006233373608050895
2018-08-02,0.004898265797480882
2018-08-03,-0.0016894609732656
2018-08-06,0.0019206368301983429
2018-08-07,0.004122235035977066
2018-08-08,0.003218425784795784
2018-08-09,0.0011926214039062154
2018-08-10,0.0017685885656538178
2018-08-13,-0.001104380153133245
2018-08-14,0.003046094086626867
2018-08-15,0.00021914762334632998
2018-08-16,0.0011862750518611051
2018-08-17,0.0003845184102835818
2018-08-20,0.0009434624532621768
2018-08-21,0.002867024445355841
2018-08-22,0.0006806989940299308
2018-08-23,0.0032300417681877815
2018-08-24,0.0005714056631035892
2018-08-27,0.0019357778209997453
2018-08-28,0.00033409861721331335
2018-08-29,-0.0009040380383238853
2018-08-30,0.0008031106126404456
2018-08-31,0.003448326647471548
2018-09-04,0.005458775374512343
2018-09-05,-0.00411198289396652
2018-09-06,0.0007487591522341478
2018-09-07,-0.0006194164123684298
2018-09-10,-0.0007648240584529712
2018-09-11,0.001229837841455656
2018-09-12,-0.004607908806084128
2018-09-13,-0.002906550052130422
2018-09-14,-0.002124918889928858
2018-09-17,-0.004831171400528555
2018-09-18,0.0014615171492072467
2018-09-19,-0.00380900762640349
2018-09-20,-0.0011353980473127864
2018-09-21,-0.0013545983958839103
2018-09-24,0.0028472724343640227
2018-09-25,0.0036585039769118192
2018-09-26,-0.0011287281789989318
2018-09-27,0.001302010627718471
2018-09-28,0.00017784869947536726
2018-10-01,-0.0010759110887625968
2018-10-02,-0.002090625436360757
2018-10-03,0.0015753482209745445
2018-10-04,-0.0011127904057007074
2018-10-05,0.002159557682272592
2018-10-08,-0.0024295540874695472
2018-10-09,-0.00042819259072568623
2018-10-10,-0.004661589710471953
2018-10-11,0.0026203001113231953
2018-10-12,0.0006529041555840246
2018-10-15,-0.0029306047183110815
2018-10-16,-0.0020466433727632455
2018-10-17,-0.006549478002038328
2018-10-18,0.00027682564274976847
2018-10-19,-0.0023649609915256855
2018-10-22,0.0004525744513096731
2018-10-23,-0.0023421158898011105
2018-10-24,-0.009720111041570023
2018-10-25,0.003048030692155991
2018-10-26,0.002052051772582411
2018-10-29,-0.005253917457004233
2018-10-30,-0.00545297200301711
2018-10-31,0.007622847679301881
2018-11-01,6.996390257455399e-05
2018-11-02,0.002096206110683393
2018-11-05,-0.0038381282129476813
2018-11-06,0.0006898848585796876
2018-11-07,0.00366215011076941
2018-11-08,-0.00021030464256576397
2018-11-09,0.0011861272456784588
2018-11-12,-0.00322364877413487
2018-11-13,-0.0006639595713005083
2018-11-14,-0.004029807682760522
2018-11-15,0.0017455760994844955
2018-11-16,0.002129870934818809
2018-11-19,-0.005412282886304242
2018-11-20,-0.0006909937299544365
2018-11-21,-0.002369790366021483
2018-11-23,-0.0016712002000797749
2018-11-26,0.003171491391703978
2018-11-27,3.6770198841802326e-05
2018-11-28,0.004983765498815736
2018-11-29,0.00010289000745450405
2018-11-30,0.002252124683600883
2018-12-03,0.0021252744129369662
2018-12-04,-0.0036096092924294654
2018-12-06,0.0017488286285389475
2018-12-07,-0.0037130434948522903
2018-12-10,0.0033518012152909792
2018-12-11,-0.0006704082255983882
2018-12-12,0.0020941784310465955
2018-12-13,-0.0017490498115411773
2018-12-14,-0.0020706651022889054
2018-12-17,-0.0019500505360604556
2018-12-18,0.0009101748166538344
2018-12-19,-0.00344349142478418
2018-12-20,-0.003211813587803479
2018-12-21,-0.001406939335068387
2018-12-24,-0.00097977968682137
2018-12-26,0.0026354096387975236
2018-12-27,0.0008076492247838206
2018-12-28,0.00013346068475295243
2018-12-31,0.0002014862887681516
2019-01-02,-0.0037748206854186887
2019-01-03,-0.0013514147161985616
2019-01-04,0.0021255863177137304
2019-01-07,-0.0002556974657401326
2019-01-08,0.0006158037210300156
2019-01-09,0.0009223781453836572
2019-01-10,0.0005089435933760625
2019-01-11,-0.00022666446444934824
2019-01-14,-0.00010421164982940456
2019-01-15,0.0013150621839299167
2019-01-16,0.0009718951412263115
2019-01-17,0.0014310990403774335
2019-01-18,-0.0034208886694696555
2019-01-22,-0.0009109942775834093
2019-01-23,-0.0006933750926537725
2019-01-24,-0.0011536171435306548
2019-01-25,0.0004085875480328818
2019-01-28,4.01397015649429e-05
2019-01-29,0.0032517859723842947
2019-01-30,0.003394260595937625
2019-01-31,-0.0031660744817394943
2019-02-01,0.002110802728436873
2019-02-04,0.0006653466254230235
2019-02-05,-0.0014711084923859832
2019-02-06,-0.0010436862052618666
2019-02-07,-0.0020395690659983368
2019-02-08,0.0019196539288220988
2019-02-11,-0.0007768686580278377
2019-02-12,-0.0016898642979898694
2019-02-13,0.00028101000305662786
2019-02-14,0.00046406659897617656
2019-02-15,-0.00028012628445086646
2019-02-19,-0.003995018134931959
2019-02-20,-0.0016326130560918725
2019-02-21,-0.001064325664839092
2019-02-22,0.002714584682561885
2019-02-25,-0.0009737297197508077
2019-02-26,0.000422430811719225
2019-02-27,0.002747280099238944
2019-02-28,0.0011919060955456159
2019-03-01,0.0019474072089169536
2019-03-04,0.0006821973448496777
2019-03-05,0.000518043988843536
2019-03-06,0.0006810093332616924
2019-03-07,0.0011713539463723101
2019-03-08,-0.00015796731106204698
2019-03-11,-0.00023118540697923584
2019-03-12,0.00021485935496818584
2019-03-13,-0.0007831737035158431
2019-03-14,0.0007212576417402013
2019-03-15,-6.537792907590857e-05
2019-03-18,-0.00128491260340217
2019-03-19,0.0006693280435317905
2019-03-20,-0.0006444655944764464
2019-03-21,-0.0024940309379532684
2019-03-22,-0.000447100404723455
2019-03-25,0.002089473643714904
2019-03-26,0.0010129771616563866
2019-03-27,-0.0007266921703079955
2019-03-28,0.001395093018535131
2019-03-29,0.0006839695760088074
2019-04-01,0.0006485829368822411
2019-04-02,0.0017588694588571807
2019-04-03,-0.00048052355417986677
2019-04-04,-0.002448888009375931
2019-04-05,0.0007333325467852154
2019-04-08,0.00020811079918287218
2019-04-09,0.0004905713429630437
2019-04-10,-0.00044899449305191134
2019-04-11,-4.7452529348743874e-05
2019-04-12,-0.00025686808884816325
2019-04-15,0.000301610199744224
2019-04-16,0.0013528435720979643
2019-04-17,0.0036578219335718543
2019-04-18,-0.00017234745038419153
2019-04-22,0.0008133544772671096
2019-04-23,0.0014426286661183244
2019-04-24,-0.0006317472923114882
2019-04-25,0.0015505404602807113
2019-04-26,-0.00023619969316888967
2019-04-29,-1.7570176165316353e-05
2019-04-30,0.0010081111934977008
2019-05-01,0.0003195251614434195
2019-05-02,0.0009830414271691458
2019-05-03,-0.0012001925674913346
2019-05-06,0.00013035879185222633
2019-05-07,-0.0005084959352122301
2019-05-08,0.0004069467555067952
2019-05-09,0.0026596977285455532
2019-05-10,0.0005149373072177527
2019-05-13,1.3042453432808173e-05
2019-05-14,0.0008132509764621687
2019-05-15,-0.00020322987583964327
2019-05-16,0.0035653644503287484
2019-05-17,0.003144460244444101
2019-05-20,0.0028685568349305045
2019-05-21,0.0005961559667312128
2019-05-22,0.002486310577168759
2019-05-23,0.001515586377951311
2019-05-24,-0.0009496388795643099
2019-05-28,0.0006608390043202125
2019-05-29,-0.002738026570207917
2019-05-30,0.002831018422980753
2019-05-31,0.0009135417489541327
2019-06-03,-0.0020091482363724378
2019-06-04,-0.0012129017467924408
2019-06-05,0.0032639513925753795
2019-06-06,-0.0024545681555389865
2019-06-07,0.0008689531890882982
2019-06-10,-0.0023627666349035573
2019-06-11,-0.003002798201238674
2019-06-12,0.0024956513702007444
2019-06-13,-0.003976241681215952
2019-06-14,0.00172405714081505
2019-06-17,0.0008304458478236425
2019-06-18,-0.0015625423485693631
2019-06-19,0.0019573291171098186
2019-06-20,-0.0018472621364901628
2019-06-21,-0.0012176498527210222
2019-06-24,0.0011935171653126642
2019-06-25,0.00020512988818151685
2019-06-26,-0.005188039191615215
2019-06-27,0.0009804599430697065
2019-06-28,-0.00029402724274927514
2019-07-01,0.001386941712766512
2019-07-02,0.002129483073754495
2019-07-03,0.0023061473691153873
2019-07-05,0.00193294639098597
2019-07-08,0.002087592319955782
2019-07-09,0.002275141290063468
2019-07-10,-0.0016347747564120958
2019-07-11,0.0018217313072507884
2019-07-12,-0.0008597651086147726
2019-07-15,0.0036418551185831713
2019-07-16,0.001236013065396759
2019-07-17,-0.00014472955587867487
2019-07-18,0.0007176346804836474
2019-07-19,-0.0026034844840345027
2019-07-22,0.0008589584623001313
2019-07-23,-0.0005889191475125303
2019-07-24,-0.002034362127725115
2019-07-25,0.0025793935780102665
2019-07-26,0.001998899739217545
2019-07-29,0.001890140821785271
2019-07-30,-0.002936480187037562
2019-07-31,-0.0008704731330098289
2019-08-01,0.0013344735218607437
2019-08-02,-0.0002545960950784673
2019-08-05,-0.001573863280398481
2019-08-06,0.005502119502041047
2019-08-07,0.002195115145385683
2019-08-08,0.001959605463176575
2019-08-09,0.004537216771608818
2019-08-12,0.0007241908921993669
2019-08-13,0.0003506954632663176
2019-08-14,0.00014260759566866213
2019-08-15,0.0037239558584589083
2019-08-16,-0.001535843755864302
2019-08-19,-0.0021203003768016184
2019-08-20,0.0012548995483032581
2019-08-21,0.003851894865979702
2019-08-22,-0.0018239327419162228
2019-08-23,0.0016606021396318857
2019-08-26,0.0005556381902318473
2019-08-27,0.0030348778648428623
2019-08-28,-0.00273065780487149
2019-08-29,-0.003766179686703762
2019-08-30,-0.0030536754647328777
2019-09-03,0.0024682096299808317
2019-09-04,-0.0023103803859656786
2019-09-05,-0.004931759510012923
2019-09-06,0.0006725984341190455
2019-09-09,-0.011120567579853538
2019-09-10,-0.012804392940784125
2019-09-11,-0.006166115398049729
2019-09-12,0.0009048154533887107
2019-09-13,-0.0015856475495331576
2019-09-16,0.0009733447588653194
2019-09-17,0.0048874798571953045
2019-09-18,0.002239406435683119
2019-09-19,0.0028221609889230105
2019-09-20,0.001757160129716434
2019-09-23,-0.0013201694650930935
2019-09-24,0.002058693249677133
2019-09-25,-0.003127791754896329
2019-09-26,0.00026153682050573273
2019-09-27,-0.0020736124562622956
2019-09-30,-0.00032795073170598414
2019-10-01,0.00252954803138851
2019-10-02,0.002209630828057713
2019-10-03,-0.0008420014591430443
2019-10-04,0.002762652256744995
2019-10-07,3.0895579018434444e-05
2019-10-08,0.0033036543029761295
2019-10-09,0.002590810259533402
2019-10-10,-0.00031068150128375175
2019-10-11,-0.006435473521665341
2019-10-14,0.0013224770253868075
2019-10-15,0.0001374102706395911
2019-10-16,-0.0019835279912684975
2019-10-17,0.0008051019401716725
2019-10-18,0.00045714694381930756
2019-10-21,-0.004329500765657588
2019-10-22,-0.011216315347110355
2019-10-23,-0.001825317700742477
2019-10-24,-0.005031022896257598
2019-10-25,-0.0022163874008886593
2019-10-28,-0.0038562972569159714
2019-10-29,0.0052613782100522965
2019-10-30,0.005412246584103517
2019-10-31,0.006142501617050394
2019-11-01,-0.00716534306559299
2019-11-04,-0.004962793158399931
2019-11-05,-0.0019506451151287008
2019-11-06,0.001906109710996642
2019-11-07,-0.0007094018427378624
2019-11-08,0.0009532621927082249
2019-11-11,0.001954740256692604
2019-11-12,0.002187513205528711
2019-11-13,0.004121625600752791
2019-11-14,0.0018420884650885527
2019-11-15,-0.002822232689112265
2019-11-18,0.006629878922140029
2019-11-19,0.0044925343695960225
2019-11-20,0.001478583448553658
2019-11-21,-0.002385698382812505
2019-11-22,-0.0027606170591417973
2019-11-25,-0.006091906190084465
2019-11-26,0.0049657671465810505
2019-11-27,-0.004083434667758168
2019-11-29,0.0004431285970657996
2019-12-02,-0.00040168244163009615
2019-12-03,0.006715454263368839
2019-12-04,-0.004526898135362411
2019-12-05,0.001671983100843861
2019-12-06,-0.003587595238304523
2019-12-09,0.00018650451033616104
2019-12-10,-0.0010244926448930774
2019-12-11,-8.349184254130466e-05
2019-12-12,-0.007111245819700661
2019-12-13,0.003834295409364195
2019-12-16,0.0006645507605006547
2019-12-17,-0.0008927537250907399
2019-12-18,-0.0005578938552618632
2019-12-19,0.0012556227219420772
2019-12-20,0.001595063592704289
2019-12-23,-0.0019286703191862908
2019-12-24,-0.00025883149289897115
2019-12-26,5.764612462330686e-05
2019-12-27,0.002575316860629156
2019-12-30,9.212838007998427e-06
2019-12-31,-0.0016093085421960876
2020-01-02,0.0029080990893789746
2020-01-03,0.0011299227949712924
2020-01-06,-0.00039588595841570575
2020-01-07,-0.005153480248182192
2020-01-08,0.002803938563702968
2020-01-09,0.0019387825192582094
2020-01-10,0.0006106340489435819
2020-01-13,0.0013603881384933933
2020-01-14,-0.004228823824696685
2020-01-15,0.000805360380136081
2020-01-16,-0.0015997368713067278
2020-01-17,0.0010762659222107783
2020-01-21,0.004007647986025165
2020-01-22,0.0023670813048782416
2020-01-23,-0.0003900600366098822
2020-01-24,0.004457917927852487
2020-01-27,0.005013438561278062
2020-01-28,-0.0004984720294787699
2020-01-29,0.00024272279227097475
2020-01-30,0.0005063864490568951
2020-01-31,0.0006282057963529462
2020-02-03,0.0007439333675670438
2020-02-04,-0.0012365518746093338
2020-02-05,-0.0043046493888363735
2020-02-06,0.0009662051096311671
2020-02-07,0.0002881697632288121
2020-02-10,0.0006668300170969267
2020-02-11,0.0006377377702290962
2020-02-12,0.002043196005316567
2020-02-13,-5.233376438115099e-05
2020-02-14,0.004481786827702609
2020-02-18,0.006499098316710503
2020-02-19,-0.000681894977788577
2020-02-20,-0.0004012494962882011
2020-02-21,-0.003664694108592345
2020-02-24,0.0011489713461944444
2020-02-25,0.00346234972494854
2020-02-26,0.0053438185093324965
2020-02-27,0.003424828354886422
2020-02-28,-0.006477831723954955
2020-03-02,0.0096662410238173
2020-03-03,-0.00019161549428152404
2020-03-04,0.005851868788096584
2020-03-05,0.0045414486048645465
2020-03-06,0.008312244472392195
2020-03-09,0.023994952636776107
2020-03-10,-0.004082098114311898
2020-03-11,0.009449139191593283
2020-03-12,-0.0029230814281924317
2020-03-13,-0.013939286818526546
2020-03-16,-0.0073180160634116935
2020-03-17,0.006090655905262393
2020-03-18,0.011002110188564973
2020-03-19,-0.008182021791079387
2020-03-20,-0.004111557603234604
2020-03-23,0.005045345299678096
2020-03-24,-0.009844548472310324
2020-03-25,0.006001395764284903
2020-03-26,0.007771136624276397
2020-03-27,0.003382062857209614
2020-03-30,0.010853436857636874
2020-03-31,-0.010395638147516009
2020-04-01,0.0023584762976313406
2020-04-02,-0.007773959998855542
2020-04-03,-0.012763418591520234
2020-04-06,-0.0005328631091630161
2020-04-07,-0.007391741607533209
2020-04-08,-0.0027686335036837526
2020-04-09,-0.0037478877105972955
2020-04-13,0.0025332286854650456
2020-04-14,0.012771667481210782
2020-04-15,0.0067750372915380205
2020-04-16,0.011519831707569927
2020-04-17,-0.01136846209581239
2020-04-20,0.0006023141769192753
2020-04-21,-0.007164228891909613
2020-04-22,0.0027297049705314537
2020-04-23,-0.005924118385340828
2020-04-24,-9.935721303499559e-05
2020-04-27,-0.0013526291525142304
2020-04-28,-0.009118457752864387
2020-04-29,-0.006400060496235183
2020-04-30,0.009078632839599698
2020-05-01,0.004850410883180196
2020-05-04,-0.00010371321291854609
2020-05-05,0.010725092959843913
2020-05-06,0.008999013401949358
2020-05-07,-0.0035596473835755914
2020-05-08,-0.005528513338984082
2020-05-11,0.010512061966152338
2020-05-12,-0.0015488297549812572
2020-05-13,0.008593691534327536
2020-05-14,-0.0011761889970579404
2020-05-15,0.0009111142541851087
2020-05-18,-0.014471265118746265
2020-05-19,0.0067073764939184
2020-05-20,-0.005499936994174166
2020-05-21,-0.008984277475896654
2020-05-22,0.0034954954045248185
2020-05-26,-0.01721996965026462
2020-05-27,-0.007664196667982571
2020-05-28,0.007584997710481498
2020-05-29,0.012563465419025786
2020-06-01,-0.0055012440823374335
2020-06-02,-0.002311855091622948
2020-06-03,-0.01320364963427044
2020-06-04,-0.01706432504022194
2020-06-05,-0.028537962807062788
2020-06-08,-0.038080556105150806
2020-06-09,0.024207011438571745
2020-06-10,0.02618116657651018
2020-06-11,0.011453796761013237
2020-06-12,-0.01406395591920235
2020-06-15,0.00298401888641852
2020-06-16,-0.0041945067055237486
2020-06-17,0.010853525469135615
2020-06-18,0.0011395360658017755
2020-06-19,0.007396937130853264
2020-06-22,0.005062104459024718
2020-06-23,-0.0032223927212652434
2020-06-24,0.015791410727990524
2020-06-25,-0.0017237886850616604
2020-06-26,0.010966609775515201
2020-06-29,-0.0075844954768797095
2020-06-30,0.0065194256789948115
2020-07-01,0.00880658090832697
2020-07-02,0.00029090219580290807
2020-07-06,-0.004599539921552147
2020-07-07,0.006368454378720624
2020-07-08,-0.004948508642166136
2020-07-09,0.015664967063966185
2020-07-10,-0.01130491076679225
2020-07-13,-0.00022709910709726978
2020-07-14,0.0032939031909452413
2020-07-15,-0.020270529324039496
2020-07-16,0.002149807883308793
2020-07-17,0.010220484178910472
2020-07-20,0.012911033777185098
2020-07-21,-0.018622886080007155
2020-07-22,0.005290213711636005
2020-07-23,-0.007764215175361796
2020-07-24,0.0022432147806579644
2020-07-27,0.011949286947406374
2020-07-28,-0.005688854203311009
2020-07-29,-0.006121912963212167
2020-07-30,0.005308650173509961
2020-07-31,0.00820359426702929
2020-08-03,-0.00489866388316048
2020-08-04,-0.006305034432571584
2020-08-05,-0.00934784257661887
2020-08-06,-0.0006192247980874288
2020-08-07,-0.008226409934314345
2020-08-10,-0.024325687307065396
2020-08-11,-0.006298427988983994
2020-08-12,0.008028151080190777
2020-08-13,0.00546305430543113
2020-08-14,-0.003546283170695305
2020-08-17,0.008296418109448752
2020-08-18,0.010867599109206172
2020-08-19,-0.003196480207914583
2020-08-20,0.006872583002124319
2020-08-21,0.0036538818114726125
2020-08-24,-0.018009186525625345
2020-08-25,0.0012270877038437606
2020-08-26,0.005566197390649819
2020-08-27,-0.011802906368894637
2020-08-28,-0.011156207806398328
2020-08-31,0.01076219968366438
2020-09-01,-0.00012843069345374513
2020-09-02,-0.0030995864899435706
2020-09-03,-0.008032397186125528
2020-09-04,-0.009069528845423617
2020-09-08,-0.0021930966489886274
2020-09-09,-0.0006440042527496387
2020-09-10,0.0002545638733579825
2020-09-11,-0.00079487713553929
2020-09-14,-0.010702629078101017
2020-09-15,0.007796641149238984
2020-09-16,-0.008925270164186316
2020-09-17,0.0012023724566856881
2020-09-18,0.0036714274730955667
2020-09-21,0.016908236602263947
2020-09-22,0.0028301897239730134
2020-09-23,0.0007926375092415289
2020-09-24,0.0014707640713248296
2020-09-25,-0.00072733783438437
2020-09-28,-0.002164858496423718
2020-09-29,0.005585603171979146
2020-09-30,0.0008735383280927091
2020-10-01,0.001731109935828727
2020-10-02,-0.008079426434757751
2020-10-05,0.0011290047100760362
2020-10-06,-0.00022041536610712623
2020-10-07,0.00012335364895809392
2020-10-08,-0.0018950836496831602
2020-10-09,0.00534487960937773
2020-10-12,0.0036782928609966304
2020-10-13,0.01007390344402327
2020-10-14,-0.0031850701374775193
2020-10-15,-6.750630555798983e-05
2020-10-16,-6.747523156489484e-05
2020-10-19,-0.00042032574443225004
2020-10-20,-0.002834239559693308
2020-10-21,-0.001409277514358498
2020-10-22,-0.009414850420202627
2020-10-23,0.0006853529715787288
2020-10-26,0.008665896001345206
2020-10-27,0.007080580693928872
2020-10-28,0.000519038684318876
2020-10-29,-0.008362205606133533
2020-10-30,-0.0089523362515324
2020-11-02,0.005023316703708219
2020-11-03,0.0037409093189864386
2020-11-04,0.006404081636742614
2020-11-05,0.005562319936632037
2020-11-06,0.007206734087178694
2020-11-09,-0.05893143461340205
2020-11-10,-0.0015195671181811063
2020-11-11,0.015571740930624746
2020-11-12,0.005256542719235781
2020-11-13,-0.009432911621084778
2020-11-16,-0.004908379516954679
2020-11-17,-0.0029827995918706484
2020-11-18,0.0023045121730035766
2020-11-19,0.004852541386037007
2020-11-20,0.003695830092293876
2020-11-23,-0.0072966655018086675
2020-11-24,-0.010463528777756172
2020-11-25,0.0044858702645657845
2020-11-27,0.004571434451429469
2020-11-30,0.007758706123208314
2020-12-01,0.00047225894161792315
2020-12-02,-0.01050041633393516
2020-12-03,-0.006678568503213534
2020-12-04,-0.008307847319858685
2020-12-07,0.004703103042450756
2020-12-08,-0.00012031303556506538
2020-12-09,-0.0022940910739190352
2020-12-10,0.00016101345464451214
2020-12-11,0.005341404183697909
2020-12-14,0.008139837413716452
2020-12-15,-0.0014352172178796166
2020-12-16,0.0037375485400960597
2020-12-17,0.0033350446300799553
2020-12-18,0.0023143163545386054
2020-12-21,0.0031236315829406484
2020-12-22,0.003964990461058106
2020-12-23,-0.0077398855928991405
2020-12-24,0.0008845737454759073
2020-12-28,-0.007050089045756115
2020-12-29,-0.0004320804482578122
2020-12-30,-0.0018239742181859295
2020-12-31,-0.0009316804121927164
2021-01-04,0.006792132254268956
2021-01-05,-0.00011060971148380274
2021-01-06,-0.0009727643399680994
2021-01-07,0.00568413190806286
2021-01-08,0.0007917720078342384
2021-01-11,0.003247694068826334
2021-01-12,0.0013087620505771872
2021-01-13,1.300632419914775e-05
2021-01-14,-0.0064422510889596
2021-01-15,0.003212338327195576
2021-01-19,0.0017510886088668678
2021-01-20,0.0027343425094513876
2021-01-21,0.0044907560993374274
2021-01-22,0.0018160877339676287
2021-01-25,-0.001800090169868287
2021-01-26,-0.004219392263492947
2021-01-27,-0.008769388357518157
2021-01-28,0.005260703219581777
2021-01-29,0.006985293836286685
2021-02-01,0.004676598508611688
2021-02-02,-0.00033321118937557954
2021-02-03,-0.008980848796468172
2021-02-04,0.0027176150652941183
2021-02-05,0.0014112856562681724
2021-02-08,0.009807040307309578
2021-02-09,-0.009377249880936163
2021-02-10,-0.005289751925302442
2021-02-11,0.002143517231509342
2021-02-12,0.0006500289672455218
2021-02-16,-0.00200963624256408
2021-02-17,-0.002982590500295403
2021-02-18,-0.0009912461549965396
2021-02-19,0.0006378998221695327
2021-02-22,-0.009403540666518256
2021-02-23,-0.006705195159774522
2021-02-24,0.0024290830767020304
2021-02-25,-0.004170281979254534
2021-02-26,0.0050083959652572054
2021-03-01,0.003356599425419629
2021-03-02,0.0004555083438265043
2021-03-03,-0.00964970815573925
2021-03-04,-0.00218892956936735
2021-03-05,0.0021493776843925392
2021-03-08,-0.007522677467976157
2021-03-09,0.0061584004558207246
2021-03-10,0.0005652978500021976
2021-03-11,0.0059865093385248706
2021-03-12,-0.00712581741860022
2021-03-15,-0.0023136752899096
2021-03-16,0.0011016418009954668
2021-03-17,0.0010700025999669108
2021-03-18,-0.002027388739181475
2021-03-19,0.003083361616592589
2021-03-22,0.0035055270845808636
2021-03-23,-0.0001568209820594001
2021-03-24,-0.001132455005791314
2021-03-25,-0.0029589972542278242
2021-03-26,0.0029676965805945366
2021-03-29,-0.0030725304878166954
2021-03-30,-0.0008390903227108699
2021-03-31,0.002365047673648209
2021-04-01,0.0030324189708229973
2021-04-05,-0.001148275832176379
2021-04-06,0.001978489089508844
2021-04-07,-0.0003782512139662634
2021-04-08,0.00292846452045896
2021-04-09,0.0019610357523991936
2021-04-12,-0.00019782691054293964
2021-04-13,0.0018657955940161585
2021-04-14,-0.0011461393523062634
2021-04-15,0.0028540073033599595
2021-04-16,0.001097007214197812
2021-04-19,-0.0008921928189022949
2021-04-20,-0.0011373129088304965
2021-04-21,-0.0010858735477479423
2021-04-22,0.003090228215064496
2021-04-23,0.0005950859635482452
2021-04-26,-0.0010546091534301468
2021-04-27,0.0009588874056091485
2021-04-28,-0.001624176584860937
2021-04-29,-3.312386218337355e-05
2021-04-30,-0.0028154388198216355
2021-05-03,0.001270567879019074
2021-05-04,0.0009494254277736758
2021-05-05,0.0009619114271795344
2021-05-06,-0.0006881058345104286
2021-05-07,0.0011613167270833956
2021-05-10,-0.0042918510488959135
2021-05-11,-0.000258180590417517
2021-05-12,0.001605465708647713
2021-05-13,0.000810087870281558
2021-05-14,-0.0013539325102832223
2021-05-17,0.0007119712824185644
2021-05-18,-0.002331563019164965
2021-05-19,0.00035869644463535277
2021-05-20,-0.0005200670600111805
2021-05-21,1.8194203884065452e-05
2021-05-24,-0.0014148194175412983
2021-05-25,0.0009607887928553483
2021-05-26,0.001030238107298174
2021-05-27,0.0005549396172823787
2021-05-28,0.0005614723934658779
2021-06-01,-0.001144903188359378
2021-06-02,-0.004568515645954943
2021-06-03,0.0009987601172785465
2021-06-04,0.00023476819094881782
2021-06-07,-0.004930182816493883
2021-06-08,-0.0013044380655138803
2021-06-09,-0.0029286558727666064
2021-06-10,-0.004403638963796164
2021-06-11,0.0023467392300855917
2021-06-14,-0.0023988901926049796
2021-06-15,0.0025577719058591628
2021-06-16,0.0006678329221479336
2021-06-17,-0.0038126204482221296
2021-06-18,0.0011019972887076394
2021-06-21,0.002854341241452481
2021-06-22,0.0030097027908174553
2021-06-23,0.0009707681348406049
2021-06-24,0.0007071305009690055
2021-06-25,-0.00014488659264986836
2021-06-28,0.0011463283319012823
2021-06-29,0.0024767220235790543
2021-06-30,0.0007039007599008646
2021-07-01,0.0007167142204814662
2021-07-02,-0.00023398218175129304
2021-07-06,0.0017462645800380113
2021-07-07,0.001666116375119549
2021-07-08,-0.003527190148300516
2021-07-09,0.00358182847738652
2021-07-12,0.003163454560031632
2021-07-13,-0.0007073073134084141
2021-07-14,-0.0006192186239322332
2021-07-15,0.0017055320950172205
2021-07-16,-0.0040745347230335014
2021-07-19,-0.0001214768970563972
2021-07-20,0.0010426538930171647
2021-07-21,0.0023120045219493617
2021-07-22,0.000981532157628769
2021-07-23,0.0011157545557986277
2021-07-26,-0.0012786868255709365
2021-07-27,-0.0031275439341609127
2021-07-28,-0.00040938141592693656
2021-07-29,0.003377289915775649
2021-07-30,-0.0005106277853821271
2021-08-02,0.00021010316001655914
2021-08-03,0.003172587601815679
2021-08-04,0.0005762389022603862
2021-08-05,0.0007235988279490793
2021-08-06,-0.00020113358014395755
2021-08-09,-0.0002332754704176082
2021-08-10,0.004779209455917484
2021-08-11,0.002502007162958452
2021-08-12,-8.770646816709929e-05
2021-08-13,-0.0019735224282645394
2021-08-16,-0.0009106467535527137
2021-08-17,-0.0077254124756344685
2021-08-18,0.0022126670810378294
2021-08-19,-0.002300816734182236
2021-08-20,0.0018808120603745035
2021-08-23,0.003246509428701565
2021-08-24,0.00435699747527524
2021-08-25,0.001923198406962619
2021-08-26,-0.0017200772328695775
2021-08-27,0.0013801280873213474
2021-08-30,0.0008719401183788451
2021-08-31,-0.002854236360654705
2021-09-01,-0.0006275276109698824
2021-09-02,-0.0018877225237327337
2021-09-03,-0.000212814839152232
2021-09-07,0.0014034745973864875
2021-09-08,-0.0024726759399447086
2021-09-09,0.005189830067133642
2021-09-10,0.0036958276848803014
2021-09-13,-0.005008991098157247
2021-09-14,0.00019018464619225458
2021-09-15,0.00201748232572519
2021-09-16,0.0003770983310770644
2021-09-17,-0.0026233552884090934
2021-09-20,-0.0031320770756204713
2021-09-21,0.0020099347359645806
2021-09-22,0.0037212327811582875
2021-09-23,0.00306119809197049
2021-09-24,-0.0015672780517274401
2021-09-27,-0.0015800655282819005
2021-09-28,-0.00411289063355314
2021-09-29,-0.002491387049234055
2021-09-30,-0.003105826230039036
2021-10-01,-9.698404265071506e-06
2021-10-04,-0.0004252315155475231
2021-10-05,0.004083123706219812
2021-10-06,-0.002086352417645188
2021-10-07,0.00324708997988231
2021-10-08,-0.0009940582773914767
2021-10-11,0.0006691905905838952
2021-10-12,0.00035434912684052203
2021-10-13,-9.71079740756316e-05
2021-10-14,0.0013896584186920986
2021-10-15,0.000756085761979681
2021-10-18,0.005285820126999545
2021-10-19,-0.0023680311396945828
2021-10-20,-0.003211475337343877
2021-10-21,0.00270897110484908
2021-10-22,-0.00010380627045947437
2021-10-25,0.002669463610166216
2021-10-26,1.958716402924998e-06
2021-10-27,0.003257956800143661
2021-10-28,0.003224768617063328
2021-10-29,0.004515360434841874
2021-11-01,-0.005005838638186361
2021-11-02,-0.00177930127252925
2021-11-03,-0.0033207927044746274
2021-11-04,0.002343424086449063
2021-11-05,-0.004804229371084789
2021-11-08,0.0020339847902171772
2021-11-09,0.0008447781580567414
2021-11-10,0.0008294706603910114
2021-11-11,1.4816469739642263e-05
2021-11-12,-0.0005002683822351217
2021-11-15,-0.0026187293003789914
2021-11-16,0.0025557563889156425
2021-11-17,0.0043276307536344455
2021-11-18,0.00366748613140974
2021-11-19,0.0018995263993946566
2021-11-22,-0.0022392351557661266
2021-11-23,-0.0005961150450716633
2021-11-24,0.0011819934218107485
2021-11-26,0.000644253571796706
2021-11-29,0.003619383156744085
2021-11-30,0.002399555371937136
2021-12-01,0.00037250946601408055
2021-12-02,-0.001268022152782491
2021-12-03,-0.0017331057021903792
2021-12-06,-0.0033257002813131607
2021-12-07,0.00025647617085733664
2021-12-08,-0.0007512408235308495
2021-12-09,-0.0014518420291760052
2021-12-10,-0.0018738098838468598
2021-12-13,0.0015043347705293087
2021-12-14,-0.001708310421862621
2021-12-15,-0.0005947179893034839
2021-12-16,-0.0007459880876815466
2021-12-17,-0.0015834864699044843
2021-12-20,-0.0004180176002967274
2021-12-21,0.0012380089159712568
2021-12-22,0.0016421890133930565
2021-12-23,0.001160407308041565
2021-12-27,0.0019777070513821425
2021-12-28,-0.0011479602315271503
2021-12-29,0.00012236583837823246
2021-12-30,0.0009435195713315714
2021-12-31,0.0016476860140628045
2022-01-03,-0.0021106013972841536
2022-01-04,2.917744569800719e-05
2022-01-05,0.0011086601496852028
2022-01-06,-0.0031110020800108893
2022-01-07,-0.006129265816474255
2022-01-10,0.0015776520027254025
2022-01-11,-0.00012586136010938532
2022-01-12,0.001361663490620433
2022-01-13,-0.00166332298570521
2022-01-14,-0.0018400325871209518
2022-01-18,-0.0019420072080222565
2022-01-19,-0.0033338662516204888
2022-01-20,0.0011521155078253156
2022-01-21,-0.002451547530570926
2022-01-24,0.002955247190560364
2022-01-25,-0.0018495619273718167
2022-01-26,0.001646900190614041
2022-01-27,-0.0005478796173346794
2022-01-28,0.0019930870841563587
2022-01-31,-0.0036962115674966716
2022-02-01,0.0029993226273680607
2022-02-02,0.0027054191288711804
2022-02-03,0.0008690119135412254
2022-02-04,-0.005875182710200801
2022-02-07,0.00402781151930931
2022-02-08,-0.0013216482565268038
2022-02-09,0.0018816268366288534
2022-02-10,-0.0014661874860957464
2022-02-11,-0.0027044417513791665
2022-02-14,-0.001627324259504283
2022-02-15,0.002456643858851338
2022-02-16,0.0048617044292142775
2022-02-17,-0.0022359310818064705
2022-02-18,0.0014704702387104802
2022-02-22,-0.0036830467904016163
2022-02-23,-0.00034435105346212563
2022-02-24,-0.003920109778763988
2022-02-25,0.000779169653828962
2022-02-28,0.000179496528992096
2022-03-01,0.0023883543805870017
2022-03-02,0.0046903244603690225
2022-03-03,0.0010772975443486023
2022-03-04,0.005414823193955684
2022-03-07,2.5515991238180365e-05
2022-03-08,-0.0013500325719560894
2022-03-09,-0.0015393989457786299
2022-03-10,0.004505577173347906
2022-03-11,0.002128679875769614
2022-03-14,0.003297961616929989
2022-03-15,-0.0001594528182919715
2022-03-16,-0.0018839345454026845
2022-03-17,-0.0020576810077250754
2022-03-18,5.98792936667267e-05
2022-03-21,0.0005913168534770924
2022-03-22,-0.003381748234713896
2022-03-23,0.003083237088759629
2022-03-24,0.0014925122356389702
2022-03-25,0.0007563688471656702
2022-03-28,-0.0049752157395062955
2022-03-29,-0.0027993199784459113
2022-03-30,0.002435189802179292
2022-03-31,-0.0006198093645964345
2022-04-01,-0.00560973043162564
2022-04-04,0.0008986729681014431
2022-04-05,-0.0004728612946023112
2022-04-06,0.001527500719267604
2022-04-07,-0.0005178859972272099
2022-04-08,0.001109627294479183
2022-04-11,-0.000259986373082662
2022-04-12,0.0017393139239043334
2022-04-13,0.0018462800477176125
2022-04-14,-0.0004809136165703609
2022-04-18,0.004933485335799351
2022-04-19,-0.0015567226806899167
2022-04-20,0.0011169304466823922
2022-04-21,0.002810818624076881
2022-04-22,-0.0003365628715398241
2022-04-25,-8.29737881591536e-06
2022-04-26,0.004118611868496591
2022-04-27,0.003013607875526861
2022-04-28,0.001273453828771962
2022-04-29,-0.004729674280499021
2022-05-02,-0.0024097835196685625
2022-05-03,5.774488961422915e-05
2022-05-04,-0.0017018198404805311
2022-05-05,0.00036307976485999705
2022-05-06,0.004276094468457208
2022-05-09,0.002187101309739637
2022-05-10,0.0042165159159439315
2022-05-11,0.0043180688869607605
2022-05-12,-0.0019007590820978636
2022-05-13,0.0003521868610084764
2022-05-16,0.000961257680155004
2022-05-17,-0.0032898585891459916
2022-05-18,-0.0008092652948660252
2022-05-19,-0.0025514765204639966
2022-05-20,0.0013936680423007992
2022-05-23,0.0029513936761183346
2022-05-24,0.004023548544813191
2022-05-25,-0.004038384468924289
2022-05-26,-0.0026871140721012317
2022-05-27,-0.003320108059716107
2022-05-31,0.004343267965673508
2022-06-01,-0.00039569278997703177
2022-06-02,-0.0008626745229451987
2022-06-03,0.002277120481896162
2022-06-06,-0.00015797868476374223
2022-06-07,-0.0023953326945006783
2022-06-08,-0.0020788881201055298
2022-06-09,0.0013603540805872578
2022-06-10,0.0009811151476777696
2022-06-13,0.0022203864934685347
2022-06-14,0.004436823396912374
2022-06-15,-0.004797801630266119
2022-06-16,0.00017665098616484982
2022-06-17,-0.0034846936388274402
2022-06-21,0.004531720701973775
2022-06-22,-0.0008182010663941214
2022-06-23,-0.004225359293806581
2022-06-24,-0.00045855771981011424
2022-06-27,0.00288426222391152
2022-06-28,0.0010251560884150387
2022-06-29,0.004378109658821094
2022-06-30,0.00652363267024178
2022-07-01,-0.0008891053723024771
2022-07-05,-0.003218583372141626
2022-07-06,0.0037813819577904298
2022-07-07,-0.006152375885909774
2022-07-08,0.004121313083159722
2022-07-11,0.0030788886121051753
2022-07-12,0.00017942050616263181
2022-07-13,0.0003915420653939792
2022-07-14,0.00553522269130861
2022-07-15,-0.0040720100218150194
2022-07-18,-0.0029881739206738516
2022-07-19,-0.002524410398670957
2022-07-20,-0.006066231768196146
2022-07-21,-0.0005980229892327775
2022-07-22,0.0034407390685583694
2022-07-25,3.6172794271212046e-05
2022-07-26,0.002948265781063817
2022-07-27,-0.0037924834530242402
2022-07-28,-0.0013032232073506374
2022-07-29,-0.0004226704034476503
2022-08-01,-0.002269809229832935
2022-08-02,-0.0018330795497569809
2022-08-03,9.783767998049932e-05
2022-08-04,-0.0008693284573579603
2022-08-05,-0.0071051297217274234
2022-08-08,-0.004677273765799662
2022-08-09,0.006383055919950457
2022-08-10,-0.005027565551266626
2022-08-11,0.0021114656100260807
2022-08-12,-0.0015023462027709393
2022-08-15,-0.00363189748640901
2022-08-16,-0.004285711275759534
2022-08-17,0.003326194732964678
2022-08-18,0.0006184936730031406
2022-08-19,0.008132306888431143
2022-08-22,0.008206426684381677
2022-08-23,0.002296016031812899
2022-08-24,-0.0011376027374800299
2022-08-25,-0.000336177740125295
2022-08-26,0.002959053729421638
2022-08-29,-0.0006298471954526838
2022-08-30,-0.002547241864473595
2022-08-31,0.0025542274258512337
2022-09-01,0.00048066885951919823
2022-09-02,0.00440632135731773
2022-09-06,0.0008337476082030095
2022-09-07,-0.005059216558949234
2022-09-08,-0.002109967519834435
2022-09-09,-0.0012420149926523376
2022-09-12,-0.0030486239525106856
2022-09-13,0.002800146533956387
2022-09-14,0.0007371526968368864
2022-09-15,-0.004900252675042873
2022-09-16,0.00028680452437773995
2022-09-19,0.0015772983089707533
2022-09-20,0.004573590470093121
2022-09-21,0.0015851235058079113
2022-09-22,0.005061374080765787
2022-09-23,-0.004905929267012686
2022-09-26,0.0006964557234329231
2022-09-27,0.001691689497820458
2022-09-28,0.001767933886996262
2022-09-29,0.004798909934012125
2022-09-30,0.0038371008314460665
2022-10-03,0.0029543378375083223
2022-10-04,-0.0022596097066279685
2022-10-05,0.002312048168819818
2022-10-06,0.0036393930917735756
2022-10-07,0.0027000985658402147
2022-10-10,-0.000391144553443131
2022-10-11,0.00017919618698957685
2022-10-12,-0.0030659637215649338
2022-10-13,-6.923378631273811e-05
2022-10-14,-0.0024612051965775244
2022-10-17,0.00014096364588347507
2022-10-18,-0.0011904585182145138
2022-10-19,0.004928482778986429
2022-10-20,-0.0003825440915332049
2022-10-21,0.0038977347747618427
2022-10-24,0.003622106066300685
2022-10-25,-0.012669369548505116
2022-10-26,0.00021329043554096106
2022-10-27,0.00048755445560301415
2022-10-28,0.0026928032551798795
2022-10-31,0.004650010059463057
2022-11-01,0.001920978943499732
2022-11-02,0.003217321638801656
2022-11-03,0.0022515442713888544
2022-11-04,-0.005631632559879845
2022-11-07,-0.0008003989240044036
2022-11-08,0.002545868401381231
2022-11-09,0.0007167196101697703
2022-11-10,-0.0067275336713797365
2022-11-11,-0.008437273318048307
2022-11-14,0.003212761339648616
2022-11-15,-0.0005783570460804865
2022-11-16,0.0035829669307138
2022-11-17,0.002396379501457478
2022-11-18,-0.0004948320111720051
2022-11-21,-0.00025510954516090047
2022-11-22,-0.0010340886124128145
2022-11-23,-0.00425835968284113
2022-11-25,-9.933473621042503e-05
2022-11-28,0.0017176325019205537
2022-11-29,-0.0014698580596932819
2022-11-30,-0.0027303112780533247
2022-12-01,-0.0033693713669519193
2022-12-02,-0.0021979824767221147
2022-12-05,0.0017174061043802355
2022-12-06,0.0029259600973786516
2022-12-07,0.005452197193542616
2022-12-08,-0.0035468377369634483
2022-12-09,-0.0003068283685766325
2022-12-12,0.0006030015960498135
2022-12-13,-0.0008780295181520543
2022-12-14,-0.0005065654818764965
2022-12-15,0.001836704700811779
2022-12-16,0.000996438442454255
2022-12-19,0.0018261028876335001
2022-12-20,-0.0007554950461816036
2022-12-21,-0.00037850732416744125
2022-12-22,-0.004684693108493046
2022-12-23,0.00019748575963589803
2022-12-27,-0.001525815268098273
2022-12-28,-0.0008304849713412615
2022-12-29,-0.003730383157588702
2022-12-30,-0.00027705825166672446
2023-01-03,-0.005383566597455068
2023-01-04,-0.005747499915163611
2023-01-05,-0.004554443260336193
2023-01-06,0.002741932407990635
2023-01-09,0.00278251914492935
2023-01-10,-0.003974133855355712
2023-01-11,5.252142553133684e-05
2023-01-12,-0.0016453572003628171
2023-01-13,0.00021879945449893763
2023-01-17,0.0025114041933605984
2023-01-18,-0.0009164297914040592
2023-01-19,-0.001531582375019035
2023-01-20,-0.0016797236124242057
2023-01-23,-0.0029624168520898204
2023-01-24,0.005871055300070715
2023-01-25,-0.002260090769862719
2023-01-26,0.001358519059280096
2023-01-27,-0.00658458745452286
2023-01-30,-0.0030508674276972484
2023-01-31,-0.0016945751398661283
2023-02-01,-0.0013275849207862315
2023-02-02,-0.002173614479864313
2023-02-03,0.004358223960388597
2023-02-06,0.004922400307211588
2023-02-07,-0.0012184888447173596
2023-02-08,0.002374637829379219
2023-02-09,0.003277676902930261
2023-02-10,8.868701008300321e-05
2023-02-13,4.365734981231356e-05
2023-02-14,-0.0001135333113834159
2023-02-15,0.003948278821961593
2023-02-16,-0.00011811107098746998
2023-02-17,-0.0012321284551011307
2023-02-21,0.0008242800737346061
2023-02-22,0.0010014001568982244
2023-02-23,0.002355571611176073
2023-02-24,0.0006801353303330585
2023-02-27,0.0033195917980678264
2023-02-28,-0.00038511883845831335
2023-03-01,0.0031674662600711446
2023-03-02,-0.0015791903949077348
2023-03-03,0.0007487332869210645
2023-03-06,0.00186678518037637
2023-03-07,0.002382874250093005
2023-03-08,-0.0018175290304922984
2023-03-09,-0.0008282160889513345
2023-03-10,0.0004710672525497244
2023-03-13,-0.002752547756643299
2023-03-14,0.006091469919326726
2023-03-15,-0.006457745956304831
2023-03-16,0.0016827088449429435
2023-03-17,-0.002522202066602926
2023-03-20,0.00383443100017295
2023-03-21,0.0025323871320806148
2023-03-22,0.002415026430306119
2023-03-23,0.0016036384287639077
2023-03-24,-0.00496893606199103
2023-03-27,0.0009970676261085267
2023-03-28,-0.00290088691985374
2023-03-29,-0.0012128372582382834
2023-03-30,-0.00218373296122867
2023-03-31,-0.0022334301843557193
2023-04-03,0.001720950007910398
2023-04-04,-0.005485251464188942
2023-04-05,-0.0014648884223934593
2023-04-06,-0.002983981419749492
2023-04-10,0.0016360721252803264
2023-04-11,-0.00255789597882
2023-04-12,0.003412824282114495
2023-04-13,0.002241470871846478
2023-04-14,0.0024606883246005235
2023-04-17,0.0005951803370610533
2023-04-18,0.0016762669470646936
2023-04-19,-0.004061452389889376
2023-04-20,5.3347940195063516e-05
2023-04-21,-0.001898334550985216
2023-04-24,-0.0012281392675622042
2023-04-25,-0.0004677452456540531
2023-04-26,-0.0023910495083824014
2023-04-27,-0.004875541266758662
2023-04-28,-0.0012582778248383885
2023-05-01,0.0023289684731467287
2023-05-02,-0.0020340997050535704
2023-05-03,-0.001206746947629199
2023-05-04,0.00014660001958804496
2023-05-05,-0.0005455743889692916
2023-05-08,0.00040872875944787885
2023-05-09,5.9972090022081824e-05
2023-05-10,-0.0006420923409085078
2023-05-11,0.0004090496164194516
2023-05-12,0.0024959397746654064
2023-05-15,-0.0006851022802668692
2023-05-16,-0.0006711942954162485
2023-05-17,0.0011975637264845529
2023-05-18,0.002726688410313292
2023-05-19,0.0021280207127740754
2023-05-22,0.0011960726734377596
2023-05-23,-0.0017591837791083634
2023-05-24,0.0010477421614030538
2023-05-25,0.0062165981177747
2023-05-26,-0.0005107828960961364
2023-05-30,-0.0012481087897195657
2023-05-31,0.0002673498060997185
2023-06-01,0.004916553093394933
2023-06-02,-0.002484219970512029
2023-06-05,0.004174611878750736
2023-06-06,-0.00220445090457038
2023-06-07,-0.0013092650754057392
2023-06-08,0.0019923158072471968
2023-06-09,0.001152411191060973
2023-06-12,-0.0009175748007091777
2023-06-13,0.0012109270253453353
2023-06-14,-0.0014539657122273684
2023-06-15,0.0017458833690996362
2023-06-16,0.000197670971466441
2023-06-20,-0.0008601250372265518
2023-06-21,0.0003497178698068157
2023-06-22,-0.0006383956695754004
2023-06-23,-0.0011336332228494925
2023-06-26,0.00026657509273097976
2023-06-27,0.0002129793130865619
2023-06-28,0.0026537717861316182
2023-06-29,-0.0004644611007546586
2023-06-30,0.0019458961854925108
2023-07-03,-0.0014743426630171059
2023-07-05,0.0016433705465919311
2023-07-06,-0.001246426612998098
2023-07-07,0.001429820923980053
2023-07-10,0.0009908798761441332
2023-07-11,-0.0015900877375083053
2023-07-12,-0.000496535880223888
2023-07-13,0.0008170422595411242
2023-07-14,-0.0012344619689025006
2023-07-17,0.0059646997709196636
2023-07-18,0.002088571944461463
2023-07-19,-0.0034425558139975195
2023-07-20,-0.0020117521188569086
2023-07-21,4.683592409263545e-05
2023-07-24,-0.0018644111750017436
2023-07-25,-0.0006164210743117749
2023-07-26,-0.005031681305418237
2023-07-27,0.0013382504161616139
2023-07-28,-0.0017016604494013692
2023-07-31,0.0007600506157018086
2023-08-01,0.0030208804882412596
2023-08-02,0.004262963738771484
2023-08-03,0.001604551268371776
2023-08-04,-0.002574872740994084
2023-08-07,0.0040020067144789315
2023-08-08,0.0004319722451044042
2023-08-09,-6.51009097791678e-05
2023-08-10,-6.649022875464748e-05
2023-08-11,-0.0006542627459618207
2023-08-14,0.00206530253506761
2023-08-15,0.0029874489085967423
2023-08-16,0.00037336837893535234
2023-08-17,-0.002023697202834514
2023-08-18,-0.0014552211661464072
2023-08-21,0.004184912492944794
2023-08-22,0.0032279857322376052
2023-08-23,-8.814728353680668e-06
2023-08-24,-0.001780965853989137
2023-08-25,0.0022688132068963
2023-08-28,-0.0033203698682293882
2023-08-29,-0.0028520427100054784
2023-08-30,0.0026302500317834706
2023-08-31,-0.0007859572200109466
2023-09-01,-0.00043385398201408127
2023-09-05,0.0021989198671765364
2023-09-06,0.0005893297073119496
2023-09-07,0.0056105818097249354
2023-09-08,-0.0019410387224317528
2023-09-11,0.005054292469750335
2023-09-12,-0.0014440649593194207
2023-09-13,-0.00026036853371677425
2023-09-14,-0.003222920538307892
2023-09-15,-0.0009285282364148202
2023-09-18,0.0014561663090090703
2023-09-19,-0.0005102052573369749
2023-09-20,-0.0014829934678373576
2023-09-21,-0.0001735014605154844
2023-09-22,0.0004132448633913594
2023-09-25,0.0007170125337133555
2023-09-26,0.003241848628597201
2023-09-27,0.0006987860818364019
2023-09-28,-0.0021152289870366267
2023-09-29,-0.0032120368881248217
2023-10-02,0.004140664336646675
2023-10-03,-0.0018410764057964425
2023-10-04,0.007181084317688376
2023-10-05,0.0009729057485642846
2023-10-06,0.0047598803143393065
2023-10-09,-0.0025219931775830326
2023-10-10,-0.0025936624746620922
2023-10-11,0.0011469058476610632
2023-10-12,0.0022959992841605566
2023-10-13,-0.004520659019699184
2023-10-16,-0.000903720111026824
2023-10-17,-0.0012548931823842865
2023-10-18,-0.002782284723601106
2023-10-19,0.0001844523501970453
2023-10-20,-0.004713593025137024
2023-10-23,0.0074000591432683005
2023-10-24,0.002767241305102786
2023-10-25,-0.0004611893620155496
2023-10-26,0.00014210810535652505
2023-10-27,0.0032275312223151624
2023-10-30,0.0004940131367088999
2023-10-31,-0.0011704799102042367
2023-11-01,-0.00035603140758432185
2023-11-02,-0.0018079933086950798
2023-11-03,-0.0041799947832985825
2023-11-06,0.0019243928230383354
2023-11-07,0.002006069407016861
2023-11-08,0.00021200019653399817
2023-11-09,0.0062654435269305
2023-11-10,0.0006989195797467215
2023-11-13,0.0053326909319896905
2023-11-14,-0.009366079931511399
2023-11-15,-0.005769967907406158
2023-11-16,0.0035257828688927493
2023-11-17,-0.00039671546504562957
2023-11-20,0.00019134471968913528
2023-11-21,0.0019297535071076588
2023-11-22,-0.0003809455159671895
2023-11-24,-0.0013402640830730908
2023-11-27,0.0026004157159235574
2023-11-28,-0.0023766566813041706
2023-11-29,-0.00300421737886957
2023-11-30,0.0009051788472518205
2023-12-01,-0.004713808062577908
2023-12-04,-0.0011072925827052557
2023-12-05,0.003237671135144608
2023-12-06,-0.003543554862305056
2023-12-07,-0.0036272791873634812
2023-12-08,0.0012480556143380916
2023-12-11,0.002282383486309564
2023-12-12,0.0068868685071419
2023-12-13,-0.007620588180029343
2023-12-14,-0.014681299633396433
2023-12-15,0.004287527599263801
2023-12-18,0.004960905086668144
2023-12-19,-0.003461522633870817
2023-12-20,0.0010290359142766875
2023-12-21,-0.002371585779579072
2023-12-22,-0.003166958929020762
2023-12-26,-0.0035346482594106757
2023-12-27,-0.0007279486945382699
2023-12-28,-0.0014865409079813257
2023-12-29,0.0017114114392887112
2024-01-02,-0.006263115255572759
2024-01-03,0.004665827498673541
2024-01-04,0.0013990385717605588
2024-01-05,-0.002232047864750165
2024-01-08,0.0020438365047953573
2024-01-09,0.0010776479391267344
2024-01-10,0.0027947236054531423
2024-01-11,0.0044441523841755514
2024-01-12,0.0020089954424306698
2024-01-16,0.0036184427281852546
2024-01-17,0.0030099224408506407
2024-01-18,0.005047831617733201
2024-01-19,0.001639334083344172
2024-01-22,0.0009853853904428658
2024-01-23,-0.0019425465020382904
2024-01-24,0.0013674663011200945
2024-01-25,-0.0010402561201206676
2024-01-26,-0.0017982307135027253
2024-01-29,0.002478339676500245
2024-01-30,0.003125794970553888
2024-01-31,0.00033953336242577173
2024-02-01,0.0008301123242685525
2024-02-02,0.004771983821046327
2024-02-05,-0.00018031875098211593
2024-02-06,-0.0009426135350235419
2024-02-07,0.008343692358255179
2024-02-08,-0.00147955403430822
2024-02-09,0.0012047875337946573
2024-02-12,-0.007694031927172085
2024-02-13,0.007269073338323451
2024-02-14,-0.0005901747227252229
2024-02-15,-0.00023120586713195243
2024-02-16,-0.002072912145485901
2024-02-20,-5.466099584484648e-05
2024-02-21,-0.0020764599978632804
2024-02-22,0.007566018421050792
2024-02-23,0.0009998057603410671
2024-02-26,0.0030892025649014365
2024-02-27,-0.002180428331397621
2024-02-28,0.002011716530790244
2024-02-29,-0.004565919983529621
2024-03-01,-0.0002848601130577205
2024-03-04,-0.0007973927137908735
2024-03-05,-0.004939200498380975
2024-03-06,0.0007289721211951152
2024-03-07,0.0006411169891375736
2024-03-08,-0.0013092140030693585
2024-03-11,-0.0032187248552401275
2024-03-12,0.006854137586911465
2024-03-13,-0.00020340673420685373
2024-03-14,0.0055469039775514215
2024-03-15,-0.002500794965996575
2024-03-18,0.0034796463616532537
2024-03-19,0.0014195980457164872
2024-03-20,-0.004850672490749476
2024-03-21,-0.002307872249428299
2024-03-22,0.0024599056904302838
2024-03-25,-0.0009793427476148637
2024-03-26,0.0018043922097468032
2024-03-27,-0.009028462358848964
2024-03-28,-0.0026363038958932216
2024-04-01,2.309829335230155e-05
2024-04-02,0.003473626726409987
2024-04-03,-0.00011426714636203394
2024-04-04,0.0008676221601732212
2024-04-05,0.003180487849626617
2024-04-08,-0.001729812590140371
2024-04-09,-0.004290589012345646
2024-04-10,0.003648303195931307
2024-04-11,0.002096694790310382
2024-04-12,0.0009210875088939982
2024-04-15,-0.002764467871549765
2024-04-16,0.0032190430499041828
2024-04-17,-0.0018423076929140981
2024-04-18,-0.0032802601366341217
2024-04-19,-0.004071991716334544
2024-04-22,0.0005474324069554583
2024-04-23,-0.0004794696508541271
2024-04-24,-0.001562439573513927
2024-04-25,-0.00056262531559533
2024-04-26,-0.00024554353100807
2024-04-29,0.0007103276079125657
2024-04-30,0.0002844139145112081
2024-05-01,7.011572673431574e-05
2024-05-02,-0.0016417179289189277
2024-05-03,-0.0017620716221214375
2024-05-06,0.0029883160638750393
2024-05-07,0.002001003189637669
2024-05-08,0.0009244979205124438
2024-05-09,0.0015217693617539268
2024-05-10,0.0011818364185307785
2024-05-13,-0.0026934392733051955
2024-05-14,-0.0030545447056998095
2024-05-15,0.0035438082846572447
2024-05-16,-0.0014310922213585508
2024-05-17,0.001844646934116093
2024-05-20,0.0024261053098405152
2024-05-21,0.0007327121657264862
2024-05-22,-0.00023463493589067746
2024-05-23,0.0035795123372678755
2024-05-24,-0.0012568311347487227
2024-05-28,-0.00227280644319894
2024-05-29,0.003997132917465351
2024-05-30,-0.0046038636714946105
2024-05-31,-0.003937721086569413
2024-06-03,0.0005493457380200358
2024-06-04,0.0013637994940270575
2024-06-05,0.0020919082549654116
2024-06-06,-1.1468942442634266e-05
2024-06-07,0.0014841639061294275
2024-06-10,-0.0006986848100409002
2024-06-11,0.0002935095680093625
2024-06-12,-0.000899060879352057
2024-06-13,0.003124538182838111
2024-06-14,-0.00011679202912257119
2024-06-17,0.0032812481511102446
2024-06-18,0.002628762247577106
2024-06-20,-0.00310364546427163
2024-06-21,-0.001615160623205234
2024-06-24,-0.0012473314627716096
2024-06-25,0.0035411158491437974
2024-06-26,-0.0018465089590909835
2024-06-27,6.279254650532975e-05
2024-06-28,-0.004278479954823635
2024-07-01,-0.0007928699649028207
2024-07-02,0.00025601476515045335
2024-07-03,0.003688022165246768
2024-07-05,0.00025396205896838355
2024-07-08,-0.004788933164920991
2024-07-09,0.0010589745883463092
2024-07-10,-0.00325175611353082
2024-07-11,-0.0034864180168508677
2024-07-12,-0.00041672307770440116
2024-07-15,0.004725277874179
2024-07-16,-0.004918666616617307
2024-07-17,-0.0027584565391968177
2024-07-18,0.0015364182216289527
2024-07-19,0.002790291370405997
2024-07-22,0.0017154393921865745
2024-07-23,0.004427550679785926
2024-07-24,-0.0022131678715310264
2024-07-25,-0.00035064108060630923
2024-07-26,-0.003719590468179579
2024-07-29,0.0008648640397945108
2024-07-30,-0.001839535566003159
2024-07-31,0.0014575283898213642
2024-08-01,0.003478595508509347
2024-08-02,-0.001441584501792948
2024-08-05,-0.0009353867187077582
2024-08-06,0.003191464311138561
2024-08-07,0.0016591144177867815
2024-08-08,-0.005620946830359732
2024-08-09,0.0037448904499545327
2024-08-12,0.00028427897644098997
2024-08-13,8.84438787236512e-05
2024-08-14,0.005863357651372318
2024-08-15,-0.003995251052672959
2024-08-16,-0.0013742487616793357
2024-08-19,-0.0028452432012567195
2024-08-20,0.0009325245289098995
2024-08-21,-0.0013642848998071289
2024-08-22,0.0017551808386151362
2024-08-23,-0.005936195436904809
2024-08-26,0.0008635998125878093
2024-08-27,0.0014662639525372084
2024-08-28,0.0020337453633865014
2024-08-29,0.0013668613031308783
2024-08-30,0.0010217428862452284
2024-09-03,-0.0028787444294917142
2024-09-04,0.002020912557723618
2024-09-05,0.0028916055419188702
2024-09-06,0.0008265844551782737
2024-09-09,0.0033573358338899193
2024-09-10,0.0008238964916916123
2024-09-11,0.0039447036665941826
2024-09-12,0.0016059759387595154
2024-09-13,-0.004643111895165272
2024-09-16,0.0020687209718932816
2024-09-17,0.00018752502036153482
2024-09-18,-0.002485666327422493
2024-09-19,0.0017244252795423525
2024-09-20,0.0068796249507044865
2024-09-23,0.0019510225821508594
2024-09-24,-0.00031244635705629336
2024-09-25,0.003964037880116243
2024-09-26,-0.006322689295622372
2024-09-27,-0.005182202501095166
2024-09-30,0.00306087930034278
2024-10-01,0.0019716176632081713
2024-10-02,0.002687156486263902
2024-10-03,0.0007804964818474378
2024-10-04,-0.00022649546171173523
2024-10-07,0.0006188931877827063
2024-10-08,0.003976308864579874
2024-10-09,0.0013861666370398292
2024-10-10,3.560873945018715e-05
2024-10-11,0.0011989246071956274
2024-10-14,-0.0010200655043448967
2024-10-15,0.0010249910759637325
2024-10-16,-0.0009300684391252129
2024-10-17,-0.0006910714740284813
2024-10-18,0.0023146331584058292
2024-10-21,0.006608203750721473
2024-10-22,-0.0009017915878997212
2024-10-23,0.004369547946268907
2024-10-24,-0.0026109661163635917
2024-10-25,-0.003503325983089002
2024-10-28,-0.004865873847109219
2024-10-29,0.003325938158595183
2024-10-30,-0.0015532716613230425
2024-10-31,8.576292216929363e-05
2024-11-01,0.0004217002227123794
2024-11-04,0.00024052419077549736
2024-11-05,-1.2763218694138407e-05
2024-11-06,-0.002580568629431737
2024-11-07,0.0026565384083299223
2024-11-08,0.0049281194398078125
2024-11-11,-0.0020447114196335174
2024-11-12,0.006373552225086383
2024-11-13,-0.0014132038722503733
2024-11-14,-0.0009551576077464119
2024-11-15,0.0018063575329519289
2024-11-18,-0.001001119890297185
2024-11-19,0.001434656762780964
2024-11-20,-0.002195682173168483
2024-11-21,0.0008274892205329879
2024-11-22,-0.0029506105325769996
2024-11-25,-0.005905178982383287
2024-11-26,0.006823931048476833
2024-11-27,-0.002185076108744828
2024-11-29,-0.0005569112716250762
2024-12-02,-0.0033148196902126835
2024-12-03,0.00472298374103733
2024-12-04,0.005273136076329063
2024-12-05,0.00533143905503722
2024-12-06,-0.0011594421296401702
2024-12-09,-0.009463834616528612
2024-12-10,0.0022201282603906652
2024-12-11,-0.0015636430446978535
2024-12-12,0.003870680913795272
2024-12-13,0.0016942827022600017
2024-12-16,0.0030727934497200684
2024-12-17,-0.00038556871994426813
2024-12-18,2.0565930708917897e-05
2024-12-19,0.0018825829897506632
2024-12-20,-1.3810853117772008e-05
2024-12-23,-0.0033066669292923585
2024-12-24,0.0003922344564579612
2024-12-26,-0.00011136783739660822
2024-12-27,-6.693112643745481e-05
2024-12-30,0.002193684627548776
2024-12-31,-0.001557565065354284
2025-01-02,0.0032971492707929593
2025-01-03,0.00038570648557386555
2025-01-06,-0.0014853949867147098
2025-01-07,-0.0011712363196217915
2025-01-08,0.004146353108354333
2025-01-10,0.0008409489888922219
2025-01-13,-0.006351695332982258
2025-01-14,0.0012439162884014716
2025-01-15,-0.0004039965854140285
2025-01-16,0.0017418942804860327
2025-01-17,-0.0033422861501753672
2025-01-21,0.0037628313854481464
2025-01-22,0.004016397535952719
2025-01-23,-0.003235554246529313
2025-01-24,0.0015212799706569035
2025-01-27,-0.00458275525209872
2025-01-28,0.006296140290193456
2025-01-29,-0.002002155703248781
2025-01-30,0.0026280875206167484
2025-01-31,-0.0014289020148058457
2025-02-03,0.006602548458337456
2025-02-04,-0.00573773503106154
2025-02-05,0.0009580153340413844
2025-02-06,0.004315768652991593
2025-02-07,0.002026866735939634
2025-02-10,-0.0018491027946970309
2025-02-11,0.00046727326483632874
2025-02-12,-0.0011276803162427074
2025-02-13,0.0010282072677981573
2025-02-14,-0.0025774775379586203
2025-02-18,-0.002590671214583707
2025-02-19,-0.00140017765550077
2025-02-20,0.002150629071772696
2025-02-21,0.003806381899666228
2025-02-24,0.0005933135996182369
2025-02-25,0.0020794537912286496
2025-02-26,-6.93975616447872e-05
2025-02-27,0.0025079439509279513
2025-02-28,0.0015699831744618831
2025-03-03,0.003610944371779915
2025-03-04,-0.0026735473704482676
2025-03-05,-0.0055875608313933605
2025-03-06,-0.004809654232354101
2025-03-07,-0.002612703407491444
2025-03-10,-0.00622152058954692
2025-03-11,0.0016849576915812718
2025-03-12,0.0008155058544192175
2025-03-13,-0.0014680912681079043
2025-03-14,-0.0013259776235621456
2025-03-17,-0.00047903775308147747
2025-03-18,-0.0013908143997024035
2025-03-19,0.0033466941877656354
2025-03-20,0.0034608856500668228
2025-03-21,0.0020363751334757938
2025-03-24,0.0002284386722133239
2025-03-25,0.0007260130769057457
2025-03-26,-0.0038258633400315295
2025-03-27,-0.0020027715683259392
2025-03-28,0.0006700327616564141
2025-03-31,0.0008780197363632076
2025-04-01,0.0012767508451183391
2025-04-02,0.0006610563952472061
2025-04-03,-8.023856970411076e-05
2025-04-04,-0.0003305279543997025
2025-04-07,0.003545945049431538
2025-04-08,0.005678195418499477
2025-04-09,-0.003202502124546662
2025-04-10,0.005594358713025594
2025-04-11,-0.0021203944683312872
2025-04-14,-0.0008210348838709961
2025-04-15,0.003377094443518153
2025-04-16,-0.003389746120916894
2025-04-17,-0.0007438374604557238
2025-04-21,-0.003195061472214025
2025-04-22,0.0005926175316736977
2025-04-23,0.0011440146835631252
2025-04-24,0.0017885021616897171
2025-04-25,-0.0006186355333644418
2025-04-28,6.874818398284443e-05
2025-04-29,0.001946080124152464
2025-04-30,0.0016662702421927403
2025-05-01,0.005789968971897144
2025-05-02,0.0010802501943868164
2025-05-05,0.0029908070024667914
2025-05-06,-0.0003099743660266285
2025-05-07,-0.0001112208827242599
2025-05-08,-0.005288045823713322
2025-05-09,9.570546415814991e-05
2025-05-12,-0.002798117969379542
2025-05-13,0.0010644884854195784
2025-05-14,0.0030208614390083103
2025-05-15,0.0037704449813869218
2025-05-16,-8.980268193723515e-05
2025-05-19,0.0027020921391919216
2025-05-20,-0.00031193750276088715
2025-05-21,0.0037718298435835827
2025-05-22,-0.003922841438507536
2025-05-23,0.0013676079117316475
2025-05-27,-0.003237682336193868
2025-05-28,0.003976123979575237
2025-05-29,-0.0014672222467177873
2025-05-30,0.0012496100449929679
2025-06-02,-0.002620764589509646
2025-06-03,-0.007834623915784952
2025-06-04,0.0017650073118758317
2025-06-05,0.0018558328216438946
2025-06-06,-0.0014501525697168856
2025-06-09,-0.005941240779567863
2025-06-10,-0.0046540767881280915
2025-06-11,0.002755476105362957
2025-06-12,-0.0006825240243457403
2025-06-13,-0.00023761027879870423
2025-06-16,-0.0016496154600132687
2025-06-17,-0.00024045887546169582
2025-06-18,-0.0013685026520746065
2025-06-20,-0.004472094085773443
2025-06-23,0.002651191251669787
2025-06-24,0.0012257289932077777
2025-06-25,-0.00137037268408375
2025-06-26,-0.0015084856431740244
2025-06-27,0.003529925240005686
2025-06-30,0.0015485366652128057
2025-07-01,-0.009099456610957945
2025-07-02,-0.006342409941167881
2025-07-03,0.004692959894855292
2025-07-07,0.003161220542890216
2025-07-08,-0.006949632908694502
2025-07-09,0.0004173346386086879
2025-07-10,-0.0059679318346011504
2025-07-11,0.0007492362222596573
2025-07-14,0.005758018047874569
2025-07-15,0.004165998465559337
2025-07-16,-0.0006470587506819041
2025-07-17,-0.0003365507834345631
2025-07-18,0.0014934736339946215
2025-07-21,0.000512063149381282
2025-07-22,-0.007743644443503075
2025-07-23,-0.0011338767717869167
2025-07-24,0.005656984817528239
2025-07-25,-0.002253767201515863
2025-07-28,0.0004499124908479649
2025-07-29,0.002377929342040719
2025-07-30,0.0038232324337425837
2025-07-31,0.004726109180494671
2025-08-01,0.005044264921541805
2025-08-04,0.000535556889168911
2025-08-05,-0.004634225636150646
2025-08-06,0.005562065417705286
2025-08-07,-0.0007268186069539262
2025-08-08,-0.002788067965827972
2025-08-11,0.0026636055987056713
2025-08-12,-0.004924063461018292
2025-08-13,-0.004946478071194184
2025-08-14,-0.0002560641696128479
2025-08-15,0.00026297829194112495
2025-08-18,-0.0021671297498582986
2025-08-19,-0.002794052696550294
2025-08-20,0.0023376747454718055
2025-08-21,0.0019861741595738804
2025-08-22,-0.009874471601052275
2025-08-25,-0.00010130694197581936
2025-08-26,0.002460610663628525
2025-08-27,-0.001430081388693097
2025-08-28,0.0011643924969673754
2025-08-29,-0.0035181325928882114
2025-09-02,0.001824953524995844
2025-09-03,0.003933936314858078
2025-09-04,0.00010585231473940972
2025-09-05,-0.005117941488468778
2025-09-08,0.0034639186438160554
2025-09-09,0.004072469813149318
2025-09-10,0.002671927270191747
2025-09-11,0.000367287491980741
2025-09-12,0.0030380430331808815
2025-09-15,0.002953868108230145
2025-09-16,-0.002443599829046693
2025-09-17,0.0012803481396727633
2025-09-18,-0.0006796944508819224
2025-09-19,0.004050697638919576
2025-09-22,-0.0015933449112464986
2025-09-23,-0.0012474730541227636
2025-09-24,-0.002717553907227423
2025-09-25,0.003439632801019536
2025-09-26,-0.0012267621032801058
2025-09-29,0.00044640260801987673
2025-09-30,0.003044842463344687
2025-10-01,-0.0012381471155997917
2025-10-02,-0.002496364088931617
2025-10-03,-0.0033646898937836323
2025-10-06,0.0011262372650672195
2025-10-07,0.004789178406806623
2025-10-08,0.00029775330910652043
2025-10-09,-3.130212245057558e-05
2025-10-10,0.004710039240874447
2025-10-13,-0.0030380981826137617
2025-10-14,-0.0018873839677396673
2025-10-15,0.00028292233033408996
2025-10-16,-0.0007852218203947352
2025-10-17,-0.0007520359779328755
2025-10-20,-0.00036307070844279066
2025-10-21,-0.0007974180299954852
2025-10-22,0.0011080213710212684
2025-10-23,-0.002204636904264191
2025-10-24,-0.000372725191287812
2025-10-27,0.004031673539577887
2025-10-28,0.00032343764762227345
2025-10-29,0.0010074541032873657
2025-10-30,-0.0001369894370487242
2025-10-31,-0.0026440728313787206
2025-11-03,0.005692721747918433
2025-11-04,0.00029015353638740896
2025-11-05,0.0034265764296690215
2025-11-06,0.002100174578816971
2025-11-07,-0.0037639090568066286
2025-11-10,0.008790007502757475
2025-11-11,-0.004070687289878235
2025-11-12,-0.000544943274341934
2025-11-13,-0.005124019124179423
2025-11-14,0.0013165052078707286
2025-11-17,0.0018479504319098578
2025-11-18,-0.003185376712129708
2025-11-19,0.0029169631931739177
2025-11-20,-5.912196780740779e-05
2025-11-21,-0.0047117069704079835
2025-11-24,0.003983570358514177
2025-11-25,-0.0022188983536191704
2025-11-26,-0.00047008272023790336
2025-11-28,0.0006789027051798701
2025-12-01,-0.0002499045745460425
2025-12-02,8.493868068998939e-05
2025-12-03,-0.0024434056859576124
2025-12-04,0.0019913921878475715
2025-12-05,-9.302388295370874e-05
2025-12-08,0.0011089302414192279
2025-12-09,-0.0018094771580828227
2025-12-10,-0.006174954567923565
2025-12-11,0.00032871050083499394
2025-12-12,-0.0072319884518432746
2025-12-15,0.0018753244293448264
2025-12-16,0.0034217179759514155
2025-12-17,-0.006005056685467844
2025-12-18,0.002507901160242927
2025-12-19,0.006929437609015413
2025-12-22,0.0008176925300804803
2025-12-23,0.0037186087049538388
2025-12-24,0.00017543881942477576
2025-12-26,-0.0009866904001838038
2025-12-29,-0.0023381349128549366
2025-12-30,-0.0009046706097521048
2025-12-31,-0.0019167760613142506
2026-01-02,0.0004507772815389822
2026-01-05,-0.000343023826973004
2026-01-06,-0.001248382682537928
2026-01-07,0.006804058125289775
2026-01-08,-0.009064965262102214
2026-01-09,-0.00013219764308759763
2026-01-12,0.0025425808156328343
2026-01-13,0.0011179806033425528
2026-01-14,-0.007598415505590097
2026-01-15,-0.0009946820742908309
2026-01-16,0.002490400046106536
2026-01-20,0.0024744060645814046
2026-01-21,-0.0028267211932177286
2026-01-22,0.0006617352221247537
2026-01-23,-0.002648677863705645
2026-01-26,0.0025285774532385
2026-01-27,0.00579825767793029
2026-01-28,0.00404191037850955
2026-01-29,0.0028532189725694462
2026-01-30,-0.005466769056761219
2026-02-02,0.0036852684387268624
2026-02-03,-0.006877650824848057
2026-02-04,-0.008643914458961302
2026-02-05,-0.0018357809814107274
2026-02-06,0.005538998732727438
2026-02-09,0.0016378409109347883
2026-02-10,-0.00060819797048255
2026-02-11,-0.0007846379921789077
2026-02-12,0.004088243888939225
2026-02-13,-0.0039175715641452825
2026-02-17,0.0006071357866580192
2026-02-18,-0.0024112258733765125
2026-02-19,-0.001024159178028988
2026-02-20,-0.00089469837069595
2026-02-23,-0.0016020158992973265
2026-02-24,-0.0011614619503914243
2026-02-25,0.005611809826885593
2026-02-26,0.0002531808246830402
2026-02-27,0.003087899957708928
2026-03-02,-0.0005884779342277936
2026-03-03,0.002961160590498968
2026-03-04,0.003304265884068912
2026-03-05,-0.0005793008537972054
2026-03-06,0.003325432347035581
2026-03-09,0.0024058344563401856
2026-03-10,0.003661483204050706
2026-03-11,-0.0004702843585088772
2026-03-12,0.00245393243519683
2026-03-13,0.002843755682464671
2026-03-16,0.003943122771616073
2026-03-17,-0.004577202144583354
2026-03-18,-0.0007778553569449365
2026-03-19,0.0032571011133851937
2026-03-20,0.0020265504114214032
2026-03-23,-0.0052504921231042315
2026-03-24,-0.004124219592900329
2026-03-25,-0.0005088733071790143
2026-03-26,-0.00664919877243121
2026-03-27,0.0010476911016827867
2026-03-30,-0.0021942145327488987
2026-03-31,0.0012433417127004328
2026-04-01,0.005593748351979456
2026-04-02,0.004791096490517431
2026-04-06,0.0020624612938465615
2026-04-07,0.0005388183677363721
2026-04-08,-6.340967879824114e-05
2026-04-09,0.00040021221969892604
2026-04-10,0.00024114813165213342
2026-04-13,-0.0007963422961489834
2026-04-14,0.001723040339879891
2026-04-15,0.0017107599550153362
2026-04-16,0.0014765599388520776
2026-04-17,-0.0025157315832841027
2026-04-20,-0.002520968542204337
2026-04-21,0.001090408784082288
2026-04-22,0.004552789446733108
2026-04-23,-0.001340675150020222
2026-04-24,0.0017395496635155918
2026-04-27,-0.0017008993783869668
2026-04-28,-0.004778692685955278
2026-04-29,-0.00023617595591335575
2026-04-30,0.004752825582856785
2026-05-01,0.0016383977719818465
2026-05-04,0.004602982598371324
2026-05-05,0.0006315091983817495
2026-05-06,-0.0007275520761088441
2026-05-07,0.0014254215196400628
2026-05-08,0.0037357461345772984
2026-05-11,0.003856488064676283
2026-05-12,0.0006183041087537816
2026-05-13,0.0008717254470408633
2026-05-14,-2.3072863206825425e-05
2026-05-15,0.0016092228420587372
2026-05-18,-0.0005681004964963887
2026-05-19,0.002478391665239078
2026-05-20,-0.004324226988095175
2026-05-21,-0.0011259222775498545
2026-05-22,-0.0005636772395298863
2026-05-26,0.0042436577112735996
2026-05-27,-0.00592569409748147
2026-05-28,0.0031684616595362325
2026-05-29,0.0038049816161906014
2026-06-01,0.0003743836713691338
2026-06-02,-0.0026404696145845724
2026-06-03,0.0005392794261081688
2026-06-04,-0.00039212769796120915
2026-06-05,-0.004950315222688282
2026-06-08,6.196201671185934e-05
2026-06-09,-0.0030582524428548865
2026-06-10,-0.0011104140505933363
2026-06-11,-0.004410906110953627
2026-06-12,0.00014424683587777796
2026-06-15,0.00954366163388672
2026-06-16,-0.00038226394841627556
2026-06-17,0.0012995653001627912
2026-06-18,-0.0038682849109226117
2026-06-22,0.0017420526200447979
2026-06-23,-0.0022803083020290454
2026-06-24,-0.006997940104821228
2026-06-25,-0.007701606402488286
2026-06-26,-0.0034364485268310765
2026-06-29,0.005992523360315913
2026-06-30,0.0017864442551716972
2026-07-01,0.0026290028698794715
2026-07-02,-0.00021101757718273257
2026-07-06,0.0058561556131041725
2026-07-07,-0.002771334546942734
2026-07-08,0.005999052171802168
2026-07-09,0.0003182241996830681
2026-07-10,-0.00425591485689646
2026-07-13,-0.00317907289170574
2026-07-14,0.0013585520629847082
2026-07-15,0.00013283087090307154
2026-07-16,-0.004678659853859546
2026-07-17,0.0012098189571480545
2026-07-20,0.0036257752960017382
2026-07-21,0.0017440795464707414
2026-07-22,-0.004885945629360558
2026-07-23,-0.00030807677778401
2026-07-24,-0.001492539912078703
2026-07-27,0.004864269548301415
2026-07-28,-4.142733077694135e-05
2026-07-29,0.004183669004184536
2026-07-30,0.006815289122124428
2026-07-31,-0.00048081773117928896
2026-08-03,-0.004995046690102524
2026-08-04,-0.004023008955246337
2026-08-05,0.0029266751217360185
2026-08-06,0.0013660423794818405
2026-08-07,0.0035181519882234724
2026-08-10,0.0029799656505159317
2026-08-11,-0.008526084691736768
2026-08-12,-0.002730236132738167
2026-08-13,0.0060577051607170985
2026-08-14,-0.0034291630843722282
2026-08-17,-0.0036272658281424975
2026-08-18,0.006220350530637002
2026-08-19,-0.016845157322941545
2026-08-20,0.0028081542968093178
2026-08-21,-0.007719502356987351
2026-08-24,-0.007764237805522267
2026-08-25,0.005476947357634561
2026-08-26,
2026-08-27,
2026-08-28,
2026-08-31,
2026-09-01,
2026-09-02,
2026-09-03,
2026-09-04,
2026-09-08,
2026-09-09,
2026-09-10,
2026-09-11,
