Date_,ls_ret
1995-12-01,
1995-12-04,
1995-12-05,
1995-12-06,
1995-12-07,
1995-12-08,
1995-12-11,
1995-12-12,
1995-12-13,
1995-12-14,
1995-12-15,
1995-12-18,
1995-12-19,
1995-12-20,
1995-12-21,
1995-12-22,
1995-12-25,
1995-12-26,
1995-12-27,
1995-12-28,
1995-12-29,
1996-01-02,
1996-01-03,
1996-01-04,
1996-01-05,
1996-01-08,
1996-01-09,
1996-01-10,
1996-01-11,
1996-01-12,
1996-01-15,
1996-01-16,
1996-01-17,
1996-01-18,
1996-01-19,
1996-01-22,
1996-01-23,
1996-01-24,
1996-01-25,
1996-01-26,
1996-01-29,
1996-01-30,
1996-01-31,
1996-02-01,
1996-02-02,
1996-02-05,
1996-02-06,
1996-02-07,
1996-02-08,
1996-02-09,
1996-02-12,
1996-02-13,
1996-02-14,
1996-02-15,
1996-02-16,
1996-02-19,
1996-02-20,
1996-02-21,
1996-02-22,
1996-02-23,
1996-02-26,
1996-02-27,
1996-02-28,
1996-02-29,
1996-03-01,
1996-03-04,
1996-03-05,
1996-03-06,
1996-03-07,
1996-03-08,
1996-03-11,
1996-03-12,
1996-03-13,
1996-03-14,
1996-03-15,
1996-03-18,
1996-03-19,
1996-03-20,
1996-03-21,
1996-03-22,
1996-03-25,
1996-03-26,
1996-03-27,
1996-03-28,
1996-03-29,
1996-04-01,
1996-04-02,
1996-04-03,
1996-04-04,
1996-04-05,
1996-04-08,
1996-04-09,
1996-04-10,
1996-04-11,
1996-04-12,
1996-04-15,
1996-04-16,
1996-04-17,
1996-04-18,
1996-04-19,
1996-04-22,
1996-04-23,
1996-04-24,
1996-04-25,
1996-04-26,
1996-04-29,
1996-04-30,
1996-05-01,
1996-05-02,
1996-05-03,
1996-05-06,
1996-05-07,
1996-05-08,
1996-05-09,
1996-05-10,
1996-05-13,
1996-05-14,
1996-05-15,
1996-05-16,
1996-05-17,
1996-05-20,
1996-05-21,
1996-05-22,
1996-05-23,
1996-05-24,
1996-05-27,
1996-05-28,
1996-05-29,
1996-05-30,
1996-05-31,
1996-06-03,
1996-06-04,
1996-06-05,
1996-06-06,
1996-06-07,
1996-06-10,
1996-06-11,
1996-06-12,
1996-06-13,
1996-06-14,
1996-06-17,
1996-06-18,
1996-06-19,
1996-06-20,
1996-06-21,
1996-06-24,
1996-06-25,
1996-06-26,
1996-06-27,
1996-06-28,
1996-07-01,
1996-07-02,
1996-07-03,
1996-07-04,
1996-07-05,
1996-07-08,
1996-07-09,
1996-07-10,
1996-07-11,
1996-07-12,
1996-07-15,
1996-07-16,
1996-07-17,
1996-07-18,
1996-07-19,
1996-07-22,
1996-07-23,
1996-07-24,
1996-07-25,
1996-07-26,
1996-07-29,
1996-07-30,
1996-07-31,
1996-08-01,
1996-08-02,
1996-08-05,
1996-08-06,
1996-08-07,
1996-08-08,
1996-08-09,
1996-08-12,
1996-08-13,
1996-08-14,
1996-08-15,
1996-08-16,
1996-08-19,
1996-08-20,
1996-08-21,
1996-08-22,
1996-08-23,
1996-08-26,
1996-08-27,
1996-08-28,
1996-08-29,
1996-08-30,
1996-09-02,
1996-09-03,
1996-09-04,
1996-09-05,
1996-09-06,
1996-09-09,
1996-09-10,
1996-09-11,
1996-09-12,
1996-09-13,
1996-09-16,
1996-09-17,
1996-09-18,
1996-09-19,
1996-09-20,
1996-09-23,
1996-09-24,
1996-09-25,
1996-09-26,
1996-09-27,
1996-09-30,
1996-10-01,
1996-10-02,
1996-10-03,
1996-10-04,
1996-10-07,
1996-10-08,
1996-10-09,
1996-10-10,
1996-10-11,
1996-10-14,
1996-10-15,
1996-10-16,
1996-10-17,
1996-10-18,
1996-10-21,
1996-10-22,
1996-10-23,
1996-10-24,
1996-10-25,
1996-10-28,
1996-10-29,
1996-10-30,
1996-10-31,
1996-11-01,
1996-11-04,
1996-11-05,
1996-11-06,
1996-11-07,
1996-11-08,
1996-11-11,
1996-11-12,
1996-11-13,
1996-11-14,
1996-11-15,
1996-11-18,
1996-11-19,
1996-11-20,
1996-11-21,
1996-11-22,
1996-11-25,
1996-11-26,
1996-11-27,
1996-11-28,
1996-11-29,
1996-12-02,
1996-12-03,
1996-12-04,
1996-12-05,
1996-12-06,
1996-12-09,
1996-12-10,
1996-12-11,
1996-12-12,
1996-12-13,
1996-12-16,
1996-12-17,
1996-12-18,
1996-12-19,
1996-12-20,
1996-12-23,
1996-12-24,
1996-12-25,
1996-12-26,
1996-12-27,
1996-12-30,
1996-12-31,
1997-01-02,
1997-01-03,
1997-01-06,
1997-01-07,
1997-01-08,
1997-01-09,
1997-01-10,
1997-01-13,
1997-01-14,
1997-01-15,
1997-01-16,
1997-01-17,-0.03932572406100199
1997-01-20,0.009694194840903022
1997-01-21,-0.023550819798588935
1997-01-22,-0.001736646845450357
1997-01-23,-0.008230272570121322
1997-01-24,-0.016790083012769224
1997-01-27,0.0030029674964563275
1997-01-28,-0.004218171325333023
1997-01-29,-0.0026082601702070995
1997-01-30,-0.011677290109519345
1997-01-31,0.0021405454582475447
1997-02-03,-0.004925772775619255
1997-02-04,-0.0032547301588334732
1997-02-05,0.005970861699542011
1997-02-06,-0.006397021939476969
1997-02-07,0.0015892609947880767
1997-02-10,-0.010364158897556557
1997-02-11,-0.021658842395686415
1997-02-12,0.0035447593648753562
1997-02-13,-0.00443770109042535
1997-02-14,-0.0034507046466743835
1997-02-17,
1997-02-18,-0.02023272741527991
1997-02-19,0.01908188778224911
1997-02-20,0.01262247803357198
1997-02-21,0.00025996829836619613
1997-02-24,0.01708061916038424
1997-02-25,0.031065648347266488
1997-02-26,-0.007761248659020364
1997-02-27,-0.007802283009140203
1997-02-28,0.005019640446209818
1997-03-03,0.008350056966429882
1997-03-04,0.004090142341410523
1997-03-05,0.022196395131640678
1997-03-06,-0.004428634574746765
1997-03-07,-0.00923254993290984
1997-03-10,-0.007813510037635689
1997-03-11,0.00516426683475793
1997-03-12,0.0021826353722321015
1997-03-13,-0.011181951188621884
1997-03-14,0.006250147731673382
1997-03-17,0.00882763240477094
1997-03-18,-0.0025857689598386847
1997-03-19,-0.018699527576837262
1997-03-20,-0.00578883530338682
1997-03-21,-0.009766697284844892
1997-03-24,0.008814839764916852
1997-03-25,0.002304402192091104
1997-03-26,-0.03501683884243656
1997-03-27,-0.004859804803491481
1997-03-28,
1997-03-31,0.0043905184204443
1997-04-01,-0.00021826705403242707
1997-04-02,0.003143820006584678
1997-04-03,-0.0003166553772753951
1997-04-04,0.031552903688882555
1997-04-07,-0.006034985659831256
1997-04-08,0.004185953226925363
1997-04-09,-0.013700838057861344
1997-04-10,-0.003732509187252947
1997-04-11,-0.013873319982820174
1997-04-14,-0.003728138493463958
1997-04-15,-0.014751383809777786
1997-04-16,-0.0031012988479277776
1997-04-17,-0.013470842794294932
1997-04-18,-0.02276480264938561
1997-04-21,-0.011526458399694956
1997-04-22,0.0028873056654216953
1997-04-23,-0.003503121336074233
1997-04-24,-0.004459287795316467
1997-04-25,0.002956220888674933
1997-04-28,-0.013307336853160068
1997-04-29,0.01050570502076846
1997-04-30,0.008803800434925109
1997-05-01,-8.177663908003486e-05
1997-05-02,-0.00030872433347592837
1997-05-05,-0.007966519359035399
1997-05-06,-0.003027336713780073
1997-05-07,-0.009398882430892423
1997-05-08,-0.007613252147618952
1997-05-09,0.002460073522728611
1997-05-12,-0.009473723895939997
1997-05-13,0.003091698468862172
1997-05-14,0.0011892013057427746
1997-05-15,-0.009630191232452267
1997-05-16,0.004846759673870591
1997-05-19,-0.00031131091537532017
1997-05-20,0.00325681934815929
1997-05-21,-0.008803814595786994
1997-05-22,0.00612101055020279
1997-05-23,-0.012268868269706652
1997-05-26,
1997-05-27,-0.002341239435641214
1997-05-28,-0.013319419233589392
1997-05-29,-0.002263396781538982
1997-05-30,0.0006439880766581485
1997-06-02,-0.0016107748881253859
1997-06-03,0.001376408071431765
1997-06-04,0.002072342723791807
1997-06-05,0.0042726996705248115
1997-06-06,-0.005315832911651756
1997-06-09,-0.004466075342275172
1997-06-10,0.009496610584824075
1997-06-11,0.0021164547490279285
1997-06-12,0.004702465102729242
1997-06-13,-0.0026374387151782345
1997-06-16,-0.001810485858851236
1997-06-17,-0.006340355676066481
1997-06-18,-0.002082153441246336
1997-06-19,-0.0026906823443438
1997-06-20,0.011305172603160251
1997-06-23,0.003601532359512239
1997-06-24,-0.010809143276260114
1997-06-25,0.005498147007494157
1997-06-26,0.0033584237239305727
1997-06-27,-0.006442774900033483
1997-06-30,0.015533938064007142
1997-07-01,-0.015192237666849275
1997-07-02,0.004877484142672022
1997-07-03,-0.00023101283129874404
1997-07-04,
1997-07-07,0.0018810000102866464
1997-07-08,0.00578973383519769
1997-07-09,0.0020284423595975376
1997-07-10,0.002210356098007301
1997-07-11,-0.0017226701687811708
1997-07-14,-0.0023463593697353484
1997-07-15,-0.003496756702663502
1997-07-16,-0.00023077318559441007
1997-07-17,-0.0028376057332795356
1997-07-18,0.0003909030796861961
1997-07-21,-0.0030426752961830172
1997-07-22,-0.0021657483833845497
1997-07-23,0.001023662051688659
1997-07-24,-0.0019372734477211904
1997-07-25,-0.0017409460623993276
1997-07-28,0.0026762033276310363
1997-07-29,-0.00015272525474401618
1997-07-30,-0.0005049380066865845
1997-07-31,-0.0007161128785684455
1997-08-01,-0.00042633379882872256
1997-08-04,-0.0016310998082163628
1997-08-05,0.0006448382124891177
1997-08-06,0.0007539901920730789
1997-08-07,-0.0039692291158046475
1997-08-08,0.0003091018050793134
1997-08-11,-0.0023187157533266817
1997-08-12,0.0005858621508010605
1997-08-13,-0.0010398012174710734
1997-08-14,-0.0006764423744988229
1997-08-15,0.0007240981242387081
1997-08-18,-0.0018316209519075519
1997-08-19,-0.00034681579944565724
1997-08-20,0.00027962415875839875
1997-08-21,0.0010230284519737306
1997-08-22,-0.0018169424256364094
1997-08-25,-0.0006415246432379181
1997-08-26,-0.001093797665630345
1997-08-27,-0.00039087049880409067
1997-08-28,0.0018212376042685428
1997-08-29,2.178871596380647e-05
1997-09-01,
1997-09-02,-0.0018292949908687273
1997-09-03,0.0006766867796124935
1997-09-04,-0.000350874136341924
1997-09-05,-0.0004837743842146065
1997-09-08,0.0008821706472516975
1997-09-09,0.0028978200860239824
1997-09-10,0.003668061757068377
1997-09-11,0.0020321326812796124
1997-09-12,0.0006656033525160471
1997-09-15,0.002936096797957432
1997-09-16,0.0008030127545153593
1997-09-17,0.001941457814232878
1997-09-18,-0.002174975205868053
1997-09-19,0.0008972173794248383
1997-09-22,0.0010418423285622536
1997-09-23,-0.00043339047988366495
1997-09-24,-0.0016991543024041896
1997-09-25,-0.00010133517010330649
1997-09-26,0.00041593492824484955
1997-09-29,0.00012637888206155562
1997-09-30,-0.000477234247979573
1997-10-01,0.0010600698585715386
1997-10-02,0.0008722985877287688
1997-10-03,0.001480515792791448
1997-10-06,0.0018153726937855722
1997-10-07,0.0018124267395679208
1997-10-08,-0.0026283010666061928
1997-10-09,-0.0018960478858192093
1997-10-10,0.0010436338400400189
1997-10-13,0.0011567831672143424
1997-10-14,-0.001468485505400052
1997-10-15,-0.000444402368683426
1997-10-16,-0.0003149298560512713
1997-10-17,-0.001663155271600566
1997-10-20,-0.001218954337295334
1997-10-21,0.003288991537237451
1997-10-22,0.0005183249184308052
1997-10-23,0.0014708865999368099
1997-10-24,0.0016145190805004835
1997-10-27,0.005441091320544269
1997-10-28,-0.005565851431342563
1997-10-29,0.003058439953139987
1997-10-30,0.002460746545843435
1997-10-31,-0.000862302428216447
1997-11-03,0.0013308468514639257
1997-11-04,0.004091608546059593
1997-11-05,0.0012707703829180964
1997-11-06,-0.0006254975531191227
1997-11-07,0.0012088499793936399
1997-11-10,-0.001570654864499196
1997-11-11,-0.002807576509211618
1997-11-12,0.0005993807857115331
1997-11-13,-0.002116479116538039
1997-11-14,0.0002173763078958956
1997-11-17,0.0008323857151465448
1997-11-18,-0.001151714105311976
1997-11-19,-0.0010201227712377642
1997-11-20,0.0016751344648133675
1997-11-21,0.0006239083341033011
1997-11-24,-0.0023536388122743753
1997-11-25,0.0001696048311387279
1997-11-26,-3.6621557876284645e-05
1997-11-27,-0.00954488264981237
1997-11-28,0.0013702234893145252
1997-12-01,-0.0033907920646361078
1997-12-02,0.002934076885104944
1997-12-03,0.0040765764201366825
1997-12-04,0.000719648281523654
1997-12-05,5.3856474303198355e-05
1997-12-08,0.0027289789090192374
1997-12-09,-0.0008112115113826202
1997-12-10,0.0017906224921146324
1997-12-11,-0.002969940972088429
1997-12-12,-0.00023815128830181325
1997-12-15,-0.0012209963893281047
1997-12-16,-0.00020411454800847617
1997-12-17,0.0019022657169987596
1997-12-18,0.0016845816873657586
1997-12-19,0.0002009215838267257
1997-12-22,0.0013981733729541636
1997-12-23,-0.0017866465010229593
1997-12-24,0.0011660671520717476
1997-12-25,
1997-12-26,-0.0005543077698660375
1997-12-29,0.0017308273435651933
1997-12-30,0.0027475673705280013
1997-12-31,0.002024696760129673
1998-01-02,-0.007259000464848392
1998-01-05,-0.0028229040189455294
1998-01-06,-0.0025721778808088765
1998-01-07,0.0005748997759155196
1998-01-08,-0.0024036016671214362
1998-01-09,-0.0008789482842656342
1998-01-12,-0.0001700753374064932
1998-01-13,0.005190650688306385
1998-01-14,0.0016141418208718802
1998-01-15,0.0017489098622432131
1998-01-16,0.0012606494105263542
1998-01-19,0.019104945705975457
1998-01-20,0.0049571972790017895
1998-01-21,-0.000216604632278625
1998-01-22,-0.004464592382236269
1998-01-23,-0.0025086080689170087
1998-01-26,0.004114638391702176
1998-01-27,0.0029065241972529745
1998-01-28,0.004020814733911752
1998-01-29,0.0022757366820815015
1998-01-30,-0.0022260261917652407
1998-02-02,-0.0007377920705629421
1998-02-03,0.0018021443084821206
1998-02-04,-0.0005899349109400273
1998-02-05,0.0003775225893959987
1998-02-06,-0.0012114715934307232
1998-02-09,-0.001832707147772652
1998-02-10,0.0023411891490986254
1998-02-11,-0.0002280327301468778
1998-02-12,-3.360387340358731e-05
1998-02-13,0.0016608807991483866
1998-02-16,0.009231097348643602
1998-02-17,-0.0026776326769355455
1998-02-18,0.0034180973574459454
1998-02-19,0.00020842057132087954
1998-02-20,-0.0006914585879671021
1998-02-23,0.00039409301790822035
1998-02-24,0.0012662379812528163
1998-02-25,0.0024964502513290664
1998-02-26,0.0010395621269797786
1998-02-27,-0.00026793913332309575
1998-03-02,0.0020693517708574543
1998-03-03,0.0026700285440983775
1998-03-04,-0.0021776202450797563
1998-03-05,0.0016821941225723326
1998-03-06,0.0002238056251751881
1998-03-09,-0.003019217982756265
1998-03-10,0.00041459191571302615
1998-03-11,-0.000934568890400676
1998-03-12,0.0005730521462409364
1998-03-13,-0.0010365451126940577
1998-03-16,-0.002178676853273529
1998-03-17,-0.00023698470768313367
1998-03-18,0.002223903998279678
1998-03-19,0.001626518385599629
1998-03-20,0.0019214636779057053
1998-03-23,0.0007283996310855298
1998-03-24,-0.0008481623774023765
1998-03-25,0.0008267149924319774
1998-03-26,0.0029332327610264767
1998-03-27,0.0004059636212688762
1998-03-30,7.588461205020568e-05
1998-03-31,0.0003094751948663458
1998-04-01,0.0008783194316699003
1998-04-02,-0.001059442474220276
1998-04-03,-0.00034523383406897114
1998-04-06,-0.0012956642413864854
1998-04-07,7.191270346553371e-05
1998-04-08,-3.7228769152385856e-05
1998-04-09,0.000493176316724436
1998-04-10,
1998-04-13,-0.0004668816096664739
1998-04-14,-0.0014184680349006796
1998-04-15,0.0017368435467220707
1998-04-16,-0.0015072993704975178
1998-04-17,-0.0040459591555417965
1998-04-20,0.0020860457958419938
1998-04-21,0.0025091571224308416
1998-04-22,-0.0030481189583655244
1998-04-23,0.0006190012322866132
1998-04-24,0.0019518603280334842
1998-04-27,0.00036833720049550843
1998-04-28,-0.000911002021473776
1998-04-29,0.0021457550454196113
1998-04-30,-0.0008151305745764148
1998-05-01,-0.0014890021778624662
1998-05-04,0.0003636030110477556
1998-05-05,-0.00016724868389032048
1998-05-06,-0.0023014371530005002
1998-05-07,-0.0024972060803303006
1998-05-08,-0.001640577283784336
1998-05-11,0.001084731488317005
1998-05-12,0.0006202367621219675
1998-05-13,0.003259846772872511
1998-05-14,-5.779024527317618e-05
1998-05-15,-5.206722701664683e-05
1998-05-18,0.0026907302305890285
1998-05-19,0.0017760165034630447
1998-05-20,6.0987611057093363e-05
1998-05-21,-0.0012651761694168105
1998-05-22,0.0006544791163588618
1998-05-25,-0.0036568866965711122
1998-05-26,0.0009090253283428245
1998-05-27,0.0015841753542478402
1998-05-28,-0.0012554895754537001
1998-05-29,0.0012002747551474089
1998-06-01,-0.0020408108897153614
1998-06-02,0.001331333549468922
1998-06-03,-6.437375909805513e-05
1998-06-04,0.0007330912805604055
1998-06-05,3.740541992986519e-06
1998-06-08,0.0018785081406009231
1998-06-09,-2.9408033787517824e-05
1998-06-10,0.0023230375897440435
1998-06-11,-0.0012015729703900647
1998-06-12,-0.0022189486919724556
1998-06-15,0.0011275263167223007
1998-06-16,0.00047729934681201214
1998-06-17,0.0014346768201801289
1998-06-18,0.002460017047015542
1998-06-19,0.002682896133798829
1998-06-22,-0.0011169985870775514
1998-06-23,-0.0003430965086926651
1998-06-24,0.00014829530662170082
1998-06-25,-7.921132416923788e-05
1998-06-26,-0.000891869487648735
1998-06-29,0.0004615088720944444
1998-06-30,-0.00016154684158431197
1998-07-01,-6.017762592804341e-05
1998-07-02,-0.0007053042212169849
1998-07-03,-0.004868870691315871
1998-07-06,0.0008481486374199977
1998-07-07,0.0013641233475631459
1998-07-08,0.002281761436235805
1998-07-09,0.002759915291466111
1998-07-10,0.003045170600541739
1998-07-13,0.002465700294133153
1998-07-14,-0.0001066544219209908
1998-07-15,-0.00343241462342021
1998-07-16,0.003266049907191399
1998-07-17,0.001298692879607074
1998-07-20,0.00996415287587614
1998-07-21,0.003446632853930393
1998-07-22,0.001083771073901754
1998-07-23,-0.0022853136341666465
1998-07-24,-0.0038446416347760757
1998-07-27,-0.0017230685174868998
1998-07-28,0.004789585771524726
1998-07-29,-0.000212989014546825
1998-07-30,-0.0011861217357366576
1998-07-31,0.0026268482850472746
1998-08-03,-0.0027580952957285566
1998-08-04,0.00019490418873039286
1998-08-05,0.002055561719214266
1998-08-06,-0.0006238535123869428
1998-08-07,0.0007907563040144835
1998-08-10,0.00316949943141004
1998-08-11,0.0014547549993126586
1998-08-12,-0.001782889333509277
1998-08-13,0.0023029509106919977
1998-08-14,-0.0020299136829013435
1998-08-17,0.0009710519631588923
1998-08-18,-0.0005198594046688273
1998-08-19,0.0011512285998066458
1998-08-20,0.0026403374028147165
1998-08-21,0.0052341355240193505
1998-08-24,0.0007502540503736189
1998-08-25,-0.00010436910182518082
1998-08-26,0.0018132200435139884
1998-08-27,0.003214158189814829
1998-08-28,-0.005018547332968777
1998-08-31,0.0011709385229269928
1998-09-01,0.004549634856699894
1998-09-02,0.002262374410212471
1998-09-03,0.0017763210106459567
1998-09-04,-0.001592884319650604
1998-09-07,
1998-09-08,-0.0023298436829506334
1998-09-09,0.0008356322622384549
1998-09-10,0.0013480172911823271
1998-09-11,-0.0031319061733306474
1998-09-14,0.0026493155738724276
1998-09-15,0.0008525389482616442
1998-09-16,-0.000366583447522347
1998-09-17,-0.004115029692562873
1998-09-18,0.00028466819896513817
1998-09-21,-0.0022384408231909867
1998-09-22,-0.0016352747878121388
1998-09-23,-0.00034599396617817203
1998-09-24,-0.0016175102215260054
1998-09-25,-0.0003192356835298479
1998-09-28,-0.002142737465663831
1998-09-29,-0.003095697169755933
1998-09-30,0.0026367574788771306
1998-10-01,-0.005509015005121239
1998-10-02,-0.004540231386250953
1998-10-05,-0.00017913436143814667
1998-10-06,-0.002619384276533134
1998-10-07,-0.005650474866800922
1998-10-08,0.004016200622236602
1998-10-09,0.003170472600611661
1998-10-12,0.0023431432274609886
1998-10-13,0.0011398323024559521
1998-10-14,-0.00342850692934838
1998-10-15,0.0026503511185992836
1998-10-16,-0.0063367396317288195
1998-10-19,0.002062591125791839
1998-10-20,-0.00020178465659671574
1998-10-21,0.0017087801330923876
1998-10-22,-0.0078116437659567625
1998-10-23,0.0028948329131247104
1998-10-26,0.003290532377035274
1998-10-27,0.003660672400165981
1998-10-28,0.001554178828060714
1998-10-29,-0.005085892933910296
1998-10-30,-0.0042208054707780635
1998-11-02,0.0008788509891027873
1998-11-03,-0.003972815317939541
1998-11-04,-0.000819546907222515
1998-11-05,-0.0008082175823726697
1998-11-06,0.004185203345085712
1998-11-09,0.003253539836443987
1998-11-10,0.0007876142503349708
1998-11-11,-0.0017054717843023206
1998-11-12,-0.0008342564347300007
1998-11-13,-0.0030289579810919617
1998-11-16,0.0011011625755344828
1998-11-17,-0.0002331212330769405
1998-11-18,0.006222719905968646
1998-11-19,0.001694379626689709
1998-11-20,-0.003562710337895071
1998-11-23,0.0016964345289636705
1998-11-24,0.0010565522767157557
1998-11-25,-0.00034652626832560327
1998-11-26,0.006738355317887468
1998-11-27,-0.0010756068697319364
1998-11-30,0.0028936088385451255
1998-12-01,0.0052383875672739715
1998-12-02,0.0002771940778968105
1998-12-03,0.002497478683782675
1998-12-04,0.0025003464292803774
1998-12-07,0.0028547181706351393
1998-12-08,0.001576196422222657
1998-12-09,0.002928607398249215
1998-12-10,0.003511757417255217
1998-12-11,0.0022116525730622913
1998-12-14,0.0023230017093253414
1998-12-15,-0.00034668267597125126
1998-12-16,-0.0013535952932448067
1998-12-17,0.0002039267186428929
1998-12-18,0.006789940754861531
1998-12-21,0.002700727438611905
1998-12-22,0.004677297992736884
1998-12-23,-0.0012156697863142764
1998-12-24,-0.002460849288025146
1998-12-25,
1998-12-28,0.000765047399041797
1998-12-29,0.0029422308731160782
1998-12-30,-0.0048560033002369
1998-12-31,-0.002841760756060607
1999-01-04,-0.006676335240250489
1999-01-05,-0.007222901933655932
1999-01-06,-0.010783650342856643
1999-01-07,-0.009344587962545762
1999-01-08,-0.004402627524946056
1999-01-11,-0.0027437601294376147
1999-01-12,0.003426438201541449
1999-01-13,-0.00020551042029519345
1999-01-14,-0.0030611592748952415
1999-01-15,-0.003672553782349143
1999-01-18,0.003571549578291829
1999-01-19,-0.0005858647545465285
1999-01-20,0.0014699198369621657
1999-01-21,0.004656426030336624
1999-01-22,0.001255752056249011
1999-01-25,0.0034955580497768035
1999-01-26,0.0006861841521739275
1999-01-27,-0.0006112963240423033
1999-01-28,0.001924352614266884
1999-01-29,0.002481558923710476
1999-02-01,-0.0006063963980959825
1999-02-02,-0.001784735820086048
1999-02-03,-0.004846702596426139
1999-02-04,-0.002867070486356589
1999-02-05,-0.005342223157343709
1999-02-08,-0.004596079985814255
1999-02-09,0.002308454777363616
1999-02-10,0.0009314013691552366
1999-02-11,0.004783091195646494
1999-02-12,-0.0027585215645547626
1999-02-15,-0.0018790916543057756
1999-02-16,0.0011859019608976727
1999-02-17,-0.0015688361928366886
1999-02-18,0.0007310335162952168
1999-02-19,0.0005440889192147457
1999-02-22,0.0006467307293329183
1999-02-23,0.0037434886615336244
1999-02-24,-0.00244507576029983
1999-02-25,-0.0007780826848883217
1999-02-26,0.0024614959255891736
1999-03-01,0.0005873724740763242
1999-03-02,0.0026364969667706426
1999-03-03,-0.004618821356328121
1999-03-04,-0.00134295714529822
1999-03-05,-0.002419231300653534
1999-03-08,-0.0048402145151106215
1999-03-09,0.00348438571406229
1999-03-10,-0.007172313237921804
1999-03-11,-0.003605942947649747
1999-03-12,-0.00787166892064735
1999-03-15,-0.0007256188033076119
1999-03-16,0.0013496588844977273
1999-03-17,-0.007373569832324802
1999-03-18,-0.0029742770313220448
1999-03-19,-0.003271344517442392
1999-03-22,-0.004061733667912749
1999-03-23,-0.003261420085686807
1999-03-24,-0.0021029897343375786
1999-03-25,0.005635969602036554
1999-03-26,-0.0033286650026468348
1999-03-29,-0.002302488305743047
1999-03-30,0.005060022006723593
1999-03-31,0.005272316988398696
1999-04-01,-0.0023953735248192077
1999-04-02,
1999-04-05,0.0045761195093139495
1999-04-06,0.0012307352409330308
1999-04-07,0.0031852662239961584
1999-04-08,-0.0015580588476750258
1999-04-09,-0.0010958648085882474
1999-04-12,-0.001551354439562785
1999-04-13,0.002482539596945876
1999-04-14,-0.00485408617744964
1999-04-15,-0.0047980405901927635
1999-04-16,-0.011836758035083926
1999-04-19,-0.006122716071001697
1999-04-20,0.005587578707965364
1999-04-21,-0.0009011761472861772
1999-04-22,-0.0022118942960755532
1999-04-23,0.003238251788550278
1999-04-26,0.0018164963245662024
1999-04-27,-0.004913769460825805
1999-04-28,-0.007051982225454107
1999-04-29,-0.0009182263717612499
1999-04-30,0.0024414924654934797
1999-05-03,-0.002371890734683435
1999-05-04,0.0017297300003753576
1999-05-05,-0.002104860856967316
1999-05-06,-0.0009019040129517434
1999-05-07,-0.0027835868765296147
1999-05-10,-0.0003479638953660641
1999-05-11,0.0003418098382603568
1999-05-12,0.0040280293477542445
1999-05-13,-0.0012439271068724503
1999-05-14,-0.0003930689934872906
1999-05-17,-0.0013738172012120785
1999-05-18,0.0029452957010838972
1999-05-19,-0.0022054952993893345
1999-05-20,-0.00014696416498267344
1999-05-21,-0.004908924000598982
1999-05-24,0.004887043218119657
1999-05-25,0.004771132775005366
1999-05-26,0.0006542801020134933
1999-05-27,0.0024370380604064935
1999-05-28,-0.002993573428561283
1999-05-31,-0.007345059738866973
1999-06-01,-0.001486750968719724
1999-06-02,0.0023777599967110155
1999-06-03,0.00010952274496309547
1999-06-04,0.001059563163954596
1999-06-07,-0.003922168086590749
1999-06-08,-0.001540818224921897
1999-06-09,0.0016965449696767314
1999-06-10,-0.00019374549488120966
1999-06-11,-0.0011766266454043088
1999-06-14,-0.002976580737116523
1999-06-15,0.004129700464490392
1999-06-16,0.0005713086535433858
1999-06-17,0.002458192258454436
1999-06-18,-0.002745460863131038
1999-06-21,0.003820269217142986
1999-06-22,0.0001358412608879371
1999-06-23,0.00026118461874751056
1999-06-24,-2.6474593152044443e-05
1999-06-25,0.0013383955273549308
1999-06-28,0.003302734487813032
1999-06-29,0.0007662854246601175
1999-06-30,-0.0011086742771491158
1999-07-01,0.0018187706409302372
1999-07-02,-0.004244475271916262
1999-07-05,0.000558575445550972
1999-07-06,-0.0006563731318074196
1999-07-07,0.001218092829340141
1999-07-08,-0.002230873410602462
1999-07-09,-0.006342585204657926
1999-07-12,-0.0006459428428726282
1999-07-13,-0.0020602130353458434
1999-07-14,0.0027221828105776177
1999-07-15,-0.0012699702369022305
1999-07-16,-0.0001256187426618999
1999-07-19,0.0013643373311915989
1999-07-20,0.0021040051589566173
1999-07-21,0.0026583955564755545
1999-07-22,-0.0008526170293418202
1999-07-23,0.0013221364880322015
1999-07-26,0.0029824869108130603
1999-07-27,0.0015075559457105236
1999-07-28,-0.0006803554301917403
1999-07-29,-0.0025983348067744614
1999-07-30,-0.001485859682378969
1999-08-02,-0.0022992086535069726
1999-08-03,0.0020501665942684972
1999-08-04,-0.003252074629640879
1999-08-05,-0.0012338320679234776
1999-08-06,-0.0030782640754754985
1999-08-09,-0.004755441840342765
1999-08-10,-0.0003607322595150168
1999-08-11,0.004512501308601105
1999-08-12,0.0025410011499292936
1999-08-13,0.0038923472328093412
1999-08-16,0.001416898218284584
1999-08-17,-0.0008526755519108968
1999-08-18,-0.000612621379803686
1999-08-19,-0.002039094686459813
1999-08-20,-5.826086368496734e-05
1999-08-23,-0.0006277808629000726
1999-08-24,0.0025068850865823705
1999-08-25,0.003842233864612569
1999-08-26,0.001300757394158211
1999-08-27,-0.004249169256571499
1999-08-30,-0.0009975138224576176
1999-08-31,-0.0020623864221944368
1999-09-01,0.0013401055501879667
1999-09-02,0.0009642037253889531
1999-09-03,0.002044225457855687
1999-09-06,
1999-09-07,0.0014704120455586167
1999-09-08,-0.0034930964540829195
1999-09-09,-0.005386651867127329
1999-09-10,-0.0005492412083215182
1999-09-13,0.0005473667645751576
1999-09-14,0.0008546942818486817
1999-09-15,0.003154732781734505
1999-09-16,-0.0010961062786506237
1999-09-17,-0.003117292271634685
1999-09-20,0.0012718910947596162
1999-09-21,0.0026194144237379645
1999-09-22,0.005868269253207321
1999-09-23,1.7175481909726145e-05
1999-09-24,-0.002806434463129609
1999-09-27,-0.0020387177567557516
1999-09-28,0.0017092654906862511
1999-09-29,-0.0028300219348835567
1999-09-30,0.0016437426830859404
1999-10-01,-0.0033928375039926867
1999-10-04,0.005807951216374032
1999-10-05,0.0023915822325339805
1999-10-06,0.0005824197585957553
1999-10-07,0.0005284649829923326
1999-10-08,0.002088657819442958
1999-10-11,-0.004914405626875035
1999-10-12,0.0012115832687790164
1999-10-13,0.001442338099684726
1999-10-14,0.002749550986213801
1999-10-15,0.003708414176179276
1999-10-18,0.006481006768177577
1999-10-19,-0.0016203017475218844
1999-10-20,-0.004162693927501945
1999-10-21,-0.0042915298143799685
1999-10-22,0.0002151028803284763
1999-10-25,0.0031223424910943333
1999-10-26,-0.003769853878829041
1999-10-27,-0.0010188152486778018
1999-10-28,-0.0005624205296753319
1999-10-29,0.0025598039888272725
1999-11-01,-0.004584008882724829
1999-11-02,0.0015735620182775005
1999-11-03,-0.0008123354650869843
1999-11-04,-0.0034708193446904676
1999-11-05,0.005675394770415417
1999-11-08,-0.006672000990128531
1999-11-09,-0.002695199278158857
1999-11-10,0.0017395516193339023
1999-11-11,-0.0006921783431846003
1999-11-12,-0.0024597072476969647
1999-11-15,5.3777712273620466e-05
1999-11-16,0.0023209315997855273
1999-11-17,0.0018086654464474418
1999-11-18,-0.004216361638872413
1999-11-19,0.0003353289896199059
1999-11-22,-0.004730572174726355
1999-11-23,-0.0017074893664314735
1999-11-24,-0.0022214977177385945
1999-11-25,0.018107215240509844
1999-11-26,-0.0009623243576543542
1999-11-29,-0.0026653423853382854
1999-11-30,0.0032607618427128626
1999-12-01,0.003502580876675185
1999-12-02,0.0005916512134072034
1999-12-03,0.0029920614067592477
1999-12-06,0.0036733546910295884
1999-12-07,0.00182664344115703
1999-12-08,-0.004645992482666153
1999-12-09,-0.00039054157324279514
1999-12-10,0.0030671280187462516
1999-12-13,-0.0002312596554962658
1999-12-14,0.001271000678266174
1999-12-15,0.003853620764947224
1999-12-16,0.000786019206988854
1999-12-17,0.0034459577920378463
1999-12-20,0.0024376499599676514
1999-12-21,0.0003322284397418499
1999-12-22,-0.003262452944094134
1999-12-23,-0.0004905800268886328
1999-12-24,0.013530312335949923
1999-12-27,0.002683634960968936
1999-12-28,0.0027063004348015385
1999-12-29,-0.0038505392199216183
1999-12-30,0.0017038690831885734
1999-12-31,-0.0029790487475575868
2000-01-03,-0.011281108296394636
2000-01-04,-0.0012915384907483806
2000-01-05,-0.0028345019976851243
2000-01-06,-0.007460304741361026
2000-01-07,-0.00041236444338142177
2000-01-10,-0.0017352760398814558
2000-01-11,-0.007048300798357186
2000-01-12,0.0021325601340836174
2000-01-13,0.001056476693498083
2000-01-14,0.007092006062717826
2000-01-17,0.035249360271828456
2000-01-18,-0.004004974249944836
2000-01-19,-0.0011701118254192654
2000-01-20,-0.000807996987340789
2000-01-21,-0.002253861460244633
2000-01-24,-0.0008569165177172074
2000-01-25,-0.00291891855595584
2000-01-26,0.004671513043597893
2000-01-27,0.006537972400023198
2000-01-28,-0.0009313237591119383
2000-01-31,0.0019234048468876146
2000-02-01,0.0018740626480662182
2000-02-02,-0.0030725159719951563
2000-02-03,-0.0030509454034328767
2000-02-04,-0.001238647781104181
2000-02-07,-0.002603337609810237
2000-02-08,-0.006716351236446615
2000-02-09,-0.004517042685306783
2000-02-10,-0.0013067651808287204
2000-02-11,-0.003226279125289726
2000-02-14,-0.003720413930626762
2000-02-15,-0.0012379499482146378
2000-02-16,-0.00422650270499318
2000-02-17,-0.008609836002473998
2000-02-18,-0.003948592339293292
2000-02-21,-0.00985105123379501
2000-02-22,0.002555919019492445
2000-02-23,-0.0036561650822497975
2000-02-24,-0.00978532740292275
2000-02-25,-0.00308165764310998
2000-02-28,0.004177460764576759
2000-02-29,0.002738242430228461
2000-03-01,-0.0025655182000204994
2000-03-02,0.0013304659011269936
2000-03-03,4.29515312199926e-06
2000-03-06,-0.005556896732586363
2000-03-07,-0.0031767421937583256
2000-03-08,-0.0012151820996357658
2000-03-09,-0.0034594354912940253
2000-03-10,0.0030174796668504013
2000-03-13,0.0032715870291048278
2000-03-14,0.0006363676923048366
2000-03-15,0.014215943803327042
2000-03-16,0.009407198330294417
2000-03-17,-0.0020109855068016153
2000-03-20,0.003394196392015189
2000-03-21,0.0035197421289639916
2000-03-22,-0.007746194737038531
2000-03-23,0.006768894063019311
2000-03-24,-0.001828797950694464
2000-03-27,-0.002641085504017565
2000-03-28,-0.00038559455162413787
2000-03-29,0.006688311282150136
2000-03-30,0.007466264060713338
2000-03-31,0.008216934642168076
2000-04-03,0.008973625553336733
2000-04-04,0.006117523042077508
2000-04-05,-0.0008955929281991387
2000-04-06,-0.0009191361169247099
2000-04-07,-0.0020820437106930908
2000-04-10,0.00669702730035684
2000-04-11,0.007506638943609233
2000-04-12,0.01577543120790744
2000-04-13,0.004964940719874614
2000-04-14,0.012299461031947923
2000-04-17,0.001708289819702159
2000-04-18,-0.015963945195605046
2000-04-19,-0.0017448834161504511
2000-04-20,0.009028565526252495
2000-04-21,
2000-04-24,0.00990668256135982
2000-04-25,-0.004128850321283601
2000-04-26,-0.0004957203937839661
2000-04-27,-0.001605090844131623
2000-04-28,-0.004995599311203646
2000-05-01,-0.004102383482064792
2000-05-02,-0.0016725463741775557
2000-05-03,0.003310481131856778
2000-05-04,-0.0006191583370461348
2000-05-05,0.002386266358617208
2000-05-08,0.0014870991006191304
2000-05-09,0.0033551796897131145
2000-05-10,0.007607813623146408
2000-05-11,-0.0008211460556478256
2000-05-12,0.0023033265274211446
2000-05-15,0.0024991266043474162
2000-05-16,-0.003853818555277297
2000-05-17,0.0016325529653724593
2000-05-18,0.003126941277512822
2000-05-19,-0.0005004715039257738
2000-05-22,0.00680372527433457
2000-05-23,0.00554881530931635
2000-05-24,-0.001961565164103028
2000-05-25,0.004592616685488293
2000-05-26,-0.0016391471856842374
2000-05-29,0.014529129992664591
2000-05-30,-0.00411868314266399
2000-05-31,-0.006742544673119848
2000-06-01,-0.0054669048333972035
2000-06-02,-0.006471520115079324
2000-06-05,-0.0036099668651162924
2000-06-06,-0.003900878672033806
2000-06-07,-0.004968281011440866
2000-06-08,0.005185721730492404
2000-06-09,0.002338645057330495
2000-06-12,0.005721864816100231
2000-06-13,0.005553430859120737
2000-06-14,0.005938170350442158
2000-06-15,0.0007095177173607509
2000-06-16,7.856452725577939e-05
2000-06-19,0.0006855978762215114
2000-06-20,-0.005899343977702631
2000-06-21,-0.0038026659049945283
2000-06-22,-0.001671857531565936
2000-06-23,0.00357270525882884
2000-06-26,0.001538703247215252
2000-06-27,0.0028242369533121557
2000-06-28,-0.002235851751785513
2000-06-29,0.003220791614886868
2000-06-30,-0.007031876510011704
2000-07-03,0.0035202071765575832
2000-07-04,-0.013554537095320784
2000-07-05,0.00012713327897102207
2000-07-06,-0.003909965185670777
2000-07-07,0.0033687937247123753
2000-07-10,0.004960301382303615
2000-07-11,0.008060941683118049
2000-07-12,-0.006767432070863208
2000-07-13,-0.006900637321167607
2000-07-14,-0.0004226810507242922
2000-07-17,0.004484657911634221
2000-07-18,0.0011553126445760053
2000-07-19,0.003186747224078024
2000-07-20,0.0014492225575890177
2000-07-21,0.006758236669022934
2000-07-24,0.0006625300164037959
2000-07-25,0.003576571684795771
2000-07-26,-0.0035260209882071215
2000-07-27,0.0032664494125215254
2000-07-28,0.002864932788802873
2000-07-31,0.00019390092449782248
2000-08-01,0.008427322135292627
2000-08-02,-0.0004477224597759221
2000-08-03,-0.003916250068407588
2000-08-04,0.00048676394375322165
2000-08-07,-0.0013470438331116715
2000-08-08,0.0025050272725312965
2000-08-09,-0.0011034763239445803
2000-08-10,0.0020815887563584955
2000-08-11,0.003174620732602797
2000-08-14,0.005604868544004467
2000-08-15,0.002674624776087255
2000-08-16,0.0018118703864462445
2000-08-17,-0.0034149492308249876
2000-08-18,-0.002299291454432947
2000-08-21,-0.00049522785602191
2000-08-22,5.501080249280179e-05
2000-08-23,0.0005335661907392039
2000-08-24,-0.0008240477565278655
2000-08-25,-0.0022409106215827
2000-08-28,0.002161234448169934
2000-08-29,-0.00044044127280735073
2000-08-30,-0.002574228770096829
2000-08-31,-0.0016811839856513517
2000-09-01,-0.0011867199466094288
2000-09-04,
2000-09-05,-0.0015526928396007637
2000-09-06,0.00030425213137178354
2000-09-07,-0.0004424545014473526
2000-09-08,-0.00015058142619656637
2000-09-11,0.002872717125011084
2000-09-12,1.5537052298106357e-05
2000-09-13,0.001174861116374214
2000-09-14,0.002231578813832632
2000-09-15,-0.00037650422322000655
2000-09-18,0.002515819184986005
2000-09-19,0.0009273302135544845
2000-09-20,0.007690239897972005
2000-09-21,0.002063535368704171
2000-09-22,0.0019996351731774538
2000-09-25,0.004980538697041829
2000-09-26,0.0030675395374938617
2000-09-27,0.005309014758056635
2000-09-28,-0.004393646268542899
2000-09-29,-0.004653969306932877
2000-10-02,0.009229765977005868
2000-10-03,3.0660475032014695e-05
2000-10-04,-0.0010463609541823652
2000-10-05,0.0021698933258765796
2000-10-06,0.002916738750516104
2000-10-09,-0.004886669628010513
2000-10-10,0.005053824820111307
2000-10-11,0.007130229803330869
2000-10-12,-0.001527222021360049
2000-10-13,-0.0074123046052296
2000-10-16,0.0027261194431710766
2000-10-17,0.004101009972224871
2000-10-18,0.0007299192488040313
2000-10-19,-0.008110593281601899
2000-10-20,-0.0031001417675962746
2000-10-23,0.006264177383643963
2000-10-24,-0.00661668587146098
2000-10-25,-0.0035821653559234587
2000-10-26,0.001703913872348601
2000-10-27,0.001126212956730429
2000-10-30,-0.0015038998793832255
2000-10-31,-0.0031837720523872582
2000-11-01,-0.0011226540315227012
2000-11-02,-0.001403624504271676
2000-11-03,0.004661782098183553
2000-11-06,0.0008166010857418105
2000-11-07,-0.0018506384099202008
2000-11-08,0.0038269666909646785
2000-11-09,0.0033960504937488077
2000-11-10,0.005655112170925164
2000-11-13,0.0007067261880400618
2000-11-14,0.0016230962737543958
2000-11-15,0.0024967702802313786
2000-11-16,0.0028590391794826773
2000-11-17,0.0023084697274435096
2000-11-20,0.0006444858552441095
2000-11-21,0.008999675599514338
2000-11-22,0.0005082479634722517
2000-11-23,
2000-11-24,-0.0025034669365736864
2000-11-27,-0.0015602809013316257
2000-11-28,0.004776761327483431
2000-11-29,0.0004894330649711945
2000-11-30,0.002094845704700063
2000-12-01,8.473992447432143e-05
2000-12-04,0.0010002202777038263
2000-12-05,8.694102032623416e-05
2000-12-06,0.005718914139819357
2000-12-07,0.006200074727163757
2000-12-08,-0.004377608892607307
2000-12-11,-0.002689696367768042
2000-12-12,-0.003554222919730497
2000-12-13,0.0012538059014608437
2000-12-14,-0.004878782613282048
2000-12-15,0.003377144982437364
2000-12-18,0.004980493203515699
2000-12-19,0.006790274552210123
2000-12-20,0.002501970725051072
2000-12-21,-0.0002883337077674449
2000-12-22,-0.004964041872031163
2000-12-25,
2000-12-26,0.008250685624155473
2000-12-27,0.002817671614490692
2000-12-28,-0.00587038734858562
2000-12-29,-0.006019414032096129
2001-01-02,-0.0077323744318682575
2001-01-03,-0.016872295347335454
2001-01-04,-0.020181172113218213
2001-01-05,0.00017602122384797073
2001-01-08,0.0024822927055907426
2001-01-09,-0.007482182248570425
2001-01-10,-0.005926730803335993
2001-01-11,-0.009099983445608719
2001-01-12,-0.010222365735239452
2001-01-15,0.015533593411202862
2001-01-16,-0.003174597593576173
2001-01-17,-0.0061947717287010534
2001-01-18,-0.007682797278949796
2001-01-19,-3.9649278378816193e-05
2001-01-22,0.0004903896915481435
2001-01-23,-0.004337969410704336
2001-01-24,-0.002399584771059786
2001-01-25,0.0022471969359895176
2001-01-26,-0.001697312845343929
2001-01-29,-0.008073659932269474
2001-01-30,-0.005561026060468084
2001-01-31,-0.0021601273346629553
2001-02-01,0.0032931469953610664
2001-02-02,0.0036832593377596214
2001-02-05,0.0035255639293594997
2001-02-06,0.0025641392641311996
2001-02-07,0.00042270416647013584
2001-02-08,-0.0015322638614035588
2001-02-09,0.0012558049922957594
2001-02-12,0.003581052174045698
2001-02-13,0.0009739047054239607
2001-02-14,-0.0027772352651613172
2001-02-15,-0.002363232821622785
2001-02-16,0.0034480369642878057
2001-02-19,-0.0028407546972097275
2001-02-20,0.00272228540769345
2001-02-21,-0.0017539224374727407
2001-02-22,-0.0033170009090291125
2001-02-23,0.0006721464309000319
2001-02-26,-0.00533329011322277
2001-02-27,0.0030587921015005127
2001-02-28,0.0023161036866408283
2001-03-01,0.001593901111616773
2001-03-02,0.004460820777100093
2001-03-05,0.00043937815681874314
2001-03-06,-0.00036167854157322457
2001-03-07,0.00233328485506302
2001-03-08,0.002359794762091995
2001-03-09,0.003943035888470948
2001-03-12,0.005135026346277323
2001-03-13,-0.0057618586521841625
2001-03-14,0.0036959726650921615
2001-03-15,-0.0029570639729396882
2001-03-16,0.003751872633527594
2001-03-19,0.0005332503821061055
2001-03-20,0.004013102498696532
2001-03-21,0.004431043514494645
2001-03-22,-0.002899316354187532
2001-03-23,-0.005634521642794875
2001-03-26,0.00354572120667606
2001-03-27,0.000316088646194012
2001-03-28,0.0030605452470178277
2001-03-29,-0.0019495539139609388
2001-03-30,0.00278146584153894
2001-04-02,0.0007097310028355478
2001-04-03,0.006805893817344949
2001-04-04,0.004417310324184943
2001-04-05,-0.004914656709704148
2001-04-06,0.002324962180669366
2001-04-09,0.0029581334862803987
2001-04-10,-0.006165129626290493
2001-04-11,0.00016710997782479545
2001-04-12,0.0006104332875285833
2001-04-13,
2001-04-16,-0.0002123835801808006
2001-04-17,0.003566766854619872
2001-04-18,-0.005985958499882707
2001-04-19,-0.0042011442291785455
2001-04-20,-0.0010326969321841704
2001-04-23,0.006959260715447203
2001-04-24,0.0031075189018074695
2001-04-25,0.0023478466151043457
2001-04-26,0.00021068176406228894
2001-04-27,-0.0020521682038673952
2001-04-30,-0.005745529372537489
2001-05-01,-0.006497886674179039
2001-05-02,-0.01557915272555957
2001-05-03,0.004755995127466915
2001-05-04,-0.0013536284222878166
2001-05-07,0.0035514646391958705
2001-05-08,0.0013762888411206298
2001-05-09,0.005041384549691535
2001-05-10,-0.0008112972221051489
2001-05-11,0.0024085655955579507
2001-05-14,0.007277635398255156
2001-05-15,-0.0008630576863413676
2001-05-16,-0.0021607077453142023
2001-05-17,-0.0010640642963810666
2001-05-18,0.0015832088757806036
2001-05-21,-0.006668278416131736
2001-05-22,-0.0075296546974628
2001-05-23,0.00019450413337829806
2001-05-24,-0.00015066715059173274
2001-05-25,0.00030545358311395997
2001-05-28,-0.0007785162308436474
2001-05-29,0.004290531984575376
2001-05-30,0.008934105369809632
2001-05-31,-0.0015598140375045007
2001-06-01,-0.0018699104617633142
2001-06-04,0.005863900031823183
2001-06-05,-0.0063516735107123036
2001-06-06,-0.002943932811737932
2001-06-07,-0.008122584844005637
2001-06-08,0.0011447284387169738
2001-06-11,-0.0006874060150310884
2001-06-12,-0.0002840213556319576
2001-06-13,-0.00016273702962350375
2001-06-14,0.006108502612126552
2001-06-15,0.0023178574334057635
2001-06-18,0.005353894710386434
2001-06-19,0.004277251006655656
2001-06-20,-0.001529467129361467
2001-06-21,-0.00738085322230674
2001-06-22,0.00010507597161875777
2001-06-25,-0.002407634448603667
2001-06-26,0.0006937903997971588
2001-06-27,-0.004025611541653956
2001-06-28,-0.0075220174214083516
2001-06-29,-0.006927819907166052
2001-07-02,0.0012297643363565556
2001-07-03,0.002894788726079068
2001-07-04,0.00962106188654761
2001-07-05,0.0039297076979110624
2001-07-06,0.0026029286168407725
2001-07-09,-0.004083932212127478
2001-07-10,0.0038206076498175146
2001-07-11,-0.003059138604269117
2001-07-12,-0.007777996193457326
2001-07-13,0.002749930582321043
2001-07-16,-0.0011986536566512016
2001-07-17,-0.0016908756402548408
2001-07-18,0.005795970492568875
2001-07-19,-0.0069552336717781035
2001-07-20,0.0025019705579735194
2001-07-23,0.00020670774106599818
2001-07-24,0.0015117898567403962
2001-07-25,0.002026200157757546
2001-07-26,-0.003041312192059097
2001-07-27,-0.003302699056634112
2001-07-30,-0.0004997759487698705
2001-07-31,-0.0011383203418531514
2001-08-01,-0.010340736381898412
2001-08-02,-0.0057357590429825585
2001-08-03,0.00227135314855638
2001-08-06,0.00019075438336655834
2001-08-07,0.0019782072114349495
2001-08-08,0.007398533458451229
2001-08-09,0.0024927970210478706
2001-08-10,0.0023947577617055454
2001-08-13,-0.0009173409204533509
2001-08-14,0.003785841921069228
2001-08-15,0.011509567426501688
2001-08-16,0.0021594485731237954
2001-08-17,0.007605695952646021
2001-08-20,0.0002555986445453272
2001-08-21,0.006743563503198747
2001-08-22,-0.004157407277468128
2001-08-23,0.004578667991076878
2001-08-24,-0.014131976496418666
2001-08-27,-0.005669599467485271
2001-08-28,0.0049516699335189745
2001-08-29,0.005067321476213169
2001-08-30,0.00669965454126756
2001-08-31,-0.004092007977514723
2001-09-03,
2001-09-04,0.005017677640339542
2001-09-05,0.0040649280383144816
2001-09-06,0.007793172342498152
2001-09-07,-0.0015089152390558938
2001-09-10,0.00026521188307470126
2001-09-11,-0.06642569723266038
2001-09-12,
2001-09-13,0.04499169667422356
2001-09-14,-0.049125752123363876
2001-09-17,0.02348777482137372
2001-09-18,0.007614850118270711
2001-09-19,0.0008000935819708167
2001-09-20,0.009980607287997207
2001-09-21,0.006404241259368674
2001-09-24,-0.01058892361452772
2001-09-25,0.007440861794785737
2001-09-26,0.016909565379313776
2001-09-27,0.012878663515004047
2001-09-28,2.282222324023006e-05
2001-10-01,0.007842792698701886
2001-10-02,0.002868152650461273
2001-10-03,-0.012157651517862926
2001-10-04,-0.0051504769182168135
2001-10-05,0.00164211254141666
2001-10-08,-0.005540129160042398
2001-10-09,0.009943274117684238
2001-10-10,-0.010352605679597247
2001-10-11,-0.021332198644560867
2001-10-12,-0.002651454258574849
2001-10-15,0.0045726776053638665
2001-10-16,-0.0047894492761916775
2001-10-17,0.002441884026637544
2001-10-18,0.001523540408848641
2001-10-19,0.0001247142382183683
2001-10-22,-0.0012683077113878267
2001-10-23,-0.0033924840149781735
2001-10-24,-0.00524452140593011
2001-10-25,-0.007286149087765567
2001-10-26,0.0036629239334736562
2001-10-29,0.007508076979845786
2001-10-30,0.005805252171066923
2001-10-31,-0.005119254465518015
2001-11-01,-0.007798794726621784
2001-11-02,-0.001473451026366142
2001-11-05,-0.005365825019426389
2001-11-06,-0.003614649920324365
2001-11-07,0.00030000761032217304
2001-11-08,-0.004113673343133399
2001-11-09,-0.0004386485513119808
2001-11-12,0.001207434348646992
2001-11-13,-0.004776293169297555
2001-11-14,-0.006535409727734174
2001-11-15,-0.004377571985537697
2001-11-16,-0.007735765448804544
2001-11-19,-0.004208236421040404
2001-11-20,0.0123945947272492
2001-11-21,0.002016222227904817
2001-11-22,0.0013927584798474437
2001-11-23,-0.0036180989640146907
2001-11-26,-0.0036920985603695316
2001-11-27,-0.005986968197213595
2001-11-28,0.006153359756763622
2001-11-29,-0.0013004103812812144
2001-11-30,0.002049357929080328
2001-12-03,0.003208679674289846
2001-12-04,-0.0035543712559795906
2001-12-05,-0.015025004311191052
2001-12-06,-0.004251376781332595
2001-12-07,0.0045415067352722665
2001-12-10,0.0012204344040590196
2001-12-11,-0.002586320845131292
2001-12-12,-0.001823862114252866
2001-12-13,0.012757549077818323
2001-12-14,0.002689629601833315
2001-12-17,0.00038207978703497334
2001-12-18,-0.002442591360610499
2001-12-19,0.006349291254593374
2001-12-20,0.008380168837122526
2001-12-21,-0.006661636331577937
2001-12-24,0.002058181370215381
2001-12-25,
2001-12-26,-0.004003771150508788
2001-12-27,-0.005335924334461463
2001-12-28,-0.00206458449587456
2001-12-31,0.0012929911335091003
2002-01-02,-0.010811052995813437
2002-01-03,-0.009006645286157787
2002-01-04,-0.00518102121290564
2002-01-07,0.004213506256315005
2002-01-08,0.0006974868021968145
2002-01-09,0.0032113486749653112
2002-01-10,0.0016164891402070142
2002-01-11,0.0017794957382550364
2002-01-14,0.006559571383403854
2002-01-15,0.006008362802432093
2002-01-16,0.007841406607747578
2002-01-17,0.0031500993281710823
2002-01-18,0.00034337258396465435
2002-01-21,0.0005767182554231834
2002-01-22,0.009108183728045926
2002-01-23,-0.0012544817021906036
2002-01-24,-0.004286738748856633
2002-01-25,0.0030501256170466016
2002-01-28,-0.0014051648822513102
2002-01-29,0.003772353479488704
2002-01-30,0.0012729022705484192
2002-01-31,0.003745716533321711
2002-02-01,0.0021533604225200636
2002-02-04,0.010074366897234462
2002-02-05,0.0024043206040294043
2002-02-06,0.0006392047792080013
2002-02-07,0.002479719839947831
2002-02-08,-0.002853025610638704
2002-02-11,-0.004869032717617186
2002-02-12,0.0030354185031295257
2002-02-13,-0.002155521564402318
2002-02-14,0.00231976255543806
2002-02-15,1.1488340874690549e-05
2002-02-18,0.002346368160354812
2002-02-19,0.001871330761622919
2002-02-20,-0.0016380918349864814
2002-02-21,0.002370070565810437
2002-02-22,-0.0023269296432164434
2002-02-25,-0.002830515170231177
2002-02-26,-0.00033077075735807505
2002-02-27,0.0011084100859637194
2002-02-28,-0.0003341972838455641
2002-03-01,-0.0050169470410958645
2002-03-04,-0.010799867844208754
2002-03-05,-0.002476193397535084
2002-03-06,-0.00400989511992863
2002-03-07,-0.0036354192117844615
2002-03-08,-0.0034346485456880683
2002-03-11,-0.00027470913796181335
2002-03-12,0.005621680444352646
2002-03-13,0.004026436015006756
2002-03-14,-0.0008070952841035824
2002-03-15,0.0008069127179240188
2002-03-18,0.0002813303118130517
2002-03-19,0.0002656825129720125
2002-03-20,0.0006337551171200294
2002-03-21,-0.0030242675042223607
2002-03-22,0.003463555843588575
2002-03-25,0.0025960288999904465
2002-03-26,0.003434263470261914
2002-03-27,-0.0011321997796589517
2002-03-28,-0.0035470279669673564
2002-03-29,
2002-04-01,-0.004605364336006099
2002-04-02,0.003529134777723559
2002-04-03,0.0032754395843580717
2002-04-04,0.0024734796561100814
2002-04-05,0.003083526727019373
2002-04-08,0.0017403167829812037
2002-04-09,0.005073116735873454
2002-04-10,0.0033028647337871777
2002-04-11,0.0044458390112051376
2002-04-12,-0.00018045285420904584
2002-04-15,-0.002518082006546025
2002-04-16,-0.008971190348056208
2002-04-17,-0.001738478073772607
2002-04-18,0.0021804970485962993
2002-04-19,-0.0004999905354659374
2002-04-22,0.006241767177542195
2002-04-23,7.738858766218919e-05
2002-04-24,0.004560039408389386
2002-04-25,-0.0014575571018549626
2002-04-26,0.0014255810787074602
2002-04-29,-0.0018514710097798535
2002-04-30,0.005290888469887847
2002-05-01,-0.0009679862836088754
2002-05-02,0.005128111260808428
2002-05-03,0.0015261398168170677
2002-05-06,0.005231594713254227
2002-05-07,0.0014314446101754898
2002-05-08,-0.011574416230344043
2002-05-09,0.005600593455671701
2002-05-10,0.002217479968878226
2002-05-13,-0.005933205646170503
2002-05-14,-0.0026094699965558523
2002-05-15,0.0022434427016868232
2002-05-16,1.8718018453635036e-05
2002-05-17,0.003466244552061195
2002-05-20,-0.0015516580283886122
2002-05-21,0.0023187704980807944
2002-05-22,-0.003403555006592971
2002-05-23,-0.0010606966239285814
2002-05-24,0.003398595663737076
2002-05-27,0.0020409959598443814
2002-05-28,0.0002956048270021233
2002-05-29,0.006464453922059538
2002-05-30,0.0019233101327525643
2002-05-31,0.0005387476723171757
2002-06-03,0.0042753827120400635
2002-06-04,-0.004974616660108265
2002-06-05,0.007348688321816576
2002-06-06,0.009482169201991285
2002-06-07,-0.0011555449552489673
2002-06-10,0.0067439993517251235
2002-06-11,0.0021804978444260425
2002-06-12,-0.0020723493756464174
2002-06-13,-0.0030382389787995383
2002-06-14,-0.002330754069638861
2002-06-17,-0.0026782969324354138
2002-06-18,0.002535470916464211
2002-06-19,0.007591955987231338
2002-06-20,0.0009193420383223178
2002-06-21,-0.0031736794571379273
2002-06-24,-0.005567144817357745
2002-06-25,-0.00238122879253348
2002-06-26,0.00017046627341830284
2002-06-27,-0.005411736972859808
2002-06-28,-0.004067735182587684
2002-07-01,0.0034624474514022103
2002-07-02,0.00253283020812126
2002-07-03,-0.0025308452507603408
2002-07-04,-0.008283011580985917
2002-07-05,-0.003939624555856932
2002-07-08,0.008230074246695411
2002-07-09,0.00023158772914247722
2002-07-10,0.002291280592433049
2002-07-11,-0.0013569747495539822
2002-07-12,0.004632821533871256
2002-07-15,-0.002339847676180871
2002-07-16,-0.008471354964725505
2002-07-17,-0.004770378730176851
2002-07-18,0.006461978887277796
2002-07-19,0.002409616980348976
2002-07-22,0.001321360212966603
2002-07-23,0.004974024738882874
2002-07-24,0.006534009010293217
2002-07-25,0.011517314391992458
2002-07-26,0.0022557173212081364
2002-07-29,-0.005114040835491752
2002-07-30,-0.005795384962181383
2002-07-31,0.005371936203062143
2002-08-01,0.005860151923522683
2002-08-02,0.0027062012434867022
2002-08-05,0.005460512280879059
2002-08-06,-0.00424577565297391
2002-08-07,0.0009700726348618289
2002-08-08,-0.0035725400385486906
2002-08-09,0.0017337981478146235
2002-08-12,-0.002387923144915338
2002-08-13,0.0025117817822325333
2002-08-14,-0.002854288680780457
2002-08-15,0.0013767388169529861
2002-08-16,-0.004460250327771421
2002-08-19,0.00018222994258753817
2002-08-20,-0.0018696386342398443
2002-08-21,-0.008081067215637096
2002-08-22,-0.007146735116180908
2002-08-23,0.004991460614926731
2002-08-26,-0.0027902845095783874
2002-08-27,0.005071357505725155
2002-08-28,0.004076091814519959
2002-08-29,-0.0006798383637145617
2002-08-30,0.002291978732721375
2002-09-02,
2002-09-03,0.004597200262004655
2002-09-04,-0.0019911940150906383
2002-09-05,0.005812158623664852
2002-09-06,-0.0038250205570065144
2002-09-09,0.0008567496933149637
2002-09-10,-0.0014409275225805893
2002-09-11,-0.0010242610559428455
2002-09-12,0.0019258698703982795
2002-09-13,0.0006103299348572615
2002-09-16,0.0024151641613090555
2002-09-17,0.0028023120393444833
2002-09-18,0.00038966510914442747
2002-09-19,0.0037856716228181304
2002-09-20,0.0003950900338980866
2002-09-23,0.004639356116270788
2002-09-24,0.0009997318648625627
2002-09-25,-0.006184990178935989
2002-09-26,0.0014423568329558969
2002-09-27,0.006430431377830963
2002-09-30,0.002804511815262164
2002-10-01,-0.0019380295323523393
2002-10-02,0.004620087992895289
2002-10-03,0.0010611381828765276
2002-10-04,0.0018188779770955989
2002-10-07,0.004980476414921606
2002-10-08,0.005145321180780619
2002-10-09,0.009296923004321937
2002-10-10,-0.008367525709018457
2002-10-11,-0.008661448148116977
2002-10-14,-0.0002923530054645276
2002-10-15,-0.00561774014931769
2002-10-16,0.007664330208648033
2002-10-17,-0.005763751293361215
2002-10-18,0.00470555294463097
2002-10-21,-0.0057661236932142045
2002-10-22,-0.0010504404005846455
2002-10-23,-0.003290873903529224
2002-10-24,-0.0006065567832675909
2002-10-25,7.813582373168926e-05
2002-10-28,-0.003605206649502259
2002-10-29,0.0006072594121190295
2002-10-30,-0.00467873001309993
2002-10-31,-0.002346324387692672
2002-11-01,-0.004402623735068468
2002-11-04,-0.0030350958522314727
2002-11-05,0.0008781139560770614
2002-11-06,-0.0037233886353828676
2002-11-07,0.0011001741322380436
2002-11-08,-0.0005780190595728053
2002-11-11,0.004128798717836707
2002-11-12,-0.0022015132596249713
2002-11-13,0.002215886594044133
2002-11-14,-0.0012108567758863209
2002-11-15,6.154688393694305e-05
2002-11-18,-0.0037833486048887963
2002-11-19,-0.002395081156150782
2002-11-20,-0.004409922637523261
2002-11-21,-0.004739156416793032
2002-11-22,-0.0026441265908358096
2002-11-25,-0.007224696417324149
2002-11-26,-0.00026305698514890517
2002-11-27,-0.0015819482287355291
2002-11-28,-0.001021296456193796
2002-11-29,-0.003981266356226217
2002-12-02,-0.005173775056364482
2002-12-03,0.0032827368292314713
2002-12-04,0.007108044195369471
2002-12-05,0.0007237394582201759
2002-12-06,0.0019165853993482064
2002-12-09,0.004020110244598489
2002-12-10,-0.0016726694162644516
2002-12-11,0.001016246910901629
2002-12-12,-0.0035678816137785976
2002-12-13,-0.0029224273142998934
2002-12-16,-0.00165368310703656
2002-12-17,0.00117285310961476
2002-12-18,0.003951749504842929
2002-12-19,-0.00037102032550865975
2002-12-20,-0.0005549276112386172
2002-12-23,0.0009065497911091433
2002-12-24,0.00014881339708513794
2002-12-25,
2002-12-26,-0.0007001369170685437
2002-12-27,0.001328669152087547
2002-12-30,0.0023984108791972217
2002-12-31,-0.003373595631802488
2003-01-01,
2003-01-02,-0.004710961017779906
2003-01-03,-0.0004336905906048057
2003-01-06,0.00032512584468379193
2003-01-07,0.003150922675276204
2003-01-08,0.0008048375486590984
2003-01-09,-0.005993452407839949
2003-01-10,-0.0037461712981036936
2003-01-13,0.0032502237229046294
2003-01-14,-0.0008022421178835907
2003-01-15,1.9488139818458722e-05
2003-01-16,-0.005111531552114293
2003-01-17,0.006415772559792678
2003-01-20,-0.0044232186717044625
2003-01-21,0.006119448302005274
2003-01-22,0.0010114971198455867
2003-01-23,-0.0037591439245457676
2003-01-24,0.006348175470416555
2003-01-27,0.0030113425973379154
2003-01-28,-0.004228605751968326
2003-01-29,0.00043688724377383993
2003-01-30,0.001310511338397089
2003-01-31,-0.00034449650752459046
2003-02-03,0.0009742426315955264
2003-02-04,0.001735035759528166
2003-02-05,0.00021372889863847594
2003-02-06,0.0020382136692238587
2003-02-07,0.0008147938862263728
2003-02-10,0.0016105682022835453
2003-02-11,0.0015858418580154084
2003-02-12,0.002140021629323232
2003-02-13,0.0014355858462485928
2003-02-14,0.0010764090461540738
2003-02-17,-0.011230618238451713
2003-02-18,-0.001950274547078483
2003-02-19,0.0016130599939885087
2003-02-20,-0.0006126922715336329
2003-02-21,0.0018753430432514877
2003-02-24,-0.0009746174748724884
2003-02-25,0.002978010023255507
2003-02-26,0.0009772875601540183
2003-02-27,-0.002740524576205162
2003-02-28,-0.00013546604135406147
2003-03-03,-0.0006494543778096133
2003-03-04,0.001543178370914742
2003-03-05,-0.0015512028924521083
2003-03-06,0.0007091031548502721
2003-03-07,0.0022245551292337227
2003-03-10,0.0009708695982579091
2003-03-11,0.0004948062959087951
2003-03-12,-0.0016188240254301225
2003-03-13,-0.0012431791221153672
2003-03-14,-0.005084293782516483
2003-03-17,-0.002419000713159248
2003-03-18,-0.004207808993115723
2003-03-19,-0.0017470598568963159
2003-03-20,-0.0015995686407398791
2003-03-21,0.0016571677871542818
2003-03-24,0.002749100032718512
2003-03-25,-0.0029265653993621643
2003-03-26,0.0027315992976493465
2003-03-27,-0.0012993501179920644
2003-03-28,0.003858455083123802
2003-03-31,0.003953244438036642
2003-04-01,-0.0036614450382572656
2003-04-02,-0.0033717262443036093
2003-04-03,0.0002449783350409534
2003-04-04,-0.0021184605702300077
2003-04-07,-0.000538665147441378
2003-04-08,-0.0015486786740375315
2003-04-09,0.00030578855956112463
2003-04-10,-0.00144069285709657
2003-04-11,-0.0009353692986235978
2003-04-14,5.438057679565441e-06
2003-04-15,-0.003004800549380989
2003-04-16,0.0008464698625664132
2003-04-17,-0.00119409175421057
2003-04-18,
2003-04-21,-0.0008583982431251248
2003-04-22,-0.0029291649808612023
2003-04-23,-0.002083599050245606
2003-04-24,-0.002555753153080575
2003-04-25,0.001740956907603861
2003-04-28,-0.0029049052513600523
2003-04-29,0.0025351002248102817
2003-04-30,-0.0021809323841409808
2003-05-01,0.0002836025315260367
2003-05-02,-0.004039162256184202
2003-05-05,0.0001313297737725131
2003-05-06,-0.0017018440362126098
2003-05-07,-0.0014692986292286876
2003-05-08,0.00029624760698406357
2003-05-09,-0.004344745499634179
2003-05-12,-0.004017472821705333
2003-05-13,-0.001418898144039737
2003-05-14,-0.0020943758792650105
2003-05-15,-0.0056808440053455695
2003-05-16,0.0007123470891154032
2003-05-19,0.0032393879614365058
2003-05-20,0.0016057218716784133
2003-05-21,0.0005986375294688306
2003-05-22,-0.0030714719857636644
2003-05-23,-0.0009660935628056809
2003-05-26,0.00027371842782963896
2003-05-27,-0.0044469375348992
2003-05-28,-0.004088714693594982
2003-05-29,-0.003993158521595667
2003-05-30,-0.0024486700494987007
2003-06-02,-0.0039516692295449235
2003-06-03,0.0038486295377338714
2003-06-04,-0.004551356791437934
2003-06-05,-0.0038706367227968174
2003-06-06,5.398680085171776e-05
2003-06-09,0.003995784249560952
2003-06-10,-0.0005291272209072218
2003-06-11,0.0015630566265816834
2003-06-12,-0.0035438518762794043
2003-06-13,0.004759786991429442
2003-06-16,-0.0006939466965459919
2003-06-17,0.0004614710292802201
2003-06-18,-0.00018168072690350495
2003-06-19,0.0032529804896100274
2003-06-20,-0.0019930552790027294
2003-06-23,0.003122271107451442
2003-06-24,0.0003000807859231241
2003-06-25,0.0014901056267201632
2003-06-26,-0.0004568368153244232
2003-06-27,0.0007298640710168327
2003-06-30,7.352769810591267e-05
2003-07-01,0.0019687063755150645
2003-07-02,-0.0021878181068190387
2003-07-03,0.0005782805388249325
2003-07-04,-0.003325369712071239
2003-07-07,-0.002260473286489992
2003-07-08,-0.004626326270458725
2003-07-09,-0.000818395039631599
2003-07-10,0.0018736249179512067
2003-07-11,-0.0005420142319038299
2003-07-14,0.000370656298430776
2003-07-15,0.0005515541347119936
2003-07-16,-0.0017257729464489413
2003-07-17,0.0024528409257950066
2003-07-18,0.0005991852863690695
2003-07-21,0.0026339053512093404
2003-07-22,-0.005524223657348608
2003-07-23,8.271090456098911e-06
2003-07-24,0.0020257749305554427
2003-07-25,-0.001190475163762136
2003-07-28,-0.0024753731685990947
2003-07-29,-0.00022026484712977924
2003-07-30,-0.001800539193494101
2003-07-31,-0.006154581963679888
2003-08-01,-0.0010331250158207997
2003-08-04,-0.0011166042453550733
2003-08-05,0.002737380263993164
2003-08-06,0.0015376867618148984
2003-08-07,0.0005394455307634839
2003-08-08,0.0006639417650482924
2003-08-11,0.0003394101534804384
2003-08-12,0.0005948534597709896
2003-08-13,-0.0008063728541159742
2003-08-14,-0.0003848719648927521
2003-08-15,-0.0012951683928162383
2003-08-18,0.0003571661347440662
2003-08-19,-0.0032886556943444866
2003-08-20,-0.002495650896497503
2003-08-21,-0.004302987001878606
2003-08-22,0.0003722321786808748
2003-08-25,-0.0006299257298973289
2003-08-26,0.0009090065043226529
2003-08-27,-0.0017050901715073615
2003-08-28,-0.0008539412723671697
2003-08-29,0.0012202354341614386
2003-09-01,
2003-09-02,0.0005061367919325635
2003-09-03,-0.0020980956595517096
2003-09-04,0.0010370355835003652
2003-09-05,0.0011224623172327811
2003-09-08,-0.0032540538199055855
2003-09-09,0.0006615298637500321
2003-09-10,0.0007509387224984705
2003-09-11,0.00032965711539817584
2003-09-12,0.00017634460481087946
2003-09-15,0.0007678863549596892
2003-09-16,-0.0018017165771049776
2003-09-17,0.002307976086915302
2003-09-18,-0.0002604692860936529
2003-09-19,-0.0009957780986312153
2003-09-22,0.0014992177424919956
2003-09-23,6.539623016612288e-05
2003-09-24,0.002299961518411876
2003-09-25,0.002633276648054842
2003-09-26,0.00045998905655469555
2003-09-29,0.0003459790278281522
2003-09-30,0.0026495015643271053
2003-10-01,-0.002168867635683517
2003-10-02,0.002178992394339949
2003-10-03,-0.0026546729820569694
2003-10-06,0.000619095035811482
2003-10-07,-0.0011130988769025752
2003-10-08,0.0019001547214757921
2003-10-09,-0.0015686973764576831
2003-10-10,0.0012388498608410824
2003-10-13,0.0016921709212134742
2003-10-14,-0.0009014343216188328
2003-10-15,-0.002030401319620805
2003-10-16,0.0034552152219698056
2003-10-17,-0.001996815796330458
2003-10-20,0.0032825535735963975
2003-10-21,0.00027556370644485296
2003-10-22,-0.00017238738832256622
2003-10-23,0.0015037363869141612
2003-10-24,-0.0027919494464467695
2003-10-27,0.0005888241748326819
2003-10-28,0.0005244378160624794
2003-10-29,-0.0005826075040286263
2003-10-30,0.0012002099177549287
2003-10-31,1.3012080148205503e-05
2003-11-03,0.0035626016054908284
2003-11-04,0.0002991733922968334
2003-11-05,0.0010737613600691894
2003-11-06,-0.0008089021078416997
2003-11-07,-0.003274724960772736
2003-11-10,0.0018992463041828224
2003-11-11,-0.0008476102058062937
2003-11-12,0.0009744884880252155
2003-11-13,0.0003167041418214928
2003-11-14,-0.00019246150841556738
2003-11-17,0.0016972222451672844
2003-11-18,0.0001598741369302579
2003-11-19,-0.00034517159291713067
2003-11-20,0.0005710994295500629
2003-11-21,0.0008136376456496106
2003-11-24,-0.00042729577043848716
2003-11-25,-0.0008495207315697791
2003-11-26,-0.0014271120064592961
2003-11-27,-0.0053168143970980936
2003-11-28,0.0005392898866183941
2003-12-01,-0.00020623348770590501
2003-12-02,0.00106600826052822
2003-12-03,-0.00010629871569882913
2003-12-04,-0.0016709981004115783
2003-12-05,-0.002175404513225556
2003-12-08,-0.0020290489136352338
2003-12-09,-0.000952337766892963
2003-12-10,-0.002762894609024745
2003-12-11,-0.0005759773884386226
2003-12-12,-0.0017311257579408466
2003-12-15,0.00028009564179454677
2003-12-16,0.00046459273400824557
2003-12-17,-0.0003103051308374202
2003-12-18,-0.0014500098069789005
2003-12-19,-0.002530257162714435
2003-12-22,-0.0008054412754953382
2003-12-23,-0.0020577413735755243
2003-12-24,-0.0010868268514000504
2003-12-25,-0.004925709950412527
2003-12-26,-0.0011840332999453218
2003-12-29,-0.0016044062046873424
2003-12-30,-0.00031696956125438786
2003-12-31,-0.0017464555931468056
2004-01-02,-0.0009406589313323501
2004-01-05,-0.0032605639990492354
2004-01-06,0.0018138701922187747
2004-01-07,-2.3586119049762772e-05
2004-01-08,-0.004366289510734597
2004-01-09,0.001895450406048716
2004-01-12,-0.00010724698466631024
2004-01-13,0.0017446908575607324
2004-01-14,-0.00019869785394044487
2004-01-15,0.0008483540468061959
2004-01-16,-0.0019256663888946315
2004-01-19,0.0020513446737473583
2004-01-20,-0.0021355272141006733
2004-01-21,-0.0005136792761864659
2004-01-22,0.0027105542500533027
2004-01-23,-0.0016716927725722174
2004-01-26,-0.0006205376993520179
2004-01-27,-0.0015689674231140823
2004-01-28,-0.0006920485076465069
2004-01-29,0.00036338462300471516
2004-01-30,0.0004856433545305691
2004-02-02,0.0003840467703853894
2004-02-03,0.0007812468501119907
2004-02-04,0.0016228311947013051
2004-02-05,-0.0010957163293784738
2004-02-06,-0.0012763660844103692
2004-02-09,-0.0005788220507392732
2004-02-10,-0.0032467106855785387
2004-02-11,0.0014558224395239826
2004-02-12,0.0017080708596847625
2004-02-13,0.0012571813651758353
2004-02-16,-0.017971672095715138
2004-02-17,-0.002365153349286481
2004-02-18,-0.0009965285550632308
2004-02-19,0.0019360680072128226
2004-02-20,0.001178198164245086
2004-02-23,0.0018656322639096278
2004-02-24,-0.00017658641201718242
2004-02-25,-0.0003689692202678497
2004-02-26,-0.002549297335897427
2004-02-27,0.00023424920625749612
2004-03-01,7.998355141443268e-05
2004-03-02,0.00023347782089888197
2004-03-03,-0.0010524253260046346
2004-03-04,-0.002752918189987177
2004-03-05,0.0009154326853532631
2004-03-08,0.0004337101832096733
2004-03-09,0.0008008029518858652
2004-03-10,0.00030052244694279783
2004-03-11,-0.0008905254522127907
2004-03-12,-0.0002294718762934276
2004-03-15,0.0017004770425429934
2004-03-16,0.0005558621495064043
2004-03-17,-0.001939376025716777
2004-03-18,-0.0004463319436776377
2004-03-19,0.0007065777301822884
2004-03-22,0.0013904033566313838
2004-03-23,0.0012001390450041582
2004-03-24,-0.00023758782401508838
2004-03-25,-1.742488735576549e-05
2004-03-26,0.00022914451311912645
2004-03-29,0.0007946071717805903
2004-03-30,-0.000428603206685534
2004-03-31,0.0009664753850228492
2004-04-01,0.0010096242532011577
2004-04-02,4.6624494586057804e-05
2004-04-05,-0.0001136736001848641
2004-04-06,0.0011451224295824
2004-04-07,0.00048745941711679166
2004-04-08,0.0005109194800492151
2004-04-09,0.0031460949214714984
2004-04-12,0.0006433949741705266
2004-04-13,0.0002498418034625864
2004-04-14,-0.002431225445106914
2004-04-15,-0.00018615653544642446
2004-04-16,0.0012465827363125495
2004-04-19,-0.0020991475399660792
2004-04-20,0.0023274591318550287
2004-04-21,9.73417683070628e-05
2004-04-22,0.0010838764342613603
2004-04-23,0.0006014746791406289
2004-04-26,-0.0027441582437872382
2004-04-27,0.0008843059675535044
2004-04-28,-0.002088272470567237
2004-04-29,-0.0006087651329541957
2004-04-30,4.6098966854966685e-05
2004-05-03,0.0012776674966116855
2004-05-04,0.003135505927299674
2004-05-05,0.0004913607717633837
2004-05-06,-0.0014186796805974718
2004-05-07,-0.0007480066856619652
2004-05-10,0.0013277816433561937
2004-05-11,0.002317125521816686
2004-05-12,-7.023449486506882e-05
2004-05-13,0.00010513374762931722
2004-05-14,0.00010085727298169412
2004-05-17,-0.0003656068297992393
2004-05-18,0.002781627657183222
2004-05-19,0.004519945410555119
2004-05-20,-0.0005806542321028682
2004-05-21,0.00040151711482070877
2004-05-24,0.0002418270220465832
2004-05-25,0.00266939291744777
2004-05-26,-0.001167171644181797
2004-05-27,0.001415081241331788
2004-05-28,0.0009048132687383568
2004-05-31,0.006518135042156362
2004-06-01,0.0021070726679320046
2004-06-02,-0.0016563949538963018
2004-06-03,0.0001795925960447916
2004-06-04,0.00034500259723727137
2004-06-07,0.0013526565121835567
2004-06-08,0.0009409049840431315
2004-06-09,7.960344847025556e-05
2004-06-10,0.0006697873038034257
2004-06-11,0.005304395535603949
2004-06-14,-0.00014789911273797908
2004-06-15,-0.001031855711787806
2004-06-16,-0.00465816276598296
2004-06-17,-0.00291422762174225
2004-06-18,-0.0005173422168405354
2004-06-21,0.0006801072425004455
2004-06-22,0.0006919782379006473
2004-06-23,-3.960650480257634e-05
2004-06-24,-0.00036859022371054853
2004-06-25,-0.0007896079308675369
2004-06-28,0.0016206412931442594
2004-06-29,-0.0015148889336433348
2004-06-30,0.0010720238850735514
2004-07-01,-0.0005119716834613367
2004-07-02,-0.0012756648633590255
2004-07-05,-0.0018858079928869194
2004-07-06,0.0011636074554730981
2004-07-07,-0.0005438080696371956
2004-07-08,0.0027175580496000755
2004-07-09,0.0015451437988209097
2004-07-12,0.0003386530635461884
2004-07-13,0.000240242661330118
2004-07-14,0.0009252193002179772
2004-07-15,0.0005249813442840245
2004-07-16,0.0026604410644781246
2004-07-19,0.0012827549809198225
2004-07-20,-0.0007236906025554316
2004-07-21,0.0032419810827099688
2004-07-22,0.0004674433496082343
2004-07-23,-0.00034170181919291785
2004-07-26,0.00012481552109084755
2004-07-27,0.0016533494166028854
2004-07-28,-0.0021651060949613565
2004-07-29,0.0033746688719054926
2004-07-30,0.0007821301670040927
2004-08-02,0.002994365065419557
2004-08-03,-0.0024938466502130267
2004-08-04,-0.0006626992946394631
2004-08-05,-0.003995308515911267
2004-08-06,-0.002943672219652735
2004-08-09,0.0023014811331716336
2004-08-10,0.0017666151379317507
2004-08-11,-0.0037478980042162232
2004-08-12,0.0013816754672921917
2004-08-13,-0.001356874846311816
2004-08-16,0.0001721816667234612
2004-08-17,0.0004971231176075552
2004-08-18,-0.0022193475596692484
2004-08-19,-0.0008211671122261184
2004-08-20,-0.005340767165174019
2004-08-23,0.001027437901886612
2004-08-24,-0.0026182540232072326
2004-08-25,-0.0016456159695923901
2004-08-26,-0.00023465405225403863
2004-08-27,-0.0015558367843172389
2004-08-30,-0.0006373420221809801
2004-08-31,-0.0008471091896131496
2004-09-01,-0.0006578085124192183
2004-09-02,-0.000572598673911001
2004-09-03,-0.00173948857534005
2004-09-06,-0.0010202922044582063
2004-09-07,0.00018951570962498629
2004-09-08,-5.256216098456215e-05
2004-09-09,0.004878749745426339
2004-09-10,-0.00043717191668358915
2004-09-13,0.0018271260841002035
2004-09-14,0.00047790736959065584
2004-09-15,-0.0003638612259665822
2004-09-16,-0.00043027721805028514
2004-09-17,0.000682498273854087
2004-09-20,0.001062000509877116
2004-09-21,0.0008047803321797249
2004-09-22,0.00038606151643205347
2004-09-23,-0.00027190011265076425
2004-09-24,0.00019031760777331186
2004-09-27,0.003982014845761635
2004-09-28,-0.0020981381478750024
2004-09-29,0.0011918549602621827
2004-09-30,-0.0005431122335604832
2004-10-01,0.0032273821161543275
2004-10-04,-0.001646039982697137
2004-10-05,0.0014112014342010618
2004-10-06,0.001906896741340922
2004-10-07,0.001807932840644749
2004-10-08,-0.0018199850456330718
2004-10-11,-8.26932443076198e-05
2004-10-12,0.0006382785735553012
2004-10-13,0.0007891431593617001
2004-10-14,-0.00040545094020869043
2004-10-15,0.0008544780917355474
2004-10-18,-0.002064408084766717
2004-10-19,0.0014947256312213197
2004-10-20,0.0032824380199672726
2004-10-21,0.003988990102794572
2004-10-22,-0.0021544627337241424
2004-10-25,0.0016055665551788702
2004-10-26,-0.00018440793401004437
2004-10-27,-0.0019434690408711931
2004-10-28,-0.001243149376957012
2004-10-29,0.0008774250607260517
2004-11-01,-0.00020079819545443746
2004-11-02,3.264370725464606e-05
2004-11-03,0.0005895359556068603
2004-11-04,0.0013907282362539373
2004-11-05,-2.7063040327835436e-06
2004-11-08,0.0007770780140783859
2004-11-09,-0.0004915892280644526
2004-11-10,-0.0003469811819118134
2004-11-11,-0.0017958797989741663
2004-11-12,-9.937499389362902e-05
2004-11-15,-0.00244646087395646
2004-11-16,-0.0010514636989316006
2004-11-17,-0.000647353744282399
2004-11-18,0.0007440204128680022
2004-11-19,-0.0003395017155462786
2004-11-22,0.0023154233605038057
2004-11-23,0.0008613098583110078
2004-11-24,5.863643111550565e-05
2004-11-25,0.003622969302967208
2004-11-26,0.00045981088612922664
2004-11-29,-0.0014444406987700806
2004-11-30,0.0002504469112628296
2004-12-01,-7.121054363181502e-05
2004-12-02,-0.001864380273014316
2004-12-03,0.0010718200648476878
2004-12-06,0.0011468852564439885
2004-12-07,-0.002157265051281191
2004-12-08,-0.0007257387740671076
2004-12-09,-0.0002151360116644014
2004-12-10,0.00028374166380980384
2004-12-13,0.0007848158162552311
2004-12-14,-0.0007328825897461867
2004-12-15,0.00015756768415910174
2004-12-16,-0.004061907802803502
2004-12-17,0.0016365954736313507
2004-12-20,0.0004878613159671191
2004-12-21,-0.0004877356408761629
2004-12-22,-0.0019148151750633736
2004-12-23,0.0003928134431564464
2004-12-24,-0.0017186901114415731
2004-12-27,-0.0007430654114013133
2004-12-28,0.0012492401773432904
2004-12-29,-0.0012098396929548971
2004-12-30,-0.0013981140239770545
2004-12-31,0.0005773117622914027
2005-01-03,-0.0007093984685840849
2005-01-04,-0.0013933126459301842
2005-01-05,0.0012460877791129134
2005-01-06,-0.001401841472599119
2005-01-07,0.0009267039958796353
2005-01-10,0.0017413492264115183
2005-01-11,-0.001445697069987569
2005-01-12,0.0019562929088167073
2005-01-13,0.0019809624177504273
2005-01-14,0.0014031347590383694
2005-01-17,-0.004109100353051738
2005-01-18,0.0003356421384408968
2005-01-19,0.0006357193773585934
2005-01-20,0.0009383117994639217
2005-01-21,0.00034368866390582884
2005-01-24,0.0023979738801191614
2005-01-25,0.0017088730282256764
2005-01-26,-0.00242889923780843
2005-01-27,6.0152350465986685e-05
2005-01-28,0.0002725786024145918
2005-01-31,-0.0007702938355367877
2005-02-01,0.0005379362261487442
2005-02-02,-0.001391958886703159
2005-02-03,0.0021713611018508985
2005-02-04,0.0008150047903447611
2005-02-07,-0.0015018528097670934
2005-02-08,-6.971999228351751e-05
2005-02-09,0.00022318777630408966
2005-02-10,-0.0002545104443890548
2005-02-11,0.0003405983498926044
2005-02-14,-0.00035508843484857223
2005-02-15,0.0013891803475800444
2005-02-16,0.001569769371442181
2005-02-17,0.00031469020548260176
2005-02-18,0.00040851081398037914
2005-02-21,-0.0004241732895339023
2005-02-22,-0.002715258795998701
2005-02-23,0.001712333773589576
2005-02-24,0.000986225541639587
2005-02-25,0.0023079885750654206
2005-02-28,-0.0006982788769147447
2005-03-01,-0.0025927054965490465
2005-03-02,0.0030541913882845967
2005-03-03,0.0008430011971467598
2005-03-04,0.0048018949012464925
2005-03-07,-0.0008559094225870691
2005-03-08,-0.0002952768991538728
2005-03-09,-0.0016172369436477589
2005-03-10,-0.0035407195685809986
2005-03-11,0.0015192768438862172
2005-03-14,-0.0010425393164128903
2005-03-15,0.001235981803370325
2005-03-16,0.0008736155580563716
2005-03-17,0.0024600554941180395
2005-03-18,0.001331361595308771
2005-03-21,0.00036324049071097893
2005-03-22,-0.0005586013514544085
2005-03-23,-0.003095132794286575
2005-03-24,-0.0009886664163982122
2005-03-25,0.007689993306097816
2005-03-28,0.0019031907043950943
2005-03-29,-9.295332158958905e-06
2005-03-30,-0.0035376126695175177
2005-03-31,0.0021484645154730923
2005-04-01,0.003467080561570886
2005-04-04,0.0030437114258518388
2005-04-05,-0.00045702532273210705
2005-04-06,0.0016380998515100021
2005-04-07,-0.001052399715258512
2005-04-08,-0.0020396685213513372
2005-04-11,0.0009681751656359458
2005-04-12,0.001374560162815186
2005-04-13,-0.0016166845406249668
2005-04-14,7.605086694861418e-05
2005-04-15,-0.001117059206292032
2005-04-18,-0.0002772399629123179
2005-04-19,0.0021886501401461762
2005-04-20,0.001984459661404825
2005-04-21,0.00030088107578428555
2005-04-22,0.0023450731012993812
2005-04-25,0.002935632945214856
2005-04-26,0.001331747998599161
2005-04-27,0.0002074308373892527
2005-04-28,0.00020739442662049667
2005-04-29,0.001765947700994292
2005-05-02,0.002729470663989757
2005-05-03,-0.002516388255641175
2005-05-04,-0.0029512830169860153
2005-05-05,0.0012072314284011358
2005-05-06,0.001350547817776251
2005-05-09,0.0002608243430838192
2005-05-10,-0.0024477751448794523
2005-05-11,0.0008374937587925971
2005-05-12,-0.002087884173058847
2005-05-13,-0.0013120820599490464
2005-05-16,-0.0002251466091073426
2005-05-17,0.0014471500327706828
2005-05-18,-0.0031782478854325683
2005-05-19,-0.0020626639738186387
2005-05-20,-0.0033267252518842413
2005-05-23,0.00011153418799204885
2005-05-24,0.0010758528967436778
2005-05-25,0.0001649518339082611
2005-05-26,-0.0009351943282743101
2005-05-27,0.0004377118896130701
2005-05-30,-0.00023689736445904825
2005-05-31,0.00026814753486673965
2005-06-01,-0.001269042614617785
2005-06-02,-7.325878816802452e-05
2005-06-03,0.0007225513708541556
2005-06-06,0.0008764250779628433
2005-06-07,-0.0012913505204232261
2005-06-08,-0.0022231295489597794
2005-06-09,0.0018395523775202515
2005-06-10,-0.0013184653069946623
2005-06-13,-3.660754485412838e-05
2005-06-14,-0.0027243843526218847
2005-06-15,-0.000564916366013602
2005-06-16,-0.0014148804772660683
2005-06-17,0.0004943253261991964
2005-06-20,0.0020153586602431137
2005-06-21,-0.0006440007803519237
2005-06-22,-0.00029757563955021
2005-06-23,-0.0004121211453047385
2005-06-24,-1.8752325938956563e-05
2005-06-27,0.0030192157978489002
2005-06-28,-0.0015465019165987334
2005-06-29,-0.0004895136702919936
2005-06-30,0.0012179332335897491
2005-07-01,-0.0005647408775886339
2005-07-04,7.360973293789884e-05
2005-07-05,0.0004502776810947573
2005-07-06,-0.00023206655812683735
2005-07-07,0.0013776414941687595
2005-07-08,-0.0032472314387129355
2005-07-11,-0.0013358243010609672
2005-07-12,0.0005149841668348217
2005-07-13,-0.0007504499986947975
2005-07-14,-0.0007307968768725305
2005-07-15,0.0006298323647805562
2005-07-18,0.00016455714971351835
2005-07-19,-0.000191099383592919
2005-07-20,-0.0018967500832706148
2005-07-21,0.0014431868614833763
2005-07-22,-0.0018657520953977345
2005-07-25,-0.0003604100426782545
2005-07-26,-0.001448064875249719
2005-07-27,0.003978658797766394
2005-07-28,0.002527269133254786
2005-07-29,-0.0012908144986261013
2005-08-01,0.0010008471511008356
2005-08-02,0.000678356041083453
2005-08-03,-0.0004985121726443983
2005-08-04,0.00034455277224427404
2005-08-05,-0.0001717281660774486
2005-08-08,0.0029102040402319155
2005-08-09,-0.00014457592975180748
2005-08-10,-0.0005431436185032568
2005-08-11,-0.0002419965092723371
2005-08-12,-0.001227868651289314
2005-08-15,5.3684178550138314e-05
2005-08-16,-0.001034334996328733
2005-08-17,-0.0004437531276253717
2005-08-18,-1.8415753028167524e-05
2005-08-19,-0.00027256634279633794
2005-08-22,-0.00038355411302618805
2005-08-23,0.0008303162524769021
2005-08-24,0.0005169920211253449
2005-08-25,-0.0003436093008242472
2005-08-26,4.9198721140250134e-05
2005-08-29,0.0009330739650372601
2005-08-30,0.00011960764853389517
2005-08-31,0.0007556626144444925
2005-09-01,-0.00023476289383521368
2005-09-02,-0.001074983477900064
2005-09-05,-0.0005670955258094065
2005-09-06,0.0014186000010882817
2005-09-07,0.0007646399770043704
2005-09-08,-0.0010784562795955644
2005-09-09,0.0010436868544331523
2005-09-12,-0.0010291251162776053
2005-09-13,-0.00031324612259109677
2005-09-14,-1.1346260283267698e-05
2005-09-15,0.0013497396009363222
2005-09-16,0.002788563480850412
2005-09-19,0.0028314162675557876
2005-09-20,-0.0007718380215022791
2005-09-21,0.002228060553478868
2005-09-22,0.0005134123083472969
2005-09-23,-0.000910163306792182
2005-09-26,0.0006372735127779571
2005-09-27,0.0009272798780890401
2005-09-28,0.0003549727164357117
2005-09-29,0.001864975548516475
2005-09-30,0.0001638720286805123
2005-10-03,-0.0005922299021761974
2005-10-04,-0.0004196321369507432
2005-10-05,-0.0010546842131889714
2005-10-06,-0.0015644111374152427
2005-10-07,0.0021277187084571578
2005-10-10,0.0026791363776862485
2005-10-11,0.001365197741093916
2005-10-12,0.00137278579474278
2005-10-13,-0.001856801651645226
2005-10-14,0.0009841229610267645
2005-10-17,-0.0005570302993559766
2005-10-18,-0.0014924063145341487
2005-10-19,0.0019682593641678864
2005-10-20,-0.0014655469613739612
2005-10-21,0.0002936999190161257
2005-10-24,0.0034928880898738314
2005-10-25,0.00022608530691852526
2005-10-26,0.0022476578634563226
2005-10-27,0.0020888507201452227
2005-10-28,0.0020815057558755262
2005-10-31,-0.00331811696821998
2005-11-01,-0.001082743994942103
2005-11-02,-0.003602524370672296
2005-11-03,-0.0006778845637052768
2005-11-04,-0.002797537102650065
2005-11-07,-0.0007006930948860072
2005-11-08,0.0024830625614361518
2005-11-09,-0.0017974823795927069
2005-11-10,-0.0020884051737118593
2005-11-11,-0.001565696525597093
2005-11-14,-0.00015036741253291507
2005-11-15,-0.0004988813019062027
2005-11-16,0.0027958979334201193
2005-11-17,-0.00016614794976101404
2005-11-18,-0.0023354319823469163
2005-11-21,-0.0004206658646276546
2005-11-22,0.0007269628579725988
2005-11-23,-0.00450846321650079
2005-11-24,-0.007917892142304862
2005-11-25,-7.59921627448594e-05
2005-11-28,-0.002171372501244054
2005-11-29,0.0006005919340107646
2005-11-30,0.001887470558265693
2005-12-01,0.001597245111637533
2005-12-02,0.0013436323433841314
2005-12-05,0.001803633990154425
2005-12-06,-0.00010943381999237941
2005-12-07,-0.0011393965779223473
2005-12-08,0.00024321998802808104
2005-12-09,-0.0011626622928487989
2005-12-12,0.0003007362253420061
2005-12-13,-0.0008198027420964756
2005-12-14,0.00038594844469309886
2005-12-15,0.0006549002518393666
2005-12-16,-0.0013017327025460308
2005-12-19,0.001186244807916875
2005-12-20,0.0012125792444024103
2005-12-21,0.0011761962311385029
2005-12-22,-0.0006589973585306938
2005-12-23,-0.0015236612963692353
2005-12-26,0.01141904777623796
2005-12-27,-0.001586173583341346
2005-12-28,-0.00022326658095418383
2005-12-29,-0.0007636332628459957
2005-12-30,-0.00014277917740523666
2006-01-02,0.00857561908532615
2006-01-03,0.0018043895210708967
2006-01-04,0.0013760057063013117
2006-01-05,-0.0018009596808287967
2006-01-06,0.0015126866204870234
2006-01-09,-0.0016818449891781
2006-01-10,0.000349720161101315
2006-01-11,-1.199243081446129e-05
2006-01-12,0.0006006321801545588
2006-01-13,0.0012744105892995162
2006-01-16,-0.0010808083802817114
2006-01-17,0.0025899411756904567
2006-01-18,-0.0002978153380944817
2006-01-19,0.0015464603799897442
2006-01-20,0.00011962033005130657
2006-01-23,0.001950081267600134
2006-01-24,0.00024170141460358452
2006-01-25,-0.004241071308502323
2006-01-26,0.002801984898723603
2006-01-27,0.000631369901211791
2006-01-30,0.0016603940210766063
2006-01-31,-0.0015342540162806768
2006-02-01,-0.0007531057337633587
2006-02-02,-0.004130710990987138
2006-02-03,0.0015688077978205837
2006-02-06,0.0023253654908348387
2006-02-07,-0.0026723455880141174
2006-02-08,0.0011142864031759014
2006-02-09,-0.0029117977770164805
2006-02-10,0.0018806222284309944
2006-02-13,0.0001591302409253289
2006-02-14,0.00025869634285015966
2006-02-15,-0.0012890368349214249
2006-02-16,0.0024378554379495924
2006-02-17,-0.001031585588036336
2006-02-20,-0.005886171607848686
2006-02-21,0.00241480527412146
2006-02-22,-0.0005137896629305661
2006-02-23,0.0005193511084093562
2006-02-24,0.002989871191667265
2006-02-27,-0.0010907719359710083
2006-02-28,-0.0010553163388138404
2006-03-01,0.0030974697667826502
2006-03-02,0.0022262176950552347
2006-03-03,0.0016089152493943015
2006-03-06,-0.00258866922123009
2006-03-07,-0.001538824518491062
2006-03-08,-0.0005305793262939095
2006-03-09,-0.0017161880680710056
2006-03-10,-0.00037665656852208526
2006-03-13,0.0026085184808245583
2006-03-14,0.0023332047875313246
2006-03-15,0.0008457369875765272
2006-03-16,-0.0004867098605809562
2006-03-17,0.0008312304102322468
2006-03-20,0.00021510016791774134
2006-03-21,-0.00022899355032996325
2006-03-22,-0.0005196683508529534
2006-03-23,0.0004892059761569364
2006-03-24,0.0008411500888029496
2006-03-27,5.612388986265374e-05
2006-03-28,0.0019078329790245033
2006-03-29,0.00011940607232004797
2006-03-30,0.0009143404646021605
2006-03-31,-0.0003008455270542484
2006-04-03,0.002089650298509042
2006-04-04,0.0006619106099290473
2006-04-05,0.002373891757601058
2006-04-06,0.0005590554160808468
2006-04-07,-0.0002543342863736552
2006-04-10,0.001546756762082623
2006-04-11,0.00040399140336847044
2006-04-12,0.00042788336518372066
2006-04-13,0.0007262990069505491
2006-04-14,-0.0028047139658176623
2006-04-17,0.0014470029311727274
2006-04-18,0.002674552834457211
2006-04-19,-0.001302136251895494
2006-04-20,0.0013909419148553147
2006-04-21,0.0011923962518571602
2006-04-24,-0.0005379780241737475
2006-04-25,6.558895016170933e-06
2006-04-26,-0.0004677360979350705
2006-04-27,-0.0034772671791602336
2006-04-28,-0.00027986973510897
2006-05-01,0.004436041028339402
2006-05-02,0.0023055829057232863
2006-05-03,0.0015479071331098247
2006-05-04,0.0014059133043430587
2006-05-05,-0.0008929635549087407
2006-05-08,8.085723326853493e-05
2006-05-09,0.0029548187682464353
2006-05-10,0.0007005710158833735
2006-05-11,-0.0017375982575741045
2006-05-12,-0.002522046956857219
2006-05-15,-0.0026436166150385835
2006-05-16,0.0009160833160988129
2006-05-17,-0.001355676914904953
2006-05-18,-0.0024948645206976576
2006-05-19,-0.00024820674498172806
2006-05-22,-0.0030763945311847204
2006-05-23,0.0020580850312403895
2006-05-24,-1.310135171218336e-05
2006-05-25,0.0013506872375683209
2006-05-26,0.0010829418399791618
2006-05-29,0.004067394418647806
2006-05-30,0.0008400377266466931
2006-05-31,0.0016451939730812422
2006-06-01,-0.00048210639069293373
2006-06-02,0.0006193528235980045
2006-06-05,-0.0038789356564140186
2006-06-06,-0.001384803348160384
2006-06-07,-0.004980635339447889
2006-06-08,-0.0011567909715229717
2006-06-09,-0.0004653429030059963
2006-06-12,-0.002730845479209378
2006-06-13,-0.0018633833834110908
2006-06-14,0.0032091015367317795
2006-06-15,0.00380115043478779
2006-06-16,0.0013518108208169944
2006-06-19,-0.0008483612535497504
2006-06-20,0.0004451097511143114
2006-06-21,0.0027929176925120297
2006-06-22,-0.0001588347484734654
2006-06-23,0.0033787167307098042
2006-06-26,0.00019076438016532482
2006-06-27,-5.6723152693514915e-05
2006-06-28,0.0004356231647354458
2006-06-29,0.003118934683850073
2006-06-30,0.004080585373687709
2006-07-03,0.0020123084945958846
2006-07-04,-0.00028602391396751327
2006-07-05,-0.00031032787427193523
2006-07-06,-0.0007712318265371967
2006-07-07,-0.002488881782636223
2006-07-10,-0.002028659405091717
2006-07-11,-0.0011813086386577947
2006-07-12,0.0009669634489069654
2006-07-13,-0.0016495766172989366
2006-07-14,0.0015715467073207378
2006-07-17,-0.001712370755256219
2006-07-18,-0.0010438214597127688
2006-07-19,0.0011946391292000445
2006-07-20,0.0011700994952660228
2006-07-21,-0.0007763269383119056
2006-07-24,0.001221784679249639
2006-07-25,0.002135216785241128
2006-07-26,0.00035275024213039585
2006-07-27,0.0011903633675877357
2006-07-28,0.002329164948077075
2006-07-31,0.0022612814063806067
2006-08-01,-0.0010152390805948188
2006-08-02,0.0012296181241270576
2006-08-03,-0.0014858131405331512
2006-08-04,-0.0016006060216318912
2006-08-07,0.0012755888919603455
2006-08-08,5.928595923188188e-05
2006-08-09,-0.0007231852387292604
2006-08-10,0.0005587669496775822
2006-08-11,-0.0025190727518810243
2006-08-14,-0.0010746146223782251
2006-08-15,0.0020818848620879522
2006-08-16,3.4285222683511484e-05
2006-08-17,-0.002990163590251881
2006-08-18,0.0008157060211600928
2006-08-21,0.001538334096085703
2006-08-22,0.0009402093020318574
2006-08-23,0.0004217006249395856
2006-08-24,-0.0007119560382332312
2006-08-25,-0.001083486575313701
2006-08-28,0.000335359559549102
2006-08-29,0.00016532590796518033
2006-08-30,-0.0025649280407896886
2006-08-31,-0.0001548632199055648
2006-09-01,0.0019798995653929528
2006-09-04,-0.006944141538997778
2006-09-05,0.0017232717172607208
2006-09-06,-0.0018475549558875921
2006-09-07,-0.0012324693163806777
2006-09-08,-0.0024344715567636253
2006-09-11,-0.004798931170954194
2006-09-12,-0.0016510815467875443
2006-09-13,0.002389943509223172
2006-09-14,-0.002665772775314193
2006-09-15,-0.00032800046821567983
2006-09-18,0.0016334083973177905
2006-09-19,-0.001327835903410713
2006-09-20,-0.001016328922448107
2006-09-21,9.188321720374056e-05
2006-09-22,-0.0008014058575871483
2006-09-25,-0.0021350819272919256
2006-09-26,0.0011146307754091092
2006-09-27,0.0007248487387192195
2006-09-28,-0.00019976830159476025
2006-09-29,5.148704786007345e-05
2006-10-02,-0.001254407027121436
2006-10-03,-0.002183866209145038
2006-10-04,0.0006758253166253073
2006-10-05,0.000691105466670629
2006-10-06,-0.0016613222263671074
2006-10-09,-0.0003213460978649193
2006-10-10,0.0001991341641993407
2006-10-11,0.0007416141187157723
2006-10-12,0.0006295741175802665
2006-10-13,0.001561040387616385
2006-10-16,0.0014583006332691266
2006-10-17,0.0005202567007739753
2006-10-18,-0.0011358436116210551
2006-10-19,0.0016960824149747115
2006-10-20,0.0004231772896611446
2006-10-23,0.0026315415277424893
2006-10-24,0.001924057906886699
2006-10-25,-0.0004608484533182451
2006-10-26,-0.002509604918514264
2006-10-27,-0.00019140407901279937
2006-10-30,0.0018991096027912624
2006-10-31,0.0008771473057459823
2006-11-01,-0.0031376902417036196
2006-11-02,0.00040537876993628505
2006-11-03,0.0019692960033213876
2006-11-06,0.0019821509614161526
2006-11-07,0.0016951571136775833
2006-11-08,0.0001025198806859905
2006-11-09,-0.0012284808201099278
2006-11-10,0.00022186368508804889
2006-11-13,0.0014249432451129956
2006-11-14,-0.001681944628521046
2006-11-15,0.00039366852001307786
2006-11-16,-0.0012399666878562437
2006-11-17,0.001851259483934667
2006-11-20,0.0016591775122974757
2006-11-21,-0.00015043904529998733
2006-11-22,-0.001421649062015398
2006-11-23,-0.004188155279533294
2006-11-24,8.64085416217442e-05
2006-11-27,-0.0014204885427407943
2006-11-28,0.001126340294270416
2006-11-29,0.0001335354796691585
2006-11-30,-0.0016223478218224197
2006-12-01,-0.0006346618332759792
2006-12-04,0.0019071622156666193
2006-12-05,0.0011343746421449549
2006-12-06,0.0001732503895369743
2006-12-07,0.00047994781585440133
2006-12-08,0.001419927816239409
2006-12-11,-0.0004438943010704807
2006-12-12,0.0001993803356950326
2006-12-13,0.0005798740324118928
2006-12-14,0.0005715271776785329
2006-12-15,3.783766604928348e-05
2006-12-18,-0.0013776081144170386
2006-12-19,0.0018048821216838885
2006-12-20,-0.0017196964769672356
2006-12-21,-0.0014607472100518681
2006-12-22,-0.0011090775552867053
2006-12-25,0.005368640672963517
2006-12-26,-0.0004305261664684133
2006-12-27,0.001023378992185391
2006-12-28,-0.0003773958009502056
2006-12-29,-0.0005934062831217251
2007-01-02,-0.010671430799306084
2007-01-03,0.0002990048933875047
2007-01-04,0.00016072468110926678
2007-01-05,-0.00010722837074701749
2007-01-08,0.0024629524884784795
2007-01-09,-0.001734089940761357
2007-01-10,0.0016410460547469506
2007-01-11,0.0011057372603310094
2007-01-12,-0.0013649908178275415
2007-01-15,-0.0032989826748087863
2007-01-16,-0.0005704621430306895
2007-01-17,-0.00033627835619335836
2007-01-18,-0.0030092405833375725
2007-01-19,-0.001179648456262792
2007-01-22,-0.0012764030733777017
2007-01-23,0.002368239388437235
2007-01-24,-0.0013539923241159828
2007-01-25,0.0029838953845161328
2007-01-26,0.0013728762193344882
2007-01-29,-0.00030366844914526383
2007-01-30,-0.0005821448748685749
2007-01-31,-0.0018601046634361342
2007-02-01,-0.000917667052737716
2007-02-02,-0.002892962918072295
2007-02-05,0.0017465939974329505
2007-02-06,0.0012176898766254997
2007-02-07,0.0014086658413351924
2007-02-08,0.0009971520409009266
2007-02-09,-0.00014665940282564387
2007-02-12,0.0014660812749099038
2007-02-13,0.0013786540878630625
2007-02-14,0.0012173571831539973
2007-02-15,0.0008738936844401164
2007-02-16,-0.0004377704859549265
2007-02-19,-0.002029076685134314
2007-02-20,0.0010869206961454248
2007-02-21,0.0013202329654810549
2007-02-22,0.00023150367941730744
2007-02-23,0.0007024159877088314
2007-02-26,-0.0005118257427009723
2007-02-27,-0.0022173840060766854
2007-02-28,0.0015924466375356668
2007-03-01,0.0001159248854874554
2007-03-02,-0.0010845804364808943
2007-03-05,0.0034363332497665457
2007-03-06,0.0013101232175609845
2007-03-07,0.00045805715345214975
2007-03-08,0.001299258892576682
2007-03-09,8.609188554222496e-05
2007-03-12,0.004129106776994403
2007-03-13,0.00202921079316304
2007-03-14,-0.0017701492561114677
2007-03-15,-0.0013701482662457378
2007-03-16,-0.0006746285408241628
2007-03-19,0.0027930371577115595
2007-03-20,-0.0010365222772429259
2007-03-21,-7.112286231903618e-05
2007-03-22,0.001028170645999153
2007-03-23,-9.224446195636611e-05
2007-03-26,0.0011460590592292535
2007-03-27,0.0009207568376320905
2007-03-28,-0.001403263985623784
2007-03-29,-3.788188356418573e-05
2007-03-30,0.00021119885626314812
2007-04-02,0.001416694267859023
2007-04-03,0.00035854575643380713
2007-04-04,0.0009947437697600673
2007-04-05,-0.0006594657901113724
2007-04-06,0.004395121954831475
2007-04-09,0.0016622163013948184
2007-04-10,0.0008457572052123898
2007-04-11,-0.0014663667496585845
2007-04-12,0.0005876328674513961
2007-04-13,0.0012540533582878325
2007-04-16,0.0007412030838566275
2007-04-17,-0.000635874976964653
2007-04-18,-0.00025511402284491424
2007-04-19,-0.0003513647814365368
2007-04-20,0.0007212142555035943
2007-04-23,0.001149007797112265
2007-04-24,0.002159050441807259
2007-04-25,-0.0020117444461844164
2007-04-26,-0.0018636374191780096
2007-04-27,0.0021807625924365735
2007-04-30,0.0013380282158564876
2007-05-01,-0.0013300932693420665
2007-05-02,0.0013197937899193574
2007-05-03,-0.0002996298088033841
2007-05-04,0.000756392845385066
2007-05-07,0.0015687759436504042
2007-05-08,0.0006261453993462963
2007-05-09,0.0006506612193147702
2007-05-10,0.0004134643516949346
2007-05-11,9.150215875623614e-05
2007-05-14,9.662299466534889e-05
2007-05-15,-0.0016472980464154738
2007-05-16,0.0009570343542614039
2007-05-17,0.0008559554695910818
2007-05-18,-0.0017798472692487702
2007-05-21,0.001231178358166158
2007-05-22,-0.0023994081450385914
2007-05-23,-0.0034300622470943985
2007-05-24,0.0006978811813745774
2007-05-25,0.0010803167580308237
2007-05-28,0.0017030579703133976
2007-05-29,9.60795165328265e-05
2007-05-30,0.0007241747439946514
2007-05-31,0.003264307033661149
2007-06-01,0.00028789390641149366
2007-06-04,0.001360010531139464
2007-06-05,-0.00040985268397682265
2007-06-06,0.0018397790938544868
2007-06-07,0.002041766047155274
2007-06-08,-0.0006200315089556695
2007-06-11,0.0004746150708053625
2007-06-12,0.0020544570810600744
2007-06-13,-0.0005960795271846779
2007-06-14,-0.0006559790638373619
2007-06-15,-3.4073050966231836e-07
2007-06-18,0.0012026918188442301
2007-06-19,0.0008310310296150362
2007-06-20,-0.00023465226386823522
2007-06-21,0.001579995793273511
2007-06-22,-0.0001468668083977452
2007-06-25,-0.00015275997349673915
2007-06-26,0.0028060106335081347
2007-06-27,0.00042778212109167
2007-06-28,-0.0007768402120088993
2007-06-29,0.002311686343178066
2007-07-02,0.003218353683230558
2007-07-03,-4.5497613139931996e-05
2007-07-04,0.0031439415733823662
2007-07-05,0.0010914539326126716
2007-07-06,-0.00017688264253263176
2007-07-09,0.00034414589760854263
2007-07-10,0.0012603598376435927
2007-07-11,0.0017913443442913793
2007-07-12,-0.0001789476456322339
2007-07-13,0.0013168276811082798
2007-07-16,0.0014198054737829527
2007-07-17,0.0008562586495637124
2007-07-18,0.0006419761765644314
2007-07-19,0.00013455781327796545
2007-07-20,0.0017181275891261449
2007-07-23,0.003972400121480141
2007-07-24,-0.0003753870126878499
2007-07-25,4.374012144306934e-05
2007-07-26,0.0013763733734502583
2007-07-27,-0.001724625744979024
2007-07-30,0.0036341865739631285
2007-07-31,-0.002053039524653747
2007-08-01,0.0030198497173668285
2007-08-02,0.0013948070716586136
2007-08-03,0.002587026473782274
2007-08-06,0.003689097984545714
2007-08-07,-0.0006838842515591846
2007-08-08,-0.010002489426139464
2007-08-09,-0.007515958019959505
2007-08-10,0.007345768779352311
2007-08-13,0.005617541417221019
2007-08-14,0.002464332222306881
2007-08-15,0.0005272193363313717
2007-08-16,-0.002724349273248772
2007-08-17,-0.001838796720471405
2007-08-20,0.0037128605681292968
2007-08-21,0.0018685739283713105
2007-08-22,0.0008275024997760665
2007-08-23,0.0028763299791488128
2007-08-24,0.0008779599964735418
2007-08-27,0.004613038032807768
2007-08-28,0.0023091872924638933
2007-08-29,-0.0002731211449788633
2007-08-30,0.0009256518421140243
2007-08-31,-0.0013949354206175821
2007-09-03,-5.148958815097022e-05
2007-09-04,-0.0006968833189519898
2007-09-05,0.0026914309842123356
2007-09-06,0.0008992620742658519
2007-09-07,0.00014830602302691248
2007-09-10,0.0015463554565421337
2007-09-11,0.00048412321313130035
2007-09-12,0.0025058274094783718
2007-09-13,0.0003748652584346234
2007-09-14,-0.00012846549915172844
2007-09-17,0.000954681643943975
2007-09-18,-0.0015491217949544
2007-09-19,0.0017849473350399162
2007-09-20,0.003228913951139308
2007-09-21,0.0009509046042884082
2007-09-24,0.00336233663453033
2007-09-25,0.002639824984577639
2007-09-26,0.000938227013390744
2007-09-27,-0.0007369614779251802
2007-09-28,1.1627570240497475e-05
2007-10-01,-0.000734897625023801
2007-10-02,-0.0022443036725730936
2007-10-03,-0.0009440041989616206
2007-10-04,0.0013148685791447316
2007-10-05,-0.0018875078142727465
2007-10-08,0.00403236904588444
2007-10-09,8.710047048860003e-05
2007-10-10,0.0010063570348144146
2007-10-11,-0.00035345097462444674
2007-10-12,0.002371241937251733
2007-10-15,0.0023900460788138576
2007-10-16,0.00321257316088159
2007-10-17,0.0030075800218098705
2007-10-18,0.002185783373832526
2007-10-19,0.00023155687852489056
2007-10-22,-0.0016686618282404963
2007-10-23,0.0037147470930296517
2007-10-24,0.00011198811904227464
2007-10-25,-0.00016975973350894484
2007-10-26,-0.0030118642686260224
2007-10-29,-0.0005178046230748551
2007-10-30,-0.0011683467610387897
2007-10-31,0.004184239504762732
2007-11-01,0.001111892956352937
2007-11-02,0.0035655356429646944
2007-11-05,0.00044002850882084063
2007-11-06,0.0014699113059830795
2007-11-07,0.0009958632679730758
2007-11-08,-0.0006136050058382656
2007-11-09,-0.005395989599442082
2007-11-12,0.002064126412539805
2007-11-13,-0.003059397158211115
2007-11-14,0.0011941345816328347
2007-11-15,0.0026582671501674273
2007-11-16,0.003885945104175558
2007-11-19,0.004168892293833315
2007-11-20,0.002921062154447918
2007-11-21,0.00047108163930983655
2007-11-22,3.967552275933914e-05
2007-11-23,-0.0018634577177152475
2007-11-26,0.0009962756915778237
2007-11-27,0.0014909864331197876
2007-11-28,-0.0012296583411655182
2007-11-29,-0.0011619614664725914
2007-11-30,-0.00475888431791661
2007-12-03,0.00016639927140015096
2007-12-04,0.004632325157215504
2007-12-05,-0.0016792026442497053
2007-12-06,-0.005340375574109623
2007-12-07,-0.001613051010645689
2007-12-10,-0.0032698308169666103
2007-12-11,0.0019715955516945707
2007-12-12,0.002515753649476707
2007-12-13,0.0033675707846807525
2007-12-14,0.0005117327978105584
2007-12-17,-0.0019249616985226254
2007-12-18,-0.0010429512730888344
2007-12-19,0.001156246261543952
2007-12-20,0.0035878767725909997
2007-12-21,-0.0006757312456888686
2007-12-24,0.0005326477978983874
2007-12-25,-0.0008577893702172926
2007-12-26,-0.0017549132202179373
2007-12-27,-0.0008615269899815708
2007-12-28,0.0021374738489959165
2007-12-31,-0.0007454776349892233
2008-01-02,-0.0010278533151360616
2008-01-03,0.007151092528189441
2008-01-04,0.005390114696343554
2008-01-07,-0.0007828841633338101
2008-01-08,0.002023955540808808
2008-01-09,0.004618408946567426
2008-01-10,-0.0032970261719733355
2008-01-11,0.0013392246335813002
2008-01-14,-0.0007908323922512506
2008-01-15,0.0009683436528807305
2008-01-16,-0.0036184125973942596
2008-01-17,-0.002698503113540099
2008-01-18,3.546765324003987e-05
2008-01-21,0.0028983756938225857
2008-01-22,-0.0026328621755767408
2008-01-23,-0.013083987960606855
2008-01-24,-0.0001454850078889023
2008-01-25,-0.0035174636898188728
2008-01-28,-0.009453367221805035
2008-01-29,-0.007711547869123486
2008-01-30,0.0007006938772285007
2008-01-31,-0.008542107953567758
2008-02-01,-0.0017691908295363007
2008-02-04,0.01338635365513358
2008-02-05,-0.0003893082880612167
2008-02-06,0.000583111405715072
2008-02-07,-0.007322387350305532
2008-02-08,0.007805265046300463
2008-02-11,0.003978464225214601
2008-02-12,0.0025285152660128427
2008-02-13,-8.013318676440266e-05
2008-02-14,0.002079482585928263
2008-02-15,-0.000964029997488487
2008-02-18,-0.0027904692611726203
2008-02-19,0.0014543143476575201
2008-02-20,-0.0016223897966915896
2008-02-21,0.0020445212180304393
2008-02-22,-0.0029018935728694494
2008-02-25,-0.0011326993122778533
2008-02-26,-0.001087972515168264
2008-02-27,-0.0010215375080036121
2008-02-28,0.005288316117295328
2008-02-29,0.0036407529642387957
2008-03-03,0.004242844876450716
2008-03-04,0.0006836593296866901
2008-03-05,0.001791987272136245
2008-03-06,0.006012595154728614
2008-03-07,-0.0007950315267349474
2008-03-10,-0.00011305988550659214
2008-03-11,-0.007453476591562794
2008-03-12,0.003581395101269565
2008-03-13,-0.001821440648450048
2008-03-14,0.003917700871683457
2008-03-17,0.0014928403010197526
2008-03-18,-0.005393727300866867
2008-03-19,-0.002016619245370135
2008-03-20,-0.01070091334723258
2008-03-21,-0.004851039850042653
2008-03-24,-0.001765041692471502
2008-03-25,0.00019335931785705252
2008-03-26,0.007611297962535951
2008-03-27,0.0022706689904300214
2008-03-28,0.0036210293679411138
2008-03-31,-0.0010228445069833429
2008-04-01,-0.007467826175452817
2008-04-02,-0.001291706826772634
2008-04-03,0.0006532409412352196
2008-04-04,0.004922028444916551
2008-04-07,-0.0026006785874289453
2008-04-08,0.0036758544069041064
2008-04-09,0.0040384126820906755
2008-04-10,0.0011266442204653946
2008-04-11,0.001360964894378679
2008-04-14,0.0033097888081615443
2008-04-15,-0.0029279655711166174
2008-04-16,0.00019659822088255845
2008-04-17,-0.001834040345931956
2008-04-18,-0.0008926070993900501
2008-04-21,0.004666231553823996
2008-04-22,0.0023858679140730745
2008-04-23,0.004405109722257854
2008-04-24,-0.009651843167289533
2008-04-25,-0.003998409572233397
2008-04-28,-0.002769243191267872
2008-04-29,-0.0023896807864671006
2008-04-30,0.000533031691439114
2008-05-01,-0.004405297609333593
2008-05-02,0.0009139276792724145
2008-05-05,0.003082332205096416
2008-05-06,0.002596441858467885
2008-05-07,0.0004959252053564275
2008-05-08,0.0020882282165773985
2008-05-09,-0.00011810077962657448
2008-05-12,-0.001058522837264165
2008-05-13,0.0024255967777053987
2008-05-14,-0.0005317635600979016
2008-05-15,-0.0004110748444195326
2008-05-16,0.002469506987716254
2008-05-19,0.00023061745802981253
2008-05-20,0.0032539430099482757
2008-05-21,0.005042072223873151
2008-05-22,-0.002057765295457317
2008-05-23,0.001362605993701013
2008-05-26,0.0031996864033600417
2008-05-27,-2.2440832965557466e-05
2008-05-28,0.002704660419986298
2008-05-29,-0.0017498276560055964
2008-05-30,0.0005487389108536192
2008-06-02,0.0015644528490106253
2008-06-03,0.0003045175238005322
2008-06-04,0.0013874658028360967
2008-06-05,0.0011678021189622137
2008-06-06,0.004899429773384007
2008-06-09,0.004918326493631894
2008-06-10,-0.0012496814405955224
2008-06-11,0.005326169426536546
2008-06-12,-0.0013615838916199716
2008-06-13,0.0009447314763029448
2008-06-16,7.696982388782739e-05
2008-06-17,0.004199339216032363
2008-06-18,0.004277001243705773
2008-06-19,0.003679363082344344
2008-06-20,0.001880928986236236
2008-06-23,0.00860019048735103
2008-06-24,-0.0018549263791027102
2008-06-25,-0.0011756864770998037
2008-06-26,0.003573815068144057
2008-06-27,0.0031371182480390437
2008-06-30,0.0043695611992582645
2008-07-01,0.00038072271156578427
2008-07-02,0.0001904791827767354
2008-07-03,0.00031192434817573525
2008-07-04,0.003865713857545605
2008-07-07,0.002391327916043865
2008-07-08,-0.005242205923971503
2008-07-09,0.0029511821960425846
2008-07-10,0.005313477343428292
2008-07-11,0.0039286262389093005
2008-07-14,0.0040347628935091555
2008-07-15,0.002514105153526844
2008-07-16,-0.010478723808551275
2008-07-17,-0.013212074173331778
2008-07-18,-0.0013454195077946677
2008-07-21,0.002043317377805715
2008-07-22,-0.007255459552696434
2008-07-23,-0.011767256351246026
2008-07-24,0.0075382284047523195
2008-07-25,0.006369218398127949
2008-07-28,0.005716713605683703
2008-07-29,-0.009589384487649965
2008-07-30,0.0006653886574262058
2008-07-31,-0.00023397331852747784
2008-08-01,-0.0020096241237349886
2008-08-04,-0.002686883367137539
2008-08-05,-0.007309132416957165
2008-08-06,-0.0028049113760613845
2008-08-07,0.004584134245430343
2008-08-08,-0.004658250154590906
2008-08-11,-0.00920263714402831
2008-08-12,0.00520279747928821
2008-08-13,0.01131495829942625
2008-08-14,-0.002651647436718887
2008-08-15,-0.006183699651637943
2008-08-18,0.0017819241743230751
2008-08-19,0.010168250454683014
2008-08-20,0.0034715289720661504
2008-08-21,0.0038506896421807513
2008-08-22,-0.007324630104506875
2008-08-25,-0.001059090625345691
2008-08-26,0.0012725184137856527
2008-08-27,0.0023032034976217864
2008-08-28,-0.0058404917615370346
2008-08-29,-0.004736622152868604
2008-09-01,0.008942510890880634
2008-09-02,-0.007087536968194999
2008-09-03,-0.009724569002441992
2008-09-04,-0.00014391255711516794
2008-09-05,-0.00294329589238826
2008-09-08,-0.008820254707787988
2008-09-09,-0.003199051489319274
2008-09-10,0.008310761280394369
2008-09-11,0.0011220773356443012
2008-09-12,-0.0030237690190153673
2008-09-15,0.0004790284554416419
2008-09-16,0.000420569816032336
2008-09-17,-0.0009042324291066547
2008-09-18,-0.01685066959013674
2008-09-19,-0.009228157930514515
2008-09-22,0.00649808674848013
2008-09-23,-0.0033539783110774174
2008-09-24,-0.00046112215694149887
2008-09-25,0.001858879553742641
2008-09-26,0.0023236835853576677
2008-09-29,0.008575611015491792
2008-09-30,-0.00021143714969688887
2008-10-01,-0.013169673714552594
2008-10-02,-0.007636883981882097
2008-10-03,0.00421569342141597
2008-10-06,0.006591758610341453
2008-10-07,0.004278015549490198
2008-10-08,0.01106156992692335
2008-10-09,0.00507063065606875
2008-10-10,-0.0049576477148507835
2008-10-13,0.012413259728651174
2008-10-14,-0.022443310641389116
2008-10-15,-0.009495844058790018
2008-10-16,0.01849290525060023
2008-10-17,0.00501956763445614
2008-10-20,0.007035833267818092
2008-10-21,-0.006151266423708394
2008-10-22,-0.0019466494365346088
2008-10-23,0.0033164914871308578
2008-10-24,0.005647729500982158
2008-10-27,-0.004863843478954507
2008-10-28,0.010737731793985697
2008-10-29,-0.000929656714272286
2008-10-30,-0.004403615912916016
2008-10-31,-0.007198969883893823
2008-11-03,-0.005316927997872804
2008-11-04,0.001728061093636805
2008-11-05,-0.008671340150854249
2008-11-06,-0.001227205553794768
2008-11-07,0.005260150313441999
2008-11-10,0.009781071200780145
2008-11-11,-0.0005790169304941076
2008-11-12,-0.0015925065322739392
2008-11-13,0.010811888760794702
2008-11-14,-0.003426480399712883
2008-11-17,0.004561343448782646
2008-11-18,0.001919603926642215
2008-11-19,-0.0010109178678529536
2008-11-20,-0.010795713575141964
2008-11-21,0.006474801688827102
2008-11-24,-0.0037527146659621907
2008-11-25,-0.0011640109563459617
2008-11-26,0.0032587387247309677
2008-11-27,-0.009240432884364637
2008-11-28,-0.004983799780866865
2008-12-01,-0.0011798219271886646
2008-12-02,-0.0013183689191708424
2008-12-03,-0.0034919072374809718
2008-12-04,-0.011613328991899744
2008-12-05,-0.004187970033799485
2008-12-08,0.002756062902198498
2008-12-09,0.0019060517331859848
2008-12-10,0.00223145050290877
2008-12-11,0.0014425066683778616
2008-12-12,0.002890186188294466
2008-12-15,-0.0015264629391070418
2008-12-16,0.00045104399556936185
2008-12-17,0.0008301297257504026
2008-12-18,-0.00447810972072376
2008-12-19,-0.0028925060700501644
2008-12-22,-0.004069942936385732
2008-12-23,0.0008837578714805226
2008-12-24,0.0014585736496240539
2008-12-25,-0.007313758954234351
2008-12-26,0.0002482457324932256
2008-12-29,0.003970744390604809
2008-12-30,-0.00018721465344562915
2008-12-31,0.0012861866290514133
2009-01-02,0.004365720584100213
2009-01-05,0.0015564388454028443
2009-01-06,-0.006171184959972993
2009-01-07,-0.004073420755868131
2009-01-08,0.0028377268951450562
2009-01-09,0.0007616600533997913
2009-01-12,-0.0014856014706107453
2009-01-13,0.009673411661559808
2009-01-14,0.003564274262071134
2009-01-15,0.007107149531840918
2009-01-16,-0.0015305786660325118
2009-01-19,0.003990969594086339
2009-01-20,0.004947014132648574
2009-01-21,0.007925799804524116
2009-01-22,-0.001271749160867541
2009-01-23,0.0038217792663887895
2009-01-26,0.0021320016579757114
2009-01-27,-0.004538276605681565
2009-01-28,-0.009934723098465414
2009-01-29,0.005130714793174584
2009-01-30,0.010498630700204828
2009-02-02,0.006390747061099008
2009-02-03,0.006334584419486423
2009-02-04,-0.005753544565942816
2009-02-05,-0.0036942906735016436
2009-02-06,-0.01546671040822701
2009-02-09,0.0016654695956256334
2009-02-10,0.012232145997294467
2009-02-11,-0.0024407281079981027
2009-02-12,0.009439887777325549
2009-02-13,0.001802872464215503
2009-02-16,0.001033104427263126
2009-02-17,0.013342528300442297
2009-02-18,0.001500597648197008
2009-02-19,0.0070791426329523946
2009-02-20,0.0034997061925305505
2009-02-23,0.0018445561664800338
2009-02-24,-0.00377677921025164
2009-02-25,-0.006481387051166277
2009-02-26,-0.003616553414813426
2009-02-27,0.0027122034113559136
2009-03-02,0.0012030774732232198
2009-03-03,0.003999885268771704
2009-03-04,-0.0013301698718716005
2009-03-05,0.0014547579395594072
2009-03-06,0.006729977272597327
2009-03-09,-0.0009566079524988071
2009-03-10,-0.010639301665817282
2009-03-11,-0.007766031226757013
2009-03-12,-0.0035161140901389335
2009-03-13,-0.005131918183500855
2009-03-16,-0.005003063364214339
2009-03-17,-0.006629748464748939
2009-03-18,-0.008473024750474708
2009-03-19,0.00031312912229193997
2009-03-20,0.0044471546702637725
2009-03-23,-0.016257724047652182
2009-03-24,-0.003341092221338444
2009-03-25,-0.000435514076126697
2009-03-26,-0.004498549816269306
2009-03-27,-0.00221339201467984
2009-03-30,0.013292947991109597
2009-03-31,-0.0023616105320370547
2009-04-01,-0.00969171234743209
2009-04-02,-0.015095283900089672
2009-04-03,-0.008288288619014712
2009-04-06,-0.0006661613735937778
2009-04-07,0.004241579169153897
2009-04-08,0.001490568479432371
2009-04-09,-0.021056522761993445
2009-04-10,-0.013613211859819533
2009-04-13,-0.004575667652021118
2009-04-14,-0.0004639208028000673
2009-04-15,0.00033571899471032327
2009-04-16,-0.00016716423911718376
2009-04-17,-0.007696909268755702
2009-04-20,0.006849597874714636
2009-04-21,-0.0026043281696590814
2009-04-22,-0.0029207630523955235
2009-04-23,-0.0020636445639770867
2009-04-24,-0.005398331037277195
2009-04-27,0.006389196613725048
2009-04-28,0.004912487242207143
2009-04-29,-0.002045789004546874
2009-04-30,-0.009382469507888822
2009-05-01,-0.0029817419782851525
2009-05-04,-0.006343547335783755
2009-05-05,-0.0016375204913516956
2009-05-06,-0.006437805918657127
2009-05-07,-0.007382582124654723
2009-05-08,-0.005159994162765749
2009-05-11,0.003665569808631169
2009-05-12,0.006136646229459284
2009-05-13,0.005900521860934747
2009-05-14,0.005039427296543102
2009-05-15,-0.006396313628261145
2009-05-18,0.00430930671820989
2009-05-19,-0.007193915529186529
2009-05-20,-0.0026149712950615535
2009-05-21,0.001360717662173085
2009-05-22,0.003676224764904688
2009-05-25,-0.0029953464433803883
2009-05-26,0.004950298122394033
2009-05-27,-0.004061348940528477
2009-05-28,-0.0008799673005592705
2009-05-29,-0.00014379051844950759
2009-06-01,-0.004186001325099859
2009-06-02,0.0006651951469879384
2009-06-03,-4.442114780809233e-05
2009-06-04,-0.0014399132712395808
2009-06-05,-0.0038538611009010446
2009-06-08,-0.003298752779625158
2009-06-09,0.0023851280134969412
2009-06-10,-0.005850682270067401
2009-06-11,-0.003719566452494346
2009-06-12,4.034271414057939e-05
2009-06-15,0.0008787936247877513
2009-06-16,0.01040458050659571
2009-06-17,0.002379016284573069
2009-06-18,0.00870227356998266
2009-06-19,0.0007863365300293453
2009-06-22,-0.0032294612281200483
2009-06-23,0.0067883337733473294
2009-06-24,-0.000549110874899468
2009-06-25,-0.0038771823836242555
2009-06-26,-0.0029000901995827073
2009-06-29,0.004394133026470063
2009-06-30,-0.003567340101520802
2009-07-01,0.0012563770353675432
2009-07-02,-0.0049196140051258625
2009-07-03,-0.0011484575004640264
2009-07-06,0.006571156338481413
2009-07-07,0.0009827550808852246
2009-07-08,0.008253163269310911
2009-07-09,0.002236727373389883
2009-07-10,0.00036313643052570435
2009-07-13,0.01163538259200384
2009-07-14,-0.008665828037940212
2009-07-15,0.0025633382980142813
2009-07-16,-0.0024158010398545714
2009-07-17,-0.0003971238978415009
2009-07-20,0.001997449267451704
2009-07-21,-0.0070622973650983495
2009-07-22,-0.0010431917265452098
2009-07-23,-0.0020292585399252936
2009-07-24,-0.004246109801505179
2009-07-27,-0.005923579807419313
2009-07-28,0.0015033618084636048
2009-07-29,0.0007194699452012477
2009-07-30,-0.004006495092949919
2009-07-31,-0.00567693765223518
2009-08-03,-0.0066766253924427236
2009-08-04,-0.0032678534208971477
2009-08-05,0.001068186550121093
2009-08-06,-0.004890133766529849
2009-08-07,-0.006921522995769034
2009-08-10,0.000181279887507659
2009-08-11,0.005373445327030373
2009-08-12,-0.0018094576577783184
2009-08-13,-0.0031205056998297644
2009-08-14,0.0028841550347326185
2009-08-17,0.008294593503576631
2009-08-18,-0.002562062192571151
2009-08-19,0.0004980031862218979
2009-08-20,-0.0015638731591004272
2009-08-21,-0.0057963697575723625
2009-08-24,-0.0009024897641789243
2009-08-25,0.00018823345601572212
2009-08-26,0.0017420268825799345
2009-08-27,9.541768599587771e-05
2009-08-28,-0.004371603702294919
2009-08-31,0.0044008925866723895
2009-09-01,0.004729681299199282
2009-09-02,0.004674828756107548
2009-09-03,-0.003067679833038629
2009-09-04,-0.0015837528454034375
2009-09-07,-0.005084578518391143
2009-09-08,-0.0022714310863124294
2009-09-09,-0.0030470270860899285
2009-09-10,-0.0036727808109451344
2009-09-11,-0.005301552791247217
2009-09-14,-0.0011720636106807413
2009-09-15,-0.0021019626410543686
2009-09-16,-0.005042338038627991
2009-09-17,-0.00037797753767896113
2009-09-18,-6.337272183467773e-05
2009-09-21,0.007090519479456548
2009-09-22,-0.006172762545607369
2009-09-23,0.0011762312845217924
2009-09-24,0.004256730419912337
2009-09-25,0.0027090224255859278
2009-09-28,-0.0013057788357430415
2009-09-29,-0.0007569165810736734
2009-09-30,0.002793720400079313
2009-10-01,0.0046334663985975215
2009-10-02,0.004478691932654368
2009-10-05,-0.001366458307996074
2009-10-06,-0.004820179525926385
2009-10-07,-0.002203333393251817
2009-10-08,-0.0048540698257005304
2009-10-09,-0.0002006829334135354
2009-10-12,-0.0017885488799346567
2009-10-13,-0.00036599882895613385
2009-10-14,-0.0040738945948872425
2009-10-15,-9.365670340592689e-05
2009-10-16,0.001580582677905572
2009-10-19,-0.0003808775626774059
2009-10-20,0.0008267827462521673
2009-10-21,0.00065171459392324
2009-10-22,0.001148729367204763
2009-10-23,0.003934604096488421
2009-10-26,0.005298234562714894
2009-10-27,0.004259056294458907
2009-10-28,0.005375902393470927
2009-10-29,-0.005824394458142049
2009-10-30,0.004001652565795785
2009-11-02,0.0039647134268527675
2009-11-03,-0.00329301313584568
2009-11-04,0.0009139759382745766
2009-11-05,-0.0025952963517615435
2009-11-06,0.0025923199952867433
2009-11-09,-0.002924271732215585
2009-11-10,0.0018770005047897475
2009-11-11,-0.0014147725037111872
2009-11-12,0.0025345549217590203
2009-11-13,-2.8797590040848238e-05
2009-11-16,-0.0027810367706842384
2009-11-17,-0.0004583317792182733
2009-11-18,0.0006633990006737225
2009-11-19,0.0032928384902207878
2009-11-20,6.289006062556791e-05
2009-11-23,-0.0010690266998533186
2009-11-24,0.0014940424621256183
2009-11-25,-0.0005381429586313041
2009-11-26,0.005889774498130452
2009-11-27,0.0003339722551099389
2009-11-30,-0.0003932014599111987
2009-12-01,-0.0013235063320902328
2009-12-02,-0.0008248989650230696
2009-12-03,-0.0004800539095668397
2009-12-04,-0.002255573125710806
2009-12-07,-0.0012421197458355234
2009-12-08,0.0016606599771250132
2009-12-09,0.0015293211702058984
2009-12-10,-7.274439251811197e-05
2009-12-11,-0.0005903238684803439
2009-12-14,0.0005367125751626844
2009-12-15,-0.0007037685869345297
2009-12-16,-0.0019614165985578627
2009-12-17,-0.002318692396615897
2009-12-18,-4.575443067888895e-05
2009-12-21,-0.000172835901977542
2009-12-22,-7.387179681634847e-05
2009-12-23,0.00031144303309333293
2009-12-24,-0.0003792343532259453
2009-12-25,0.0015699343644840795
2009-12-28,0.0021134549574275095
2009-12-29,-3.168722887037513e-05
2009-12-30,-0.0005903408187434646
2009-12-31,0.0008364292381962524
2010-01-04,-0.002098493210438486
2010-01-05,-0.004523533815906436
2010-01-06,-0.004016874838362005
2010-01-07,-0.002859968189241636
2010-01-08,-0.0035536722425037613
2010-01-11,-0.000682618572853111
2010-01-12,0.0020193891061171527
2010-01-13,0.0008490747243216795
2010-01-14,-0.0013150242429220184
2010-01-15,0.0005814843034845164
2010-01-18,-0.0016484571854446988
2010-01-19,-0.0004498115292002877
2010-01-20,-0.0008047505481229246
2010-01-21,-0.0003494452938972207
2010-01-22,0.000868847030834301
2010-01-25,0.0004970433890803304
2010-01-26,0.0010263973708576088
2010-01-27,0.0031488942178712676
2010-01-28,0.001181950707695202
2010-01-29,-0.0025830146722793414
2010-02-01,0.0014312248564303195
2010-02-02,0.0019515381627364583
2010-02-03,4.0344445513074374e-05
2010-02-04,-0.003576365205091967
2010-02-05,-0.001084226272434876
2010-02-08,0.0011191265152754033
2010-02-09,0.0035944621287247644
2010-02-10,-0.0026568498360035778
2010-02-11,0.0019128210724155804
2010-02-12,0.000803182370819199
2010-02-15,-0.001963392410915172
2010-02-16,0.0020076107866421715
2010-02-17,0.0003328762176714066
2010-02-18,0.0023352061297365416
2010-02-19,-0.002341875674826494
2010-02-22,-0.00020680698360482974
2010-02-23,0.00010793594533718756
2010-02-24,0.003611259122859728
2010-02-25,0.00021814142707014936
2010-02-26,0.0007390734350282195
2010-03-01,0.0027718467263206474
2010-03-02,0.0003841115753129697
2010-03-03,-0.002208557447246092
2010-03-04,0.00041840677729916727
2010-03-05,-0.0002682105931846512
2010-03-08,-0.000854383307126482
2010-03-09,4.4236186979250925e-05
2010-03-10,4.506137390462714e-06
2010-03-11,-1.2415108361877521e-05
2010-03-12,0.0005774040385323733
2010-03-15,4.316157459690289e-05
2010-03-16,-0.0007508274731372998
2010-03-17,-0.0015354671012866522
2010-03-18,0.002907186617602538
2010-03-19,-0.0010951364435696687
2010-03-22,0.0019784880835320273
2010-03-23,0.0011471856696602693
2010-03-24,-0.00208636558631105
2010-03-25,0.0008975572844600123
2010-03-26,-6.909236550568008e-05
2010-03-29,-0.0006842641428124564
2010-03-30,-0.0004383132274860294
2010-03-31,-7.351643389640637e-07
2010-04-01,-0.0005387128463695056
2010-04-02,-0.001262169530391741
2010-04-05,1.832627510403043e-05
2010-04-06,-0.0008119655007930012
2010-04-07,0.000554790033322105
2010-04-08,0.0009472715502995111
2010-04-09,-0.0009244037095528916
2010-04-12,-0.0009996638957069774
2010-04-13,0.0010211923296790126
2010-04-14,-4.863818528401206e-05
2010-04-15,-3.429266822007541e-05
2010-04-16,0.0010720926843531078
2010-04-19,0.0003172859028383057
2010-04-20,-0.001488633919799752
2010-04-21,-0.0006764751641734173
2010-04-22,-0.0001299138739767648
2010-04-23,-0.00033540749953351207
2010-04-26,-0.0014144103890003246
2010-04-27,-0.0013041269691454669
2010-04-28,0.00013244585013291732
2010-04-29,0.0005347190922327747
2010-04-30,-0.005251151436115769
2010-05-03,0.0017238840016927314
2010-05-04,-0.0015644508224279335
2010-05-05,0.0007357716992423089
2010-05-06,0.003988437561586095
2010-05-07,0.0010257255214437997
2010-05-10,0.0018316264490824215
2010-05-11,0.0007838956544345894
2010-05-12,0.0005999783695423042
2010-05-13,-0.001913703747670728
2010-05-14,0.0012799924989084232
2010-05-17,0.004723461043418026
2010-05-18,-0.0019100791886149928
2010-05-19,0.0024903341849875187
2010-05-20,0.004222761580116386
2010-05-21,0.00044198981248351417
2010-05-24,0.002386256785669687
2010-05-25,0.002021801422685576
2010-05-26,-0.0024814049597194996
2010-05-27,-0.00012847006354562974
2010-05-28,-0.0018458569660508978
2010-05-31,-0.001027564132215261
2010-06-01,0.0033390737023123143
2010-06-02,0.002253071734844164
2010-06-03,-0.0014747013566718493
2010-06-04,0.00035284331079461095
2010-06-07,0.0011446664959382927
2010-06-08,0.0009112415258419626
2010-06-09,-0.0009050142031483423
2010-06-10,-4.347925637032814e-05
2010-06-11,-0.0005048792047188987
2010-06-14,-0.0022588122272032413
2010-06-15,0.002295334261345265
2010-06-16,0.00026185830236688165
2010-06-17,0.0018722296748400397
2010-06-18,-0.0006389288806704412
2010-06-21,-0.0017338162628408244
2010-06-22,0.0009976782304383874
2010-06-23,0.0016726560758036067
2010-06-24,0.0002641141110046743
2010-06-25,-0.0006134648350708798
2010-06-28,0.0005710616511346803
2010-06-29,0.0016893536896791677
2010-06-30,0.000382578945699192
2010-07-01,0.002188097416297385
2010-07-02,-0.0011201037272306677
2010-07-05,0.0002164825793406142
2010-07-06,-0.000885100399002696
2010-07-07,0.0015075244147976278
2010-07-08,-0.002616116465827996
2010-07-09,0.001141251964591509
2010-07-12,0.0008519101789483344
2010-07-13,-0.00039949221828936384
2010-07-14,0.0005067558447084947
2010-07-15,0.0013201158224701184
2010-07-16,0.0006006911437511809
2010-07-19,0.0011730825947606368
2010-07-20,-0.0006900421471646503
2010-07-21,-0.001538413119984536
2010-07-22,-0.0019227222339618622
2010-07-23,0.0004792920704260468
2010-07-26,0.0018924162345368204
2010-07-27,-0.002488033622028094
2010-07-28,-0.0004388215801682052
2010-07-29,-0.0026254333289652894
2010-07-30,0.0002559609481421626
2010-08-02,0.0004790621942738437
2010-08-03,-0.001190928703998347
2010-08-04,0.0013790329385012605
2010-08-05,-0.0019013102761360186
2010-08-06,-0.001113767742782872
2010-08-09,0.0020306446204447727
2010-08-10,-0.0007306756279298844
2010-08-11,-0.0016451499471506015
2010-08-12,0.000146680248164571
2010-08-13,-0.0019155511686770187
2010-08-16,-0.0002532926765250664
2010-08-17,0.000872790648002115
2010-08-18,0.0008094372738579943
2010-08-19,-0.0010106301732758624
2010-08-20,0.001132209980570361
2010-08-23,-0.00044703647999015954
2010-08-24,-0.0009357983387050104
2010-08-25,0.0008135365627282131
2010-08-26,-0.0015485355234193105
2010-08-27,7.238087212943283e-05
2010-08-30,-0.0004989606108448747
2010-08-31,0.0007808916310897341
2010-09-01,0.0029460529718488403
2010-09-02,-0.0006885106182408638
2010-09-03,0.0008748332393900143
2010-09-06,-0.006316596107344248
2010-09-07,-0.00012752820185558402
2010-09-08,0.0005475870082148341
2010-09-09,-0.00019300392827255666
2010-09-10,-0.0013791752412380606
2010-09-13,0.0012824786564502714
2010-09-14,0.0006435988768155027
2010-09-15,6.480287096613478e-05
2010-09-16,0.001898879391356634
2010-09-17,0.0005180876096702739
2010-09-20,0.0018226927594374926
2010-09-21,-0.0012053303098217701
2010-09-22,-0.0013493225442558956
2010-09-23,0.0006942972924340651
2010-09-24,0.0021533716164127913
2010-09-27,-0.0009342882815293113
2010-09-28,0.002098759033177113
2010-09-29,0.0014821257333426402
2010-09-30,-0.001225040442697552
2010-10-01,-0.0006343556384911928
2010-10-04,-0.0011707798474631043
2010-10-05,0.0013957284218764007
2010-10-06,-0.0036753716451331693
2010-10-07,0.00038270661311709916
2010-10-08,-0.00021852424370515913
2010-10-11,-0.0006471639463904436
2010-10-12,-0.0006104964210475217
2010-10-13,2.6213039335319576e-05
2010-10-14,-0.0010900490446021822
2010-10-15,0.001820911312917213
2010-10-18,-0.0012300783671828203
2010-10-19,-0.00043854795769431265
2010-10-20,-0.0006602969632134738
2010-10-21,0.00036948745627860593
2010-10-22,0.00032977324610424576
2010-10-25,-0.0012694052212087455
2010-10-26,-0.0003177929019699935
2010-10-27,0.0026971500880894153
2010-10-28,0.0006994195354245807
2010-10-29,0.0012532009498089096
2010-11-01,-0.0007455606437322315
2010-11-02,0.0016664083275058248
2010-11-03,0.0004343407168853513
2010-11-04,-0.00037803580063522796
2010-11-05,0.00021103321673452972
2010-11-08,0.00019258997151933054
2010-11-09,-0.00010362911419056073
2010-11-10,-0.0010866949488469787
2010-11-11,-0.0008850343157734647
2010-11-12,0.00042279572907150646
2010-11-15,-0.00024131503720424422
2010-11-16,0.0006073776279453359
2010-11-17,0.00015442834346905427
2010-11-18,0.0016326520604905527
2010-11-19,0.0008943762640632013
2010-11-22,0.0020148823227417816
2010-11-23,-8.071812150855813e-05
2010-11-24,0.0023015623882501287
2010-11-25,0.0012477960494019459
2010-11-26,-0.00040894415101154686
2010-11-29,-0.0012415664020786607
2010-11-30,0.0003377351197882693
2010-12-01,0.002493232934949977
2010-12-02,-0.0010249277079245006
2010-12-03,0.00023350587376937956
2010-12-06,0.00017385466187364279
2010-12-07,0.0012177810680357158
2010-12-08,0.00034739083778219783
2010-12-09,-0.00017027870922735612
2010-12-10,-0.0008822386591054875
2010-12-13,-0.0002503299507664511
2010-12-14,-0.0002768078744675827
2010-12-15,-0.00031038366900952124
2010-12-16,0.001486988311013034
2010-12-17,0.0012496292749147224
2010-12-20,-0.0013792545030690676
2010-12-21,-0.0017649036898156093
2010-12-22,-0.0022107528583090942
2010-12-23,7.260793244334017e-05
2010-12-24,0.0017268224193213
2010-12-27,-0.0011978346445797718
2010-12-28,-0.0009870933024148148
2010-12-29,-0.0009418209391957093
2010-12-30,1.2307802296047512e-05
2010-12-31,-0.0013995394825389385
2011-01-03,0.00032216655803025723
2011-01-04,-0.0008189182627710269
2011-01-05,-0.0005409720514482265
2011-01-06,0.00021704952933103536
2011-01-07,-0.0003615170638273262
2011-01-10,-0.00021232028120839836
2011-01-11,-0.000527459244177579
2011-01-12,-0.0015771726518126273
2011-01-13,0.00016904687954338258
2011-01-14,0.0007660353615041141
2011-01-17,0.000937329426475153
2011-01-18,-0.00037954638612053575
2011-01-19,0.0013816791048112005
2011-01-20,0.0005813786564985217
2011-01-21,0.0008355610241772305
2011-01-24,-0.001489266050540334
2011-01-25,0.00109765477224572
2011-01-26,-0.0006620195133093977
2011-01-27,0.0010104923638064897
2011-01-28,0.002890791850769811
2011-01-31,0.00027238443854230184
2011-02-01,-3.734836322698218e-05
2011-02-02,0.0007131995065923019
2011-02-03,-0.0012630070838230225
2011-02-04,0.00042690901438054184
2011-02-07,-0.000565040576727037
2011-02-08,-0.0022240520393707074
2011-02-09,-0.0003681055995453142
2011-02-10,-0.00022807916070739442
2011-02-11,-0.0009274609948316684
2011-02-14,0.001787239306899614
2011-02-15,0.0001102779476146931
2011-02-16,-0.0005945799528362925
2011-02-17,0.0009531981454653898
2011-02-18,0.0014682740296749041
2011-02-21,0.002316179683864417
2011-02-22,-0.00027576272481550377
2011-02-23,-0.0016257725651559923
2011-02-24,0.0019188176483106903
2011-02-25,0.000718057840414172
2011-02-28,-0.000811176130674065
2011-03-01,0.0018299972640803872
2011-03-02,0.001625664966103771
2011-03-03,0.001016723085605153
2011-03-04,0.000958523358357407
2011-03-07,-0.0008414081647620362
2011-03-08,0.0002654094905644612
2011-03-09,-0.0012688846187646405
2011-03-10,-0.00019048122243234993
2011-03-11,0.00016873576332326635
2011-03-14,0.002056154666984678
2011-03-15,0.002244033580142198
2011-03-16,-0.0009179387447684851
2011-03-17,-0.0012579274126501376
2011-03-18,-0.002292084471295543
2011-03-21,-0.0005007939051883817
2011-03-22,-0.0008602450056845303
2011-03-23,0.0020557763486496877
2011-03-24,0.0018508447699366838
2011-03-25,-0.00012755686697687934
2011-03-28,0.0006548950924662005
2011-03-29,0.0002981610723802348
2011-03-30,0.0015255036285683722
2011-03-31,5.183851248553261e-05
2011-04-01,0.0003367424041302066
2011-04-04,0.0006392247759760232
2011-04-05,0.00048117450148105163
2011-04-06,-0.00021432882256882177
2011-04-07,-0.0006702600564173541
2011-04-08,-0.0005337540712121144
2011-04-11,0.002927004533228012
2011-04-12,0.0006066021764032572
2011-04-13,0.0020605638187305877
2011-04-14,0.0012500229214073447
2011-04-15,-0.0004885561550283414
2011-04-18,0.0007334218205438687
2011-04-19,-0.0004113582712703592
2011-04-20,0.0013072169022738077
2011-04-21,0.0005533216673092682
2011-04-22,-0.00010488093683533705
2011-04-25,-0.0013299149085200818
2011-04-26,0.0006563732659188942
2011-04-27,0.001296254590132188
2011-04-28,0.0004383825546171983
2011-04-29,0.0002743630021440705
2011-05-02,0.0018820302507932454
2011-05-03,8.460186406911559e-05
2011-05-04,0.0005218228608915999
2011-05-05,0.00028490272369363314
2011-05-06,6.930520753398215e-05
2011-05-09,0.0011834689521319347
2011-05-10,-0.00033141114267233997
2011-05-11,0.0022476170885128155
2011-05-12,0.0003132475023072277
2011-05-13,0.0004642502259052013
2011-05-16,-0.0010840104269592382
2011-05-17,-0.00015817514656988308
2011-05-18,0.0004330556302185462
2011-05-19,0.001068748082735539
2011-05-20,-0.0005168558980042634
2011-05-23,-0.0002274373785322589
2011-05-24,0.0005864468111619429
2011-05-25,0.0006522507629140883
2011-05-26,0.0001779713949773276
2011-05-27,-0.0007106542513507142
2011-05-30,0.0009486044107035634
2011-05-31,0.002218826756517757
2011-06-01,0.002324166513889261
2011-06-02,-0.0005243202077837896
2011-06-03,-0.0013706111546137765
2011-06-06,0.002700915161905403
2011-06-07,0.0011536884090208464
2011-06-08,0.000478143663979385
2011-06-09,0.0012882702563834013
2011-06-10,-0.00016313744735254804
2011-06-13,0.001494460341013309
2011-06-14,-0.0010166343023337765
2011-06-15,-0.0008366793829590081
2011-06-16,-0.0003970894260678113
2011-06-17,-0.0005185108295215133
2011-06-20,0.0009934993505027936
2011-06-21,0.0020330628140562603
2011-06-22,-0.0006544454603671663
2011-06-23,0.0011881975627246026
2011-06-24,-0.0011834559100486087
2011-06-27,0.0019524706995683715
2011-06-28,0.00017138420664019165
2011-06-29,-0.0009335625383556075
2011-06-30,-0.0009933766084011795
2011-07-01,0.00033178552124616697
2011-07-04,-0.0018434493207595349
2011-07-05,0.0020073651477645724
2011-07-06,0.0031300762190117483
2011-07-07,-0.00041550780904008744
2011-07-08,0.00027325799579787255
2011-07-11,0.001357586133565772
2011-07-12,-0.0007976535329667055
2011-07-13,0.00019258696371550544
2011-07-14,-0.0002598929728516719
2011-07-15,-0.0013385204337355461
2011-07-18,0.0020690349628159363
2011-07-19,0.0006693296184071505
2011-07-20,-4.5236059462322936e-05
2011-07-21,-0.002945922332215856
2011-07-22,0.0008207553907376745
2011-07-25,-0.0006728894771795559
2011-07-26,0.0003190727915877723
2011-07-27,-0.0011267646238066638
2011-07-28,0.0012332688923452134
2011-07-29,-0.00014989752651944856
2011-08-01,-0.00035619533042263756
2011-08-02,0.0006928824511215777
2011-08-03,0.003729585888200492
2011-08-04,-0.0055301413619841975
2011-08-05,0.001729651836030491
2011-08-08,-0.002855167161492999
2011-08-09,0.005467909491045788
2011-08-10,0.0006199556096962165
2011-08-11,0.001794210635128859
2011-08-12,0.00237492069411455
2011-08-15,-0.003637034139149272
2011-08-16,-0.0006067994646289214
2011-08-17,-0.0017310940825305632
2011-08-18,-0.0030829919079148034
2011-08-19,0.002216870211699616
2011-08-22,0.0037351326399289774
2011-08-23,0.003915519300513759
2011-08-24,-0.00036651418186939944
2011-08-25,-0.00032050964182649225
2011-08-26,0.0025938421021982493
2011-08-29,-0.005260697617359728
2011-08-30,-0.00026975425104295756
2011-08-31,-0.0013884999300491732
2011-09-01,0.0009420918093827155
2011-09-02,0.0005825353973699008
2011-09-05,0.013682952205239166
2011-09-06,0.0013942929747230352
2011-09-07,-0.002771717604542242
2011-09-08,-0.0004896136111603831
2011-09-09,-0.0020964494106519853
2011-09-12,0.0026910275003718064
2011-09-13,-0.0010182688313262267
2011-09-14,0.0014963694344179448
2011-09-15,-0.001386100789062983
2011-09-16,-0.000312726888237019
2011-09-19,0.00454872578289197
2011-09-20,-0.001358219543066879
2011-09-21,-0.0014844100896635865
2011-09-22,-0.0022129056942859077
2011-09-23,-0.0005773479590089289
2011-09-26,0.0014888544441266258
2011-09-27,-0.002430928676478001
2011-09-28,-0.0006227846080414695
2011-09-29,-0.00404828907432588
2011-09-30,-0.0008737886899532078
2011-10-03,0.0025059240684320153
2011-10-04,0.002876412645861892
2011-10-05,0.0028398527658076355
2011-10-06,-0.0017917881534080813
2011-10-07,-0.00042936531920499107
2011-10-10,0.003837533127021507
2011-10-11,-0.0025677725282219786
2011-10-12,-0.0004057934468287562
2011-10-13,0.00037020786073933506
2011-10-14,-2.4817175399507455e-05
2011-10-17,-8.811063311525426e-05
2011-10-18,0.0005210159241087637
2011-10-19,-0.001818031930249996
2011-10-20,0.0025053853960239833
2011-10-21,-0.0012160851147952991
2011-10-24,-6.860140319661892e-05
2011-10-25,0.002571170098029274
2011-10-26,-0.0031406106035685357
2011-10-27,-0.002631622131646255
2011-10-28,0.0013803335767047745
2011-10-31,0.00026895051557927074
2011-11-01,0.0012496714885354805
2011-11-02,0.001989646013106871
2011-11-03,0.0004888471800939214
2011-11-04,-0.00220380095420589
2011-11-07,-0.0001891246303636146
2011-11-08,0.00216589136189609
2011-11-09,-0.003907195643091669
2011-11-10,0.0024977627951175384
2011-11-11,0.0011415010869295695
2011-11-14,-0.00034708303350168497
2011-11-15,0.0037392428140657647
2011-11-16,-0.00283386040952515
2011-11-17,-0.0028051761377107663
2011-11-18,0.0007726636074602672
2011-11-21,0.0017333381556114778
2011-11-22,0.0037664659125098685
2011-11-23,2.1813463273510113e-05
2011-11-24,-0.003630505657461487
2011-11-25,-0.0016533550912738234
2011-11-28,0.001679829512347532
2011-11-29,0.0013786390949256436
2011-11-30,0.001978492406603552
2011-12-01,-0.0025393877451171942
2011-12-02,-0.002142442101458276
2011-12-05,0.00023825613883582378
2011-12-06,0.0008433025398239915
2011-12-07,-0.0026924988115113726
2011-12-08,0.003440018200791831
2011-12-09,0.0016667114046985815
2011-12-12,-0.00016754027942527227
2011-12-13,-0.0010319498233415558
2011-12-14,-0.002538535969995117
2011-12-15,0.0023062654867833407
2011-12-16,0.0017331470259194196
2011-12-19,0.0022107266386252604
2011-12-20,0.0010618453612385459
2011-12-21,-0.003834379431121711
2011-12-22,-0.003660023473512833
2011-12-23,0.0005297102374335959
2011-12-26,0.0010397949387281416
2011-12-27,0.0001872744004858171
2011-12-28,0.0005262987855164275
2011-12-29,0.0010373730209273368
2011-12-30,-0.0013348346936114268
2012-01-02,-0.006603104550978187
2012-01-03,-0.0022399711090957657
2012-01-04,0.0010893732214201516
2012-01-05,0.000671863493929211
2012-01-06,-0.0006791276810349298
2012-01-09,0.0009457036976626023
2012-01-10,-0.0014169394817563062
2012-01-11,-0.0026756933151115972
2012-01-12,-0.0007524823440894363
2012-01-13,0.0006340589117013927
2012-01-16,-0.0002931835200413172
2012-01-17,-0.0016169781425399115
2012-01-18,-0.0022703568113276074
2012-01-19,-0.0029794592233862356
2012-01-20,-0.0034039578853179717
2012-01-23,9.17190582629677e-05
2012-01-24,0.002147288355917878
2012-01-25,0.002191553995204017
2012-01-26,-0.0024719175361270283
2012-01-27,-0.0013123697780367046
2012-01-30,0.0019297361907537301
2012-01-31,-0.002216546665711295
2012-02-01,-0.001989021367782389
2012-02-02,-0.001956217338808597
2012-02-03,-0.00013847344408554868
2012-02-06,0.0008848727710608489
2012-02-07,0.001733815178622964
2012-02-08,-0.001822449686401423
2012-02-09,-0.0004761772236191687
2012-02-10,0.0006993626845220037
2012-02-13,0.0025333494426205668
2012-02-14,0.0022493179923661066
2012-02-15,-0.004033160864760978
2012-02-16,0.002388985117254157
2012-02-17,-0.0017992843376679164
2012-02-20,-0.0021433416519380127
2012-02-21,0.0006493416711423293
2012-02-22,0.0007589688307594756
2012-02-23,0.001850172326969673
2012-02-24,0.000994837710306632
2012-02-27,0.001696968315781653
2012-02-28,0.001724044134992609
2012-02-29,0.0008249447243347256
2012-03-01,0.0028586370913956795
2012-03-02,-0.0007533655393659297
2012-03-05,0.0017957430184167686
2012-03-06,-0.000969654740057655
2012-03-07,0.0022417477259151
2012-03-08,0.0007736247667939747
2012-03-09,-0.001326701004546285
2012-03-12,0.00031880399538665634
2012-03-13,0.0011788946023208577
2012-03-14,-0.0009359326685145576
2012-03-15,-0.0026418390033251223
2012-03-16,-0.0015425929273005586
2012-03-19,0.0013607688479872655
2012-03-20,-0.0008549963583545582
2012-03-21,0.0027890214247132095
2012-03-22,0.0008115830266352399
2012-03-23,7.215670845547674e-05
2012-03-26,0.003611077951491334
2012-03-27,-0.0008458256453280173
2012-03-28,-0.0008039443316962887
2012-03-29,0.001333078021111272
2012-03-30,0.0006895954189034385
2012-04-02,0.001985064498460004
2012-04-03,0.0033714825491460584
2012-04-04,0.0005901889976450129
2012-04-05,0.0015431000532822657
2012-04-06,-0.0032068160014464245
2012-04-09,0.0008936036793321669
2012-04-10,-0.0015377268335581922
2012-04-11,0.0012595944732508252
2012-04-12,0.00023465642333279625
2012-04-13,-0.00023460183443632058
2012-04-16,0.0016174006729341773
2012-04-17,0.002128627285515298
2012-04-18,0.002836156489223309
2012-04-19,0.0009288776849879525
2012-04-20,0.0015992137963013245
2012-04-23,0.0017163366939872183
2012-04-24,-0.0005813842482564205
2012-04-25,0.0006088581382537017
2012-04-26,0.0021869924399542345
2012-04-27,0.0025244293773564993
2012-04-30,-0.00234895809833386
2012-05-01,0.002797812560370413
2012-05-02,0.0008790296568785746
2012-05-03,0.000977008000516872
2012-05-04,-0.004232978047831119
2012-05-07,0.0016725712311569914
2012-05-08,-0.0025334341966828148
2012-05-09,0.00025838889143874803
2012-05-10,-0.0008818845037502794
2012-05-11,0.0030707634511525014
2012-05-14,-0.00025945635660705723
2012-05-15,0.003585824824735964
2012-05-16,0.003184892864754533
2012-05-17,-0.004642106476249227
2012-05-18,0.0027308246053375364
2012-05-21,0.0012888061385023125
2012-05-22,0.0005634345099043754
2012-05-23,0.0036692428539911587
2012-05-24,0.0024374396283256415
2012-05-25,-0.0009363662617117655
2012-05-28,0.003243426676245538
2012-05-29,-0.0013937653625514322
2012-05-30,0.002620725850594208
2012-05-31,0.00030778025650487914
2012-06-01,-0.0008315763566906152
2012-06-04,0.004358662520870615
2012-06-05,-0.003218229208829225
2012-06-06,-0.0021437014522882915
2012-06-07,-0.0010097789402482619
2012-06-08,0.0038542833647827765
2012-06-11,-0.0039861739813363845
2012-06-12,0.0032221547977836873
2012-06-13,-0.0018307202251189468
2012-06-14,0.0021052272286575537
2012-06-15,-0.0013965214427538943
2012-06-18,-0.001707848962057822
2012-06-19,0.0001385443937866401
2012-06-20,-0.0029865238101783125
2012-06-21,-0.00413622084633657
2012-06-22,6.617586633393429e-05
2012-06-25,0.0008159488971837101
2012-06-26,0.0049718984869802875
2012-06-27,-0.00023594763511512786
2012-06-28,-0.0008767967600233762
2012-06-29,-1.8041703718485341e-06
2012-07-02,-0.0008318106864117209
2012-07-03,-0.0006721659978046768
2012-07-04,-1.060786566209388e-05
2012-07-05,9.379974296139758e-05
2012-07-06,-0.00013551890394833974
2012-07-09,0.005341992277466829
2012-07-10,0.0013956106239885785
2012-07-11,0.001263841861945225
2012-07-12,0.003435400053600988
2012-07-13,0.004151926658697061
2012-07-16,0.0013996856205739816
2012-07-17,0.0036486756799502685
2012-07-18,0.0014025458446496502
2012-07-19,-0.003053000083940714
2012-07-20,0.0029766685805523306
2012-07-23,0.004706786682373667
2012-07-24,0.0019695062031898193
2012-07-25,0.0037657578814201437
2012-07-26,0.001818434684490317
2012-07-27,-0.00638335233729911
2012-07-30,-0.0021046512743131706
2012-07-31,-0.004167138650202582
2012-08-01,-0.0008956481497001047
2012-08-02,0.002533937770278902
2012-08-03,0.004931848912052868
2012-08-06,-0.0045532872685949315
2012-08-07,-0.00035087184685706494
2012-08-08,-0.004912597935244703
2012-08-09,-0.001595516911599562
2012-08-10,-0.002746310799992642
2012-08-13,0.0024233593914352314
2012-08-14,0.0009298619164675024
2012-08-15,0.0036259768750651236
2012-08-16,0.001769481332220606
2012-08-17,-0.0004415382225761559
2012-08-20,-0.0015584141933210388
2012-08-21,0.00596541336585436
2012-08-22,-0.00251404983756106
2012-08-23,0.0014122423083519193
2012-08-24,0.0016813318410528314
2012-08-27,-9.974656950028499e-05
2012-08-28,0.002197980940889762
2012-08-29,0.007416937857621653
2012-08-30,0.0032468460534063647
2012-08-31,0.0002891400899610828
2012-09-03,-0.0030235007249535327
2012-09-04,0.013463494476136503
2012-09-05,0.004125962700116917
2012-09-06,0.004954656010985709
2012-09-07,-0.004092086992421257
2012-09-10,-0.002818492254007993
2012-09-11,0.0004302896818629113
2012-09-12,-0.0026563998393463574
2012-09-13,-0.005688229927856447
2012-09-14,-0.018272277392554336
2012-09-17,0.004136510323032749
2012-09-18,-0.0028924435439979246
2012-09-19,0.0008522500459311133
2012-09-20,0.010244864135264764
2012-09-21,0.01081193046320054
2012-09-24,0.042309701747726615
2012-09-25,0.0024866098208723153
2012-09-26,0.015587493134634589
2012-09-27,0.021505283873549108
2012-09-28,0.07865127288068419
2012-10-01,
2012-10-02,
2012-10-03,
2012-10-04,
2012-10-05,
2012-10-08,
2012-10-09,
2012-10-10,
2012-10-11,
2012-10-12,
2012-10-15,
2012-10-16,
2012-10-17,
2012-10-18,
2012-10-19,
2012-10-22,
2012-10-23,
2012-10-24,
2012-10-25,
2012-10-26,
2012-10-29,
2012-10-30,
2012-10-31,
2012-11-01,
2012-11-02,
2012-11-05,
2012-11-06,
2012-11-07,
2012-11-08,
2012-11-09,
2012-11-12,
2012-11-13,
2012-11-14,
2012-11-15,
2012-11-16,
2012-11-19,
2012-11-20,
2012-11-21,
2012-11-22,
2012-11-23,
2012-11-26,
2012-11-27,
2012-11-28,
2012-11-29,
2012-11-30,
2012-12-03,
2012-12-04,
2012-12-05,
2012-12-06,
2012-12-07,
2012-12-10,
2012-12-11,
2012-12-12,
2012-12-13,
2012-12-14,
2012-12-17,
2012-12-18,
2012-12-19,
2012-12-20,
2012-12-21,
2012-12-24,
2012-12-25,
2012-12-26,
2012-12-27,
2012-12-28,
2012-12-31,
2013-01-02,
2013-01-03,
2013-01-04,
2013-01-07,
2013-01-08,
2013-01-09,
2013-01-10,
2013-01-11,
2013-01-14,
2013-01-15,
2013-01-16,
2013-01-17,
2013-01-18,
2013-01-21,
2013-01-22,
2013-01-23,
2013-01-24,
2013-01-25,
2013-01-28,
2013-01-29,
2013-01-30,
2013-01-31,
2013-02-01,
2013-02-04,
2013-02-05,
2013-02-06,
2013-02-07,
2013-02-08,
2013-02-11,
2013-02-12,
2013-02-13,
2013-02-14,
2013-02-15,
2013-02-18,
2013-02-19,
2013-02-20,
2013-02-21,
2013-02-22,
2013-02-25,
2013-02-26,
2013-02-27,
2013-02-28,
2013-03-01,
2013-03-04,
2013-03-05,
2013-03-06,
2013-03-07,
2013-03-08,
2013-03-11,
2013-03-12,
2013-03-13,
2013-03-14,
2013-03-15,
2013-03-18,
2013-03-19,
2013-03-20,
2013-03-21,
2013-03-22,
2013-03-25,
2013-03-26,
2013-03-27,
2013-03-28,
2013-03-29,
2013-04-01,
2013-04-02,
2013-04-03,
2013-04-04,
2013-04-05,
2013-04-08,
