date,ls_ret
2012-01-03,
2012-01-04,
2012-01-05,
2012-01-06,
2012-01-09,
2012-01-10,
2012-01-11,
2012-01-12,
2012-01-13,
2012-01-17,
2012-01-18,
2012-01-19,
2012-01-20,
2012-01-23,
2012-01-24,
2012-01-25,
2012-01-26,
2012-01-27,
2012-01-30,
2012-01-31,
2012-02-01,
2012-02-02,
2012-02-03,
2012-02-06,
2012-02-07,
2012-02-08,
2012-02-09,
2012-02-10,
2012-02-13,
2012-02-14,
2012-02-15,
2012-02-16,
2012-02-17,
2012-02-21,
2012-02-22,
2012-02-23,
2012-02-24,
2012-02-27,
2012-02-28,
2012-02-29,
2012-03-01,
2012-03-02,
2012-03-05,
2012-03-06,
2012-03-07,
2012-03-08,
2012-03-09,
2012-03-12,
2012-03-13,
2012-03-14,
2012-03-15,
2012-03-16,
2012-03-19,
2012-03-20,
2012-03-21,
2012-03-22,
2012-03-23,
2012-03-26,
2012-03-27,
2012-03-28,
2012-03-29,
2012-03-30,
2012-04-02,
2012-04-03,
2012-04-04,
2012-04-05,
2012-04-09,
2012-04-10,
2012-04-11,
2012-04-12,
2012-04-13,
2012-04-16,
2012-04-17,
2012-04-18,
2012-04-19,
2012-04-20,
2012-04-23,
2012-04-24,
2012-04-25,
2012-04-26,
2012-04-27,
2012-04-30,
2012-05-01,
2012-05-02,
2012-05-03,
2012-05-04,
2012-05-07,
2012-05-08,
2012-05-09,
2012-05-10,
2012-05-11,
2012-05-14,
2012-05-15,
2012-05-16,
2012-05-17,
2012-05-18,
2012-05-21,
2012-05-22,
2012-05-23,
2012-05-24,
2012-05-25,
2012-05-29,
2012-05-30,
2012-05-31,
2012-06-01,
2012-06-04,
2012-06-05,
2012-06-06,
2012-06-07,
2012-06-08,
2012-06-11,
2012-06-12,
2012-06-13,
2012-06-14,
2012-06-15,
2012-06-18,
2012-06-19,
2012-06-20,
2012-06-21,
2012-06-22,
2012-06-25,
2012-06-26,
2012-06-27,
2012-06-28,
2012-06-29,
2012-07-02,
2012-07-03,
2012-07-05,
2012-07-06,
2012-07-09,
2012-07-10,
2012-07-11,
2012-07-12,
2012-07-13,
2012-07-16,
2012-07-17,
2012-07-18,
2012-07-19,
2012-07-20,
2012-07-23,
2012-07-24,
2012-07-25,
2012-07-26,
2012-07-27,
2012-07-30,
2012-07-31,
2012-08-01,
2012-08-02,
2012-08-03,
2012-08-06,
2012-08-07,
2012-08-08,
2012-08-09,
2012-08-10,
2012-08-13,
2012-08-14,
2012-08-15,
2012-08-16,
2012-08-17,
2012-08-20,
2012-08-21,
2012-08-22,
2012-08-23,
2012-08-24,
2012-08-27,
2012-08-28,
2012-08-29,
2012-08-30,
2012-08-31,
2012-09-04,
2012-09-05,
2012-09-06,
2012-09-07,
2012-09-10,
2012-09-11,
2012-09-12,
2012-09-13,
2012-09-14,
2012-09-17,
2012-09-18,
2012-09-19,
2012-09-20,
2012-09-21,
2012-09-24,
2012-09-25,
2012-09-26,
2012-09-27,
2012-09-28,
2012-10-01,
2012-10-02,
2012-10-03,
2012-10-04,
2012-10-05,
2012-10-08,
2012-10-09,
2012-10-10,
2012-10-11,
2012-10-12,
2012-10-15,
2012-10-16,
2012-10-17,
2012-10-18,
2012-10-19,
2012-10-22,
2012-10-23,
2012-10-24,
2012-10-25,
2012-10-26,
2012-10-31,
2012-11-01,
2012-11-02,
2012-11-05,
2012-11-06,
2012-11-07,
2012-11-08,
2012-11-09,
2012-11-12,
2012-11-13,
2012-11-14,
2012-11-15,
2012-11-16,
2012-11-19,
2012-11-20,
2012-11-21,
2012-11-23,
2012-11-26,
2012-11-27,
2012-11-28,
2012-11-29,
2012-11-30,
2012-12-03,
2012-12-04,
2012-12-05,
2012-12-06,
2012-12-07,
2012-12-10,
2012-12-11,
2012-12-12,
2012-12-13,
2012-12-14,
2012-12-17,
2012-12-18,
2012-12-19,
2012-12-20,
2012-12-21,
2012-12-24,
2012-12-26,
2012-12-27,
2012-12-28,
2012-12-31,
2013-01-02,
2013-01-03,
2013-01-04,
2013-01-07,
2013-01-08,
2013-01-09,
2013-01-10,
2013-01-11,
2013-01-14,
2013-01-15,
2013-01-16,
2013-01-17,
2013-01-18,
2013-01-22,
2013-01-23,
2013-01-24,
2013-01-25,
2013-01-28,
2013-01-29,0.01667628504905383
2013-01-30,0.0010569789974359534
2013-01-31,0.0010754159904580174
2013-02-01,0.010098050705105832
2013-02-04,-0.008817557768539208
2013-02-05,-0.0035511060260803307
2013-02-06,0.005708165135291821
2013-02-07,-0.0011669847996046794
2013-02-08,-0.004597015538582894
2013-02-11,-0.0015949475651943934
2013-02-12,-0.0025775806844752502
2013-02-13,0.004371281845302922
2013-02-14,0.0001863633426586686
2013-02-15,0.0029227064732147423
2013-02-19,-0.0007575143161737871
2013-02-20,-0.0023735715653320608
2013-02-21,3.054551429427718e-05
2013-02-22,0.0003770511152600964
2013-02-25,-0.00020774123351526472
2013-02-26,-0.0006495357319901867
2013-02-27,-0.002281658554029243
2013-02-28,0.0012731478851372192
2013-03-01,0.00044784946338407574
2013-03-04,0.002057866478615355
2013-03-05,-0.0019007613143169318
2013-03-06,-0.0007764652751447188
2013-03-07,-0.0001956507936769383
2013-03-08,0.00013212867290085593
2013-03-11,-0.00021300594573258285
2013-03-12,-0.0019765065825344593
2013-03-13,0.0004801418652330729
2013-03-14,1.5983682418284478e-05
2013-03-15,-0.00043420167486391497
2013-03-18,0.0008756367468212845
2013-03-19,0.0011295248459861616
2013-03-20,0.001904580875813131
2013-03-21,-0.00028695185210722996
2013-03-22,0.00014657832155988608
2013-03-25,-0.00011987467280707021
2013-03-26,0.00016850936428347563
2013-03-27,0.002435662770187109
2013-03-28,0.0006265633746249087
2013-04-01,-0.001050928536338252
2013-04-02,0.001989325094048875
2013-04-03,-0.001699726635194311
2013-04-04,-0.0006139984334594231
2013-04-05,-0.0023358407182064184
2013-04-08,0.0015015459158418526
2013-04-09,-0.00188883394586209
2013-04-10,0.0012932781950203895
2013-04-11,0.0022444821667636653
2013-04-12,0.0004566450079556139
2013-04-15,0.001153690515305137
2013-04-16,0.0012364800221266795
2013-04-17,-0.0012549497147735418
2013-04-18,-0.0023638028961643883
2013-04-19,-0.00034689635978772524
2013-04-22,0.0004439421747955699
2013-04-23,0.0005184559221695429
2013-04-24,-0.005038566653489845
2013-04-25,-0.0025271198114903528
2013-04-26,-0.0010317212242373474
2013-04-29,0.0015214817080538106
2013-04-30,0.0010642174300217449
2013-05-01,-0.0026046137712831966
2013-05-02,0.0003918104383693509
2013-05-03,-0.0015033281202130801
2013-05-06,-0.0007135360400588346
2013-05-07,0.002965819954298666
2013-05-08,-0.000323998153123559
2013-05-09,0.0005885380393130185
2013-05-10,0.00017392870910938387
2013-05-13,0.0005356315740290072
2013-05-14,0.0014535490877022445
2013-05-15,0.0003626018927121337
2013-05-16,-0.00170756696734241
2013-05-17,-0.0006138924609749798
2013-05-20,-0.003849855079606997
2013-05-21,0.0009400876632687564
2013-05-22,-0.0012023137930318377
2013-05-23,0.0021212451192938867
2013-05-24,0.0005626632317987817
2013-05-28,0.00042842138404302477
2013-05-29,-0.00012806149997982282
2013-05-30,0.0002480203842632811
2013-05-31,0.0002494937332730765
2013-06-03,-0.0005861682410801006
2013-06-04,-0.0035852784260026788
2013-06-05,-0.0005929067665455612
2013-06-06,0.0025913161759904676
2013-06-07,0.0016353029419526877
2013-06-10,-0.0007916042179147431
2013-06-11,0.00038132697510602774
2013-06-12,-0.002046335660921454
2013-06-13,0.00034779434293655964
2013-06-14,0.001262294581265953
2013-06-17,-0.002442511996529045
2013-06-18,0.0006928572734439209
2013-06-19,-0.0010787910781800397
2013-06-20,0.0003178879893670659
2013-06-21,0.0018525010542175665
2013-06-24,0.003262918425364878
2013-06-25,-0.00045140953215656106
2013-06-26,0.0007093929434545542
2013-06-27,-0.0030187017371999143
2013-06-28,0.0004153380865751233
2013-07-01,0.0006046345935962476
2013-07-02,0.000423644173160513
2013-07-03,0.0020255098518126525
2013-07-05,-0.0007012104281696982
2013-07-08,0.0009080918335657017
2013-07-09,-0.0027149503538708803
2013-07-10,0.0005205271588151568
2013-07-11,-0.0020532327731812776
2013-07-12,0.0019252403373030632
2013-07-15,-0.000918979901856616
2013-07-16,-0.000520232023003084
2013-07-17,0.0014708734955117067
2013-07-18,-0.0029658153718877464
2013-07-19,0.00039210417611835964
2013-07-22,0.0016451502663099506
2013-07-23,-0.0008228090872727156
2013-07-24,0.0034134085488879053
2013-07-25,0.00013979954036719613
2013-07-26,-0.0006222402104110859
2013-07-29,-0.0007676493140920544
2013-07-30,0.0021026550557947856
2013-07-31,-0.00057344427663388
2013-08-01,0.002947812176319325
2013-08-02,-0.0004840899628001886
2013-08-05,0.0016606491572563901
2013-08-06,0.0011635321069946383
2013-08-07,-0.0007257634306971922
2013-08-08,-0.0016636557977567587
2013-08-09,-0.002103203063721407
2013-08-12,-0.002195400975871771
2013-08-13,0.0013498684796350976
2013-08-14,-0.001693990932541373
2013-08-15,-0.004331601101427304
2013-08-16,0.0006440150307552769
2013-08-19,0.0016444750318267958
2013-08-20,-0.0014723718146051512
2013-08-21,0.000950475636692256
2013-08-22,-0.00033943306646432725
2013-08-23,-3.8552606233235635e-05
2013-08-26,2.5827406169497355e-06
2013-08-27,0.00034425716158363405
2013-08-28,0.001051557364471677
2013-08-29,5.320917044836679e-05
2013-08-30,-0.0004392744766953359
2013-09-03,0.002462151509299113
2013-09-04,-0.0010977266209473056
2013-09-05,-1.821007980773448e-05
2013-09-06,-0.0003881986542457455
2013-09-09,-0.00037295433821863224
2013-09-10,0.0026960048332856272
2013-09-11,0.0013428167394800414
2013-09-12,-0.0009760281729116575
2013-09-13,0.00021584573431580376
2013-09-16,-0.0010919026976217115
2013-09-17,-0.0014726189769856107
2013-09-18,-0.0035218170821526085
2013-09-19,0.0008250011878047682
2013-09-20,0.0018863800381806325
2013-09-23,-0.0017926879490781655
2013-09-24,0.0002091455841938932
2013-09-25,0.003224024070162107
2013-09-26,0.0023724546787513815
2013-09-27,0.004923077690322052
2013-09-30,-0.00025117737541739373
2013-10-01,0.0025638763103416613
2013-10-02,-0.0005589597485542337
2013-10-03,-3.505726591239477e-05
2013-10-04,0.00188008115826165
2013-10-07,-0.0015090963628522022
2013-10-08,-0.0010333926514857529
2013-10-09,-0.001462711132478901
2013-10-10,0.0035666084358323526
2013-10-11,0.00025943743521629237
2013-10-14,0.0008268935174750467
2013-10-15,0.00020638803441281237
2013-10-16,0.0016028672290657672
2013-10-17,-0.0002603187001245057
2013-10-18,-3.777375824854462e-05
2013-10-21,0.0005772698794147626
2013-10-22,0.0014070882275084263
2013-10-23,-0.0020625324724075395
2013-10-24,-0.0018999290803256913
2013-10-25,-0.0015881003241244708
2013-10-28,-0.0010124098504940005
2013-10-29,-3.779014004105984e-05
2013-10-30,-0.0009411910730737452
2013-10-31,-0.001079039245806478
2013-11-01,-0.002021816251895626
2013-11-04,-0.003201343499421499
2013-11-05,0.0017385729395677898
2013-11-06,0.0008334580517554684
2013-11-07,0.0009591927144127042
2013-11-08,-0.0025104189303217436
2013-11-11,0.001012590082799677
2013-11-12,0.0024268022842832233
2013-11-13,-0.0014143167098074395
2013-11-14,0.0006450660610970836
2013-11-15,-0.00036836657239949533
2013-11-18,0.0008966737025913994
2013-11-19,-0.00039021613777138814
2013-11-20,-0.0011037322766976315
2013-11-21,0.0024914398321142
2013-11-22,-0.0006998207294841732
2013-11-25,-0.0013546688292982811
2013-11-26,0.00117788896198963
2013-11-27,-0.00010310084717252267
2013-11-29,-7.350041157771803e-05
2013-12-02,0.001132259083418938
2013-12-03,0.0018785861963653472
2013-12-04,-0.001421121487134358
2013-12-05,-0.0001911455835000333
2013-12-06,0.0009310031559604868
2013-12-09,0.00022235164612606406
2013-12-10,0.0011779369707107742
2013-12-11,0.0001291612371664986
2013-12-12,-0.0013418581844439144
2013-12-13,-0.0009039760880548605
2013-12-16,-0.0003420588725505889
2013-12-17,5.6525224380879565e-08
2013-12-18,0.00033189204223935034
2013-12-19,0.0011135838217409067
2013-12-20,-0.0006675638965344037
2013-12-23,-0.002933125821412613
2013-12-24,0.0008508260178640372
2013-12-26,-0.0003986824890986057
2013-12-27,-0.0021637736888164
2013-12-30,0.00011673997311264437
2013-12-31,0.0006912804028945488
2014-01-02,-0.0004921232894990144
2014-01-03,5.367240497528014e-05
2014-01-06,-0.0013894185920302988
2014-01-07,-0.0011748532653935776
2014-01-08,0.00026164861104026045
2014-01-09,0.0008613179309871984
2014-01-10,-0.002947528895804164
2014-01-13,0.0003541861796254251
2014-01-14,-0.0014125602508045607
2014-01-15,-0.00012442894419232016
2014-01-16,0.0005749710609476673
2014-01-17,0.000747137992926915
2014-01-21,0.0025245275055074227
2014-01-22,0.003840727220634101
2014-01-23,-0.0019286430606021488
2014-01-24,0.0005995115728116085
2014-01-27,-0.0012867027346582219
2014-01-28,-0.0026250733540301766
2014-01-29,0.0016488378114377367
2014-01-30,0.0004509251187213427
2014-01-31,-0.0001276381775928485
2014-02-03,0.0002088059928461933
2014-02-04,0.00015819366773830586
2014-02-05,0.0031501096966744294
2014-02-06,0.004654013503655108
2014-02-07,-0.009840613448277103
2014-02-10,-0.0006552489388267611
2014-02-11,-0.0013371519766073973
2014-02-12,-0.00031911540614467857
2014-02-13,-0.003590904465747035
2014-02-14,0.0007919825839903749
2014-02-18,-0.0037974894934133955
2014-02-19,-0.0006984210273411074
2014-02-20,-0.001062960330074118
2014-02-21,0.0006655559402176386
2014-02-24,-0.004037411546995572
2014-02-25,0.0028838629575055124
2014-02-26,-0.003259347345174202
2014-02-27,0.0014786938334988438
2014-02-28,0.0010327466057073803
2014-03-03,-0.001603230352082677
2014-03-04,0.00313184114600529
2014-03-05,0.0005511948835315829
2014-03-06,0.0020919551838070836
2014-03-07,-0.0005106993486065347
2014-03-10,-0.0012432209842514635
2014-03-11,-0.0018837038275308939
2014-03-12,8.219018964831296e-05
2014-03-13,-0.0011700559629224958
2014-03-14,0.0006219041804099546
2014-03-17,0.0021199836460080237
2014-03-18,0.0003872048727555366
2014-03-19,-0.00014118778343233764
2014-03-20,0.0019492218428277352
2014-03-21,0.0033480849754245093
2014-03-24,0.0022555631245485303
2014-03-25,-0.0016936270339865502
2014-03-26,-0.00028734253783844295
2014-03-27,-0.0015920605309682437
2014-03-28,-0.0019779850996778604
2014-03-31,8.443567080348528e-05
2014-04-01,0.002673520544377751
2014-04-02,-0.00011152353280490084
2014-04-03,-0.00023146456854109532
2014-04-04,-0.0016733896345250733
2014-04-07,-0.0012752313426722315
2014-04-08,-0.0009785301706448566
2014-04-09,0.0006853152067465767
2014-04-10,0.001261854354264991
2014-04-11,0.00020402634685394872
2014-04-14,-0.0031258725827245713
2014-04-15,0.001287050338378476
2014-04-16,0.0021610801063376584
2014-04-17,0.000309780277555762
2014-04-21,-0.0017503037335453485
2014-04-22,-0.0018930442491643738
2014-04-23,0.0008808126523529911
2014-04-24,-0.002214113533801017
2014-04-25,-0.0007167872248030565
2014-04-28,-0.0005733848553211218
2014-04-29,0.0012761122757533995
2014-04-30,-4.341664987032435e-05
2014-05-01,-0.0012447374663037674
2014-05-02,0.000573406926600936
2014-05-05,-0.00026609949561172256
2014-05-06,0.0006129063415573308
2014-05-07,0.0011137775560688763
2014-05-08,-0.0010080929808163836
2014-05-09,-0.0012885668001958227
2014-05-12,0.0001013701230366466
2014-05-13,0.0005617336845436065
2014-05-14,-9.49853109801373e-05
2014-05-15,-0.0021448913210048728
2014-05-16,-0.0009467355446533388
2014-05-19,0.0009693239214524618
2014-05-20,0.0006396773060331948
2014-05-21,-0.0021626133569432504
2014-05-22,0.0019523592914493146
2014-05-23,0.00024083690302833987
2014-05-27,-0.0016011486625724996
2014-05-28,-0.0006876871387482111
2014-05-29,-0.0010594904737975838
2014-05-30,-0.00023934048064355373
2014-06-02,0.0008664852430361741
2014-06-03,0.00013236406248688513
2014-06-04,-0.0009992706714126844
2014-06-05,0.000762561393562439
2014-06-06,-0.00012305368833078755
2014-06-09,-0.003369252150704933
2014-06-10,0.000222160038619972
2014-06-11,-0.0006907990323056318
2014-06-12,5.455656523792087e-05
2014-06-13,-0.00194864194331613
2014-06-16,-0.0004236602870835241
2014-06-17,0.0006229391722936186
2014-06-18,9.425244686133208e-05
2014-06-19,0.0016162829206183785
2014-06-20,0.0011703111717760461
2014-06-23,0.0013441394985206113
2014-06-24,-0.0009982099767518505
2014-06-25,0.0002875551836115005
2014-06-26,-0.0007251549765282863
2014-06-27,0.00035810787949543815
2014-06-30,0.0013410898385865272
2014-07-01,0.00016655456973956837
2014-07-02,-0.00048212844479413524
2014-07-03,2.677544842334117e-05
2014-07-07,0.0004165599031146394
2014-07-08,0.0014440453621987063
2014-07-09,0.0006747025269496919
2014-07-10,-2.2005016209639933e-05
2014-07-11,-0.0004191886669347761
2014-07-14,0.0007302531374763067
2014-07-15,0.0018759909492891437
2014-07-16,-5.022496938092943e-05
2014-07-17,-0.0005849930595128542
2014-07-18,0.0015807023126852189
2014-07-21,-0.0007053695294252434
2014-07-22,-0.0010974659700464004
2014-07-23,-0.002303116252613194
2014-07-24,-0.0008278274303186274
2014-07-25,0.00117748606957526
2014-07-28,-0.0032303220273979276
2014-07-29,-0.0008176467856605011
2014-07-30,0.0016194424307235146
2014-07-31,-0.003832543769339448
2014-08-01,-0.00011682260620500849
2014-08-04,0.0005651288353104412
2014-08-05,-0.000721378977808967
2014-08-06,0.0027921708011501615
2014-08-07,-0.0010346028582792226
2014-08-08,0.0014177255318020005
2014-08-11,0.00019555692548630667
2014-08-12,0.0009241320578338425
2014-08-13,0.002320973772867069
2014-08-14,0.001399161516817565
2014-08-15,0.004493005236501258
2014-08-18,-0.00012111723806195127
2014-08-19,-0.0005793720640582164
2014-08-20,-0.0007702038946988098
2014-08-21,0.0005402455290493165
2014-08-22,-0.0001779107279647617
2014-08-25,-0.00036233612531137716
2014-08-26,-0.0007585125223524754
2014-08-27,-0.00044273436323979753
2014-08-28,0.0010875594204875255
2014-08-29,5.6508442315831295e-05
2014-09-02,0.0017153582360526253
2014-09-03,-0.00011537869125898048
2014-09-04,-0.0003820872594934912
2014-09-05,-0.0005911803899263278
2014-09-08,0.000957549768937377
2014-09-09,-8.529446003485486e-05
2014-09-10,0.0022557909829470347
2014-09-11,-0.00192292329891543
2014-09-12,0.0019819499217324345
2014-09-15,-0.0008633179865130568
2014-09-16,-0.0006454386682630945
2014-09-17,0.0016706958825861774
2014-09-18,0.0003852640846531402
2014-09-19,0.00028546612539388414
2014-09-22,0.0043070573803181125
2014-09-23,0.0005945352481555351
2014-09-24,0.0024562954300588486
2014-09-25,-0.0004544215367796486
2014-09-26,0.00016604790168984785
2014-09-29,0.0018535698639247959
2014-09-30,0.0025593194394423796
2014-10-01,-0.0012443622397665067
2014-10-02,-0.0015277137747716854
2014-10-03,0.0033683786433371964
2014-10-06,-0.0009633002523777197
2014-10-07,0.0009358668420670243
2014-10-08,0.0006426131295008813
2014-10-09,0.0008892389913128246
2014-10-10,-0.001114795994503058
2014-10-13,-0.0012560603939005283
2014-10-14,-0.0005768545055695936
2014-10-15,4.040961053807431e-05
2014-10-16,0.0010323254726920372
2014-10-17,0.004367995311564753
2014-10-20,-0.0010893172766845902
2014-10-21,-0.0004795116984883677
2014-10-22,0.0033589255722558274
2014-10-23,-0.0017970852566994936
2014-10-24,0.002102198533001136
2014-10-27,0.003969817285693381
2014-10-28,-0.0017079395830281192
2014-10-29,-4.188583507388232e-05
2014-10-30,-0.00013969403972283363
2014-10-31,-3.900842989145783e-05
2014-11-03,0.0012607502306968173
2014-11-04,0.0005342029523577718
2014-11-05,-0.002557436460487566
2014-11-06,-0.002044639982973774
2014-11-07,-0.000985947314119647
2014-11-10,6.748471803947028e-05
2014-11-11,0.0007386302204256377
2014-11-12,0.0005735961832593651
2014-11-13,-0.0007244936835726088
2014-11-14,-0.0004463798295747401
2014-11-17,-0.0008963614674929952
2014-11-18,-0.0018500410089012781
2014-11-19,0.0010621016252451933
2014-11-20,-0.00011359116890076474
2014-11-21,-0.0020103609068070757
2014-11-24,0.001213941499665128
2014-11-25,0.0014003623383315009
2014-11-26,0.003036575303231568
2014-11-28,0.00599072748868749
2014-12-01,0.0007978173650243568
2014-12-02,0.0034517593342274777
2014-12-03,0.0020893779711015277
2014-12-04,0.00019283955327598198
2014-12-05,-4.096064638932228e-05
2014-12-08,0.0021720564983110464
2014-12-09,0.00025316050430855655
2014-12-10,0.0009745835928153807
2014-12-11,-0.0005741127310555415
2014-12-12,0.001466730972252722
2014-12-15,0.00022530912091265365
2014-12-16,-0.0024753503825842202
2014-12-17,-0.0020992548899915315
2014-12-18,-0.0010328070747770632
2014-12-19,-0.001048828998656571
2014-12-22,0.0014957860563865034
2014-12-23,-0.0020273089857979296
2014-12-24,0.001904768181679991
2014-12-26,-0.0008306588629179168
2014-12-29,0.0004680379667487466
2014-12-30,-0.0011970046262998967
2014-12-31,-0.0003967300000270984
2015-01-02,-0.0007638245911185559
2015-01-05,0.003298885635820354
2015-01-06,8.467950546853911e-06
2015-01-07,0.00011443921171811324
2015-01-08,-6.0229097382829816e-05
2015-01-09,-1.2079014635799518e-05
2015-01-12,0.0003239618250306661
2015-01-13,0.001608175946444853
2015-01-14,0.002602810452795404
2015-01-15,0.0010074546010438248
2015-01-16,-0.00032729039966533765
2015-01-20,0.0013949954806002356
2015-01-21,-0.0022164491734890323
2015-01-22,-0.0008332033720282783
2015-01-23,0.00524748736471717
2015-01-26,3.316522777101597e-05
2015-01-27,0.0018874077081338174
2015-01-28,0.007905813821649366
2015-01-29,-0.002451814582280931
2015-01-30,-0.0007068549122730778
2015-02-02,-0.006044095606719642
2015-02-03,-0.005156439828544019
2015-02-04,0.0025197403883836325
2015-02-05,-0.0021699613514900374
2015-02-06,-0.005294706631697847
2015-02-09,-0.0029849362899407755
2015-02-10,0.003571044624646649
2015-02-11,0.0023029428718881946
2015-02-12,0.0004906582602551161
2015-02-13,0.0005574647603408436
2015-02-17,-0.0020034289152801093
2015-02-18,0.001410435035238744
2015-02-19,-0.0006926977064381118
2015-02-20,0.0006800036396598907
2015-02-23,0.001374705645777452
2015-02-24,-0.0022337714025617308
2015-02-25,-0.000705666746149997
2015-02-26,0.0013868969414739284
2015-02-27,-0.0029404994862289985
2015-03-02,0.0015658318577926444
2015-03-03,-0.0007830875201476109
2015-03-04,0.000603926264321839
2015-03-05,0.0028488266130721153
2015-03-06,0.0006315610053597663
2015-03-09,0.0029817048798363487
2015-03-10,0.002571671227467128
2015-03-11,-0.0014097945168995221
2015-03-12,0.0015645433169346745
2015-03-13,0.003457495616938925
2015-03-16,0.0036680811591731735
2015-03-17,0.0012512908353089155
2015-03-18,-0.0014452366033876486
2015-03-19,0.003806258036239484
2015-03-20,-0.0017641919802115354
2015-03-23,-0.005177997935264914
2015-03-24,0.0007839642935114024
2015-03-25,-0.004550651081488473
2015-03-26,0.0016940289247001112
2015-03-27,0.003656755808261476
2015-03-30,-0.0017786614037027723
2015-03-31,-0.0009596072614259354
2015-04-01,-0.003923660399719636
2015-04-02,-0.0017700066455985184
2015-04-06,-0.004140343140219154
2015-04-07,-0.0006276937688030163
2015-04-08,0.002321112849482355
2015-04-09,-0.0036884919702678855
2015-04-10,0.003057568009386812
2015-04-13,-0.001312982833149266
2015-04-14,-0.004323369868350076
2015-04-15,-0.005053015081189316
2015-04-16,0.0010724120884725466
2015-04-17,-0.0016912429556678904
2015-04-20,0.0019227846026031595
2015-04-21,0.0013735059937393767
2015-04-22,-0.0031180445781822143
2015-04-23,-0.0002473905694845549
2015-04-24,-8.107582319672657e-05
2015-04-27,-0.00129437611855067
2015-04-28,-0.003435361859910992
2015-04-29,-0.0029124542488882356
2015-04-30,-0.007042230037815235
2015-05-01,0.004397642431369058
2015-05-04,0.0012417816451144937
2015-05-05,-0.001035004364858582
2015-05-06,0.0010558282551869364
2015-05-07,0.005894945112740327
2015-05-08,-0.0010077580071513332
2015-05-11,0.0022302731598348286
2015-05-12,0.00020159296775139408
2015-05-13,0.000248919672337279
2015-05-14,0.002820916869542685
2015-05-15,-2.6333150222881127e-06
2015-05-18,0.001112920155017824
2015-05-19,0.004372363708722609
2015-05-20,-0.0019074975112648449
2015-05-21,-0.0036935957768973672
2015-05-22,0.00013225558781308368
2015-05-26,0.004582697654438854
2015-05-27,0.001762465073653121
2015-05-28,0.001650297435167064
2015-05-29,-0.0006250358504955975
2015-06-01,0.00202400701739159
2015-06-02,-0.0022192234328843323
2015-06-03,0.0005217739335152492
2015-06-04,0.0012201633658606762
2015-06-05,-0.0014325254687116381
2015-06-08,7.022194815270326e-05
2015-06-09,-0.0004949190013315043
2015-06-10,0.0005641732387604651
2015-06-11,0.003781746966014943
2015-06-12,0.00014359704263834186
2015-06-15,0.00047975781352811606
2015-06-16,-0.0014323958612344342
2015-06-17,0.0011581410817650241
2015-06-18,0.004372453172827431
2015-06-19,0.0005607887174149945
2015-06-22,-0.0005306353150462065
2015-06-23,-0.001155383786684719
2015-06-24,7.125154849886247e-05
2015-06-25,0.002817278734293309
2015-06-26,8.375884135282426e-05
2015-06-29,6.810929634402382e-06
2015-06-30,0.00047595654431279317
2015-07-01,0.005122429988402572
2015-07-02,-0.00022077078899355922
2015-07-06,0.003802165737182545
2015-07-07,-0.0010147015881452792
2015-07-08,0.0017564757256664668
2015-07-09,-0.0014364547102744965
2015-07-10,0.003135742420666214
2015-07-13,0.0005621005138411309
2015-07-14,-0.002297800950141853
2015-07-15,0.005577535591151305
2015-07-16,0.002095806953633669
2015-07-17,0.001389124720450446
2015-07-20,0.004149590686716361
2015-07-21,0.0008393316971237451
2015-07-22,0.0044903494282762585
2015-07-23,-0.001097979301002308
2015-07-24,0.0047827949264595115
2015-07-27,0.002036678088087189
2015-07-28,-0.004988101676204265
2015-07-29,-0.001706370959025147
2015-07-30,-0.0009835638426815218
2015-07-31,0.003554038188466459
2015-08-03,0.0032345291034513324
2015-08-04,0.002142004600826114
2015-08-05,0.0019375480133222434
2015-08-06,-0.004825032656807161
2015-08-07,0.0022935897657520555
2015-08-10,-0.0015334515686622606
2015-08-11,0.00011618179816686246
2015-08-12,-0.003000307326510375
2015-08-13,0.0051833625697362
2015-08-14,0.0007584544750171347
2015-08-17,0.001796081343992694
2015-08-18,-2.751298072001709e-05
2015-08-19,0.0016719718101943018
2015-08-20,-0.0021575563835043977
2015-08-21,-0.0065869062704770375
2015-08-24,-8.596176300060325e-05
2015-08-25,0.002707961137254313
2015-08-26,0.003338727791016694
2015-08-27,-0.0031673012954017803
2015-08-28,-0.004918733734037953
2015-08-31,-0.002614923703875088
2015-09-01,-0.0008976893905911224
2015-09-02,0.0037933389254770577
2015-09-03,-0.0005905924442369581
2015-09-04,-0.00030767497346531305
2015-09-08,0.0019261930865641563
2015-09-09,0.0019011855675965493
2015-09-10,-0.00012080816585684341
2015-09-11,0.0021851950740678443
2015-09-14,-0.0014723239569519248
2015-09-15,0.0001712533813554633
2015-09-16,-0.0046814769423085744
2015-09-17,0.0005346847927790993
2015-09-18,-0.0004186178060674868
2015-09-21,0.0010820384990401373
2015-09-22,-0.0005680910984704672
2015-09-23,0.003518884187097044
2015-09-24,-0.0027337437443779554
2015-09-25,0.0015034749853440957
2015-09-28,-0.00041217698830995286
2015-09-29,0.0001289289431802087
2015-09-30,0.0016046246048417347
2015-10-01,0.004681661876240182
2015-10-02,-0.005512977723792186
2015-10-05,-0.0040990399921206335
2015-10-06,-0.006864006359497599
2015-10-07,0.0010746130366892127
2015-10-08,-0.0019087485097964009
2015-10-09,0.0006561516651526264
2015-10-12,0.004209626463078382
2015-10-13,-0.001317630874758997
2015-10-14,-0.00289464048526732
2015-10-15,0.0002775009699119019
2015-10-16,-0.0004890359114550826
2015-10-19,0.0026889845765697934
2015-10-20,-0.00021324246142448655
2015-10-21,0.0017820422583180787
2015-10-22,0.0022347007810321817
2015-10-23,0.003634687091707357
2015-10-26,0.003929770178579468
2015-10-27,0.0016595901952102434
2015-10-28,-0.0011748410401802147
2015-10-29,-0.0002101598582418617
2015-10-30,-0.00036358483466981457
2015-11-02,-0.0035792546629479357
2015-11-03,-0.003145899458746563
2015-11-04,0.0026411890494231326
2015-11-05,-0.002509155880756106
2015-11-06,0.002549245735291266
2015-11-09,0.0007096833615829394
2015-11-10,0.0037117597404873505
2015-11-11,0.0038964445916363213
2015-11-12,0.0018112060833816058
2015-11-13,-0.0057581570569580865
2015-11-16,-0.004704602728532652
2015-11-17,0.0027151437864019762
2015-11-18,0.0005980106362976973
2015-11-19,0.0032334096593956436
2015-11-20,0.004921517726856214
2015-11-23,-0.002053106007489853
2015-11-24,-0.004052528408104154
2015-11-25,0.0017148018168466075
2015-11-27,0.004380045872884296
2015-11-30,-0.0029565177702346756
2015-12-01,0.0011066607622501356
2015-12-02,0.004832978150426
2015-12-03,0.0026917251907638126
2015-12-04,0.006555838096252846
2015-12-07,0.008546286346578103
2015-12-08,0.002729721232470115
2015-12-09,-0.00599540748160572
2015-12-10,-0.002569383359580327
2015-12-11,0.0029265402255432634
2015-12-14,0.007641605475495042
2015-12-15,-4.819979624347752e-05
2015-12-16,0.004568262506888151
2015-12-17,0.00507828630946961
2015-12-18,-0.0030937143917182824
2015-12-21,0.0018629439243623915
2015-12-22,-0.005004216720490582
2015-12-23,-0.01366898762208658
2015-12-24,0.000601384443357911
2015-12-28,0.005496364047258271
2015-12-29,-0.00033656520613599086
2015-12-30,0.0029245037925328204
2015-12-31,-0.0061815793471991795
2016-01-04,-0.0066416769128913675
2016-01-05,-0.0005058986313101724
2016-01-06,0.009641274072030333
2016-01-07,0.003488703312451723
2016-01-08,-0.0027400923696514847
2016-01-11,0.011821552566976536
2016-01-12,0.006903923341281449
2016-01-13,-0.0022180977114800073
2016-01-14,-0.00650593485043068
2016-01-15,0.0031653102025422674
2016-01-19,0.009330801558583415
2016-01-20,-0.0015973120652005828
2016-01-21,-0.012398009085390675
2016-01-22,-0.0028613115254559336
2016-01-25,0.01146403308831651
2016-01-26,-0.0073510215590348775
2016-01-27,-0.0062097697839663315
2016-01-28,-0.004247301857947755
2016-01-29,-0.0019857075102479435
2016-02-01,0.004808642102265556
2016-02-02,0.0012575858457106253
2016-02-03,-0.014390371782407402
2016-02-04,-0.01194738476082034
2016-02-05,-0.014300101821055693
2016-02-08,-0.012123436180535858
2016-02-09,0.00781866791556631
2016-02-10,0.005428384541122236
2016-02-11,-0.0019339768476801418
2016-02-12,0.0018490441003179217
2016-02-16,0.0005385445785402259
2016-02-17,0.0009428559330627828
2016-02-18,-0.005216933646839481
2016-02-19,0.005178650701288876
2016-02-22,-0.002425925315311653
2016-02-23,0.005298848924652746
2016-02-24,0.0021528248438171496
2016-02-25,0.0032408727930386175
2016-02-26,-0.002180594305468966
2016-02-29,-0.0007393267855681643
2016-03-01,0.0025335475313564356
2016-03-02,-0.008745586335914825
2016-03-03,-0.006512717807313176
2016-03-04,-0.0022608402533114687
2016-03-07,-0.009113902491301458
2016-03-08,0.007863505469906211
2016-03-09,0.0008022713269847567
2016-03-10,-0.001979598266997382
2016-03-11,-0.0022539714619384805
2016-03-14,0.0036246161688323186
2016-03-15,0.0027213943472827115
2016-03-16,-0.004995403433253197
2016-03-17,-0.0012720819698323696
2016-03-18,0.0016403206748255535
2016-03-21,-0.0007510220692858284
2016-03-22,5.0706589829812405e-05
2016-03-23,0.006112592375702865
2016-03-24,0.0008662964479710047
2016-03-28,0.0017902188233775594
2016-03-29,0.00014511641685637585
2016-03-30,0.0019323493946214378
2016-03-31,-0.0007221907248268685
2016-04-01,0.006051936632922653
2016-04-04,-0.0016040530741920742
2016-04-05,0.0003354718824401639
2016-04-06,-0.0012506991000413516
2016-04-07,-0.0013033024472830115
2016-04-08,-0.003981700330282607
2016-04-11,-0.0012279805660528954
2016-04-12,-0.006542689655226848
2016-04-13,0.0017879559277074934
2016-04-14,0.002606366441510005
2016-04-15,0.002240410324011456
2016-04-18,-0.0017574834596552787
2016-04-19,-0.00541614990914359
2016-04-20,0.00043447584801983207
2016-04-21,-0.0004947906049644912
2016-04-22,-0.005270558412121077
2016-04-25,0.0024511260869628975
2016-04-26,-0.0029293316722015746
2016-04-27,-0.004590940882765761
2016-04-28,0.00013627174912869065
2016-04-29,-0.00428333168418486
2016-05-02,0.0021206535000323564
2016-05-03,0.0039122457509586
2016-05-04,0.0026854851933847653
2016-05-05,-0.001959077180659767
2016-05-06,0.002653779815298418
2016-05-09,0.003700851174110079
2016-05-10,-0.0019582626857212087
2016-05-11,-0.00196002073481594
2016-05-12,0.002236192442961003
2016-05-13,0.0010641689345898908
2016-05-16,0.00054499687358518
2016-05-17,-0.00285239380640762
2016-05-18,0.0007496376203590538
2016-05-19,-0.00061586429207991
2016-05-20,-0.0006070925310647568
2016-05-23,-0.0016281544443017767
2016-05-24,0.0025658040368005145
2016-05-25,-0.0038973548729101396
2016-05-26,0.0006350497685446614
2016-05-27,0.0002987733257436598
2016-05-31,-0.00047202909680713783
2016-06-01,-0.0005805357142497057
2016-06-02,-0.0016096769133688632
2016-06-03,-0.0018867282809721829
2016-06-06,-0.0016345973714590196
2016-06-07,-0.00038192067125782304
2016-06-08,-9.538304708108982e-05
2016-06-09,0.00218139393499305
2016-06-10,0.000954538417728581
2016-06-13,0.0021531093512282395
2016-06-14,0.0023053760321575536
2016-06-15,0.00019960113406989515
2016-06-16,0.0011157786050522422
2016-06-17,-0.0038592267727371346
2016-06-20,0.0009945493291184228
2016-06-21,9.897064339689424e-05
2016-06-22,-0.0008134228761249413
2016-06-23,-0.0037057963500449305
2016-06-24,0.006603487742648827
2016-06-27,0.005710216845786059
2016-06-28,-0.001831170786267736
2016-06-29,-0.0026424106501163162
2016-06-30,-0.0010666134810651147
2016-07-01,0.002225183799855405
2016-07-05,0.0043922342421360006
2016-07-06,-0.0005918431976764007
2016-07-07,0.001552036195788598
2016-07-08,-0.0020453256008950167
2016-07-11,-0.0008858111979857235
2016-07-12,-0.004122523435773807
2016-07-13,-0.0004719799465776484
2016-07-14,-0.0003725986701800266
2016-07-15,-0.0007249543053966263
2016-07-18,-0.0014977673224787996
2016-07-19,0.001526943491104535
2016-07-20,-0.0011628979157328847
2016-07-21,-0.0025445952165876356
2016-07-22,-0.0005786422685005413
2016-07-25,0.000764174699881314
2016-07-26,-0.0027606424162206072
2016-07-27,-0.004247441805301148
2016-07-28,0.0011942397376002458
2016-07-29,-0.000891076172382701
2016-08-01,0.0027134212254953938
2016-08-02,0.0016048532948960178
2016-08-03,-0.0030190230193219763
2016-08-04,0.0009449881060053281
2016-08-05,-0.004259978777915847
2016-08-08,-0.004402359627521553
2016-08-09,0.0027488130670209657
2016-08-10,0.0025366522065289458
2016-08-11,-0.004734452563663757
2016-08-12,-0.001544416156832662
2016-08-15,-0.0025208833221120777
2016-08-16,-0.0012760079122607635
2016-08-17,0.0018580434945105577
2016-08-18,-0.0033507534067360365
2016-08-19,-0.0006611765368578897
2016-08-22,9.342839867310214e-05
2016-08-23,-0.0018006412551448778
2016-08-24,0.001276437453589998
2016-08-25,-0.0004225722683147535
2016-08-26,-0.001126443662061649
2016-08-29,-0.0002999252141435593
2016-08-30,-0.0029137130886164194
2016-08-31,0.0019219635587520909
2016-09-01,0.0007880937554628601
2016-09-02,7.64049822516427e-05
2016-09-06,-0.001191117017745415
2016-09-07,-0.0042588374547953365
2016-09-08,-0.0012577721335195059
2016-09-09,0.00267838109200833
2016-09-12,0.00011650405740344416
2016-09-13,0.0018355760202620286
2016-09-14,0.001657275999262109
2016-09-15,-0.0016894743630026998
2016-09-16,-0.00043989281836874657
2016-09-19,0.0013201486141070152
2016-09-20,0.0015233979990747718
2016-09-21,-0.001621206645922151
2016-09-22,0.0013012910698497076
2016-09-23,0.0002791539771315373
2016-09-26,-0.0004357764380764871
2016-09-27,0.00293821452250862
2016-09-28,-0.0038026686172898077
2016-09-29,-0.002430432072775468
2016-09-30,0.0012971664070198631
2016-10-03,0.0005281701249077866
2016-10-04,0.001943033331356012
2016-10-05,-0.003272451026418076
2016-10-06,0.001583666263002419
2016-10-07,-0.002447324713307086
2016-10-10,-0.0010395787400428918
2016-10-11,-0.00014038984285185226
2016-10-12,0.0007626480459680551
2016-10-13,0.0014346290163363257
2016-10-14,0.0013608831978708406
2016-10-17,0.0009033229298422911
2016-10-18,-0.0004635478370408076
2016-10-19,-0.002079315076691546
2016-10-20,-0.0008264158293180138
2016-10-21,0.0020251246408172427
2016-10-24,0.0010131338192572081
2016-10-25,-0.0001204048407054109
2016-10-26,-0.0014703390461339207
2016-10-27,-0.002102081653221066
2016-10-28,-0.003991061491647628
2016-10-31,0.00041472075480554005
2016-11-01,0.0027574265236856585
2016-11-02,-0.00044426033358653863
2016-11-03,-0.0021446011406105327
2016-11-04,-0.0004980697041597395
2016-11-07,0.003441062105993198
2016-11-08,0.0014307558919178043
2016-11-09,-0.0019879377874958376
2016-11-10,-0.005359035013501138
2016-11-11,0.002332375288988375
2016-11-14,-0.004271506784487532
2016-11-15,0.001333579927888617
2016-11-16,0.0017427508073119952
2016-11-17,-0.00020871126961221828
2016-11-18,0.0004718870900383178
2016-11-21,-5.57386935963356e-05
2016-11-22,0.0013167919620293664
2016-11-23,-0.0004487077471312543
2016-11-25,-0.00013028140859826427
2016-11-28,-0.0003370146634366148
2016-11-29,0.0032015147573941295
2016-11-30,-0.0010610625640559781
2016-12-01,-0.0028741136958173657
2016-12-02,-0.0004958067795604376
2016-12-05,0.00023664277211905537
2016-12-06,-0.0011909367278090364
2016-12-07,-0.0038812403948689416
2016-12-08,-0.002356746255609757
2016-12-09,0.0006851627967120396
2016-12-12,0.001603153437383877
2016-12-13,0.0006443500302299449
2016-12-14,0.0011534087057633994
2016-12-15,0.0008690691121016684
2016-12-16,0.0006962554139847173
2016-12-19,-0.0006627580934609925
2016-12-20,9.844807304376819e-07
2016-12-21,-0.0004811090404773651
2016-12-22,3.22510564290685e-05
2016-12-23,-3.5824826409595576e-05
2016-12-27,0.0007905486064249787
2016-12-28,0.00022677635012017998
2016-12-29,0.0012325007045201647
2016-12-30,-0.0013691580495967515
2017-01-03,-0.0012360781207626799
2017-01-04,0.0019872574519468503
2017-01-05,0.0014605922456764314
2017-01-06,0.0013289278372264183
2017-01-09,-0.001053062998373914
2017-01-10,0.0002062025591330107
2017-01-11,-9.03740310995004e-05
2017-01-12,0.0002702502764288781
2017-01-13,0.0007468309703503328
2017-01-17,0.0003156479463442933
2017-01-18,-0.0006455456964788779
2017-01-19,8.333301561778229e-05
2017-01-20,-0.0009876475668993097
2017-01-23,0.0003724480710168565
2017-01-24,-0.0017463242155515996
2017-01-25,-0.0035321026596002326
2017-01-26,-0.0018734197512872627
2017-01-27,0.002616227432789094
2017-01-30,-0.0023151332286932224
2017-01-31,0.001540051135110265
2017-02-01,0.004464323199991437
2017-02-02,0.0028684285622872143
2017-02-03,-0.003650817212522033
2017-02-06,0.0010090905011623608
2017-02-07,0.0033347347036372563
2017-02-08,0.002980005809388276
2017-02-09,-0.00016225850433467318
2017-02-10,-0.0017853939880341431
2017-02-13,-0.0007774520817186351
2017-02-14,-0.0024397258962910893
2017-02-15,0.002886612153159353
2017-02-16,-0.00016802733760790358
2017-02-17,-0.0002447718911862322
2017-02-21,0.0015805512451095708
2017-02-22,-0.001389070897501904
2017-02-23,-0.0022304030323157652
2017-02-24,0.0015199688311912116
2017-02-27,-0.001367409355063168
2017-02-28,0.0021528619921582118
2017-03-01,0.0013054604630022301
2017-03-02,0.0012640138714154511
2017-03-03,-0.0004436515258008297
2017-03-06,0.0017273998340271632
2017-03-07,0.001936214486161485
2017-03-08,2.6498452941240317e-05
2017-03-09,0.0016281621234973628
2017-03-10,0.0005166354412445473
2017-03-13,0.0008781906988951232
2017-03-14,0.0005284742333017366
2017-03-15,0.00031809555889305885
2017-03-16,0.0003701331634250317
2017-03-17,0.0016346192734441056
2017-03-20,0.002458669480773202
2017-03-21,0.003619489299284653
2017-03-22,0.0019136204507598864
2017-03-23,-0.0012383404251513181
2017-03-24,-0.00044987478469442
2017-03-27,0.001009822321570766
2017-03-28,-0.0019921797279135434
2017-03-29,-0.00010005532167742942
2017-03-30,0.0006761959820699462
2017-03-31,-0.0006524710268577405
2017-04-03,0.00253762563816668
2017-04-04,-0.0020020263235721557
2017-04-05,-0.000678825546761135
2017-04-06,-0.00032435309407546393
2017-04-07,0.0008907514632236336
2017-04-10,-0.0019106059135020528
2017-04-11,0.00032723537710163816
2017-04-12,0.0008158811314498285
2017-04-13,0.00023668622096341833
2017-04-17,0.0013940720475702235
2017-04-18,0.00236507348061667
2017-04-19,-0.00030161230456945504
2017-04-20,-0.0019765283352776546
2017-04-21,-0.0002860104717255707
2017-04-24,-0.0009892507454226842
2017-04-25,-0.0002756272559994115
2017-04-26,-0.0009481261718964563
2017-04-27,0.0011905808142352746
2017-04-28,-0.0005093543492210563
2017-05-01,0.0006161245781961987
2017-05-02,-0.0012397756186972606
2017-05-03,-0.00014178680852882644
2017-05-04,0.0010574568016095463
2017-05-05,-0.00030928387104362236
2017-05-08,0.002056576444150051
2017-05-09,-0.0008587562251146603
2017-05-10,0.0018708908471137136
2017-05-11,0.0006021059665807302
2017-05-12,0.0024148603753760055
2017-05-15,-0.0008943496293333327
2017-05-16,0.0026001958542940062
2017-05-17,-0.0011452952118512633
2017-05-18,0.002295308620986936
2017-05-19,-0.001595534608702708
2017-05-22,0.000163863135739808
2017-05-23,-0.0018560877351158991
2017-05-24,0.0008406980230305265
2017-05-25,0.002621198060988581
2017-05-26,0.002564969801964663
2017-05-30,0.0013221904308594763
2017-05-31,-0.0001988523985590925
2017-06-01,-0.0003656852266932832
2017-06-02,0.002610561590037223
2017-06-05,0.00038306186557281906
2017-06-06,-0.0017721487149931442
2017-06-07,-4.440397277462815e-05
2017-06-08,0.00027008314556320245
2017-06-09,-0.00420350250383913
2017-06-12,-0.0036655953109267126
2017-06-13,0.0022104562288469552
2017-06-14,0.0010105628909341568
2017-06-15,-0.0009565475102772648
2017-06-16,-0.004871356281965275
2017-06-19,0.0012527207069673175
2017-06-20,-0.0009138655857214189
2017-06-21,0.0003221318422756278
2017-06-22,-0.0029323280658772183
2017-06-23,-0.0006255027285038394
2017-06-26,-0.0028928509357883784
2017-06-27,-0.0007543913228841689
2017-06-28,0.00011975419053955956
2017-06-29,-0.0009474873209603928
2017-06-30,0.0007214435634341496
2017-07-03,-0.001482352623115231
2017-07-05,0.003932995012252953
2017-07-06,0.0026770759929707344
2017-07-07,0.0007221873529593944
2017-07-10,0.0009702763964348484
2017-07-11,0.001660417138872041
2017-07-12,-7.736629536634297e-05
2017-07-13,-0.0017193742664673994
2017-07-14,0.0005783443996744131
2017-07-17,-0.0006506025967428042
2017-07-18,0.0028641261071869384
2017-07-19,-0.0013597008821999096
2017-07-20,-0.00128155273163811
2017-07-21,-0.001027950825713303
2017-07-24,0.002357256971704633
2017-07-25,-0.0022539039661138975
2017-07-26,-0.001746769428538376
2017-07-27,-0.0036627372290675463
2017-07-28,-7.315882369087386e-05
2017-07-31,0.0009614321965810204
2017-08-01,0.00014723794423771364
2017-08-02,-0.00031773487834189365
2017-08-03,-0.0003339255566302235
2017-08-04,-0.0009362424800976451
2017-08-07,-0.0010096268137898606
2017-08-08,-0.0018715074731402773
2017-08-09,0.0007052249193910241
2017-08-10,-0.002610333602733176
2017-08-11,0.0003704750285013252
2017-08-14,0.00013535986357987852
2017-08-15,0.0036887016636881404
2017-08-16,0.0001420857409698839
2017-08-17,-0.0013173571419374112
2017-08-18,0.0010747588464173874
2017-08-21,-0.0017570267866708715
2017-08-22,0.0003451219427402519
2017-08-23,0.001420749104942631
2017-08-24,-0.0014733645430760629
2017-08-25,-0.003291195428902585
2017-08-28,0.0001938730428354295
2017-08-29,-0.002008275630321934
2017-08-30,-0.001925992902233931
2017-08-31,-1.0711953334675145e-05
2017-09-01,0.0003454652327934682
2017-09-05,-0.00012010783801556138
2017-09-06,0.001062575239428935
2017-09-07,0.00015110318867915794
2017-09-08,-0.001095240911753012
2017-09-11,0.0008805475223142116
2017-09-12,8.877029838659678e-05
2017-09-13,-0.001679294898850517
2017-09-14,0.0019751640818025094
2017-09-15,0.0011066078977524279
2017-09-18,0.003365935744819141
2017-09-19,0.001304028060741182
2017-09-20,0.0016792710541348194
2017-09-21,0.0014037136220549464
2017-09-22,0.0008287020991108789
2017-09-25,-0.0029527574660318857
2017-09-26,-0.0016815971881040416
2017-09-27,0.0036300330677967118
2017-09-28,0.001094293856364187
2017-09-29,-0.00013990431874827928
2017-10-02,0.0005705651907968769
2017-10-03,-0.0002182293041954281
2017-10-04,0.0006548696840248193
2017-10-05,-0.00045203386584175405
2017-10-06,0.001165000909512818
2017-10-09,0.000914398692789706
2017-10-10,-0.0015381372788315425
2017-10-11,0.00041227777491748685
2017-10-12,-0.0008665938729526292
2017-10-13,8.882801490158604e-05
2017-10-16,0.0006500132358804204
2017-10-17,-0.00142906775744658
2017-10-18,-0.00020584521877047072
2017-10-19,0.0008049971098462079
2017-10-20,0.00029292091941360775
2017-10-23,0.00042571693835304205
2017-10-24,0.0018159898207729557
2017-10-25,5.755558420695533e-06
2017-10-26,0.0015997796387327715
2017-10-27,0.003166195156244332
2017-10-30,-0.0008492858256181936
2017-10-31,0.002603090777095894
2017-11-01,0.0009961488089139318
2017-11-02,0.0011330340233676654
2017-11-03,-0.0020454471731063363
2017-11-06,0.0022903090047100235
2017-11-07,-0.0007158197931841847
2017-11-08,-0.0017482647805396718
2017-11-09,-0.003935522091820248
2017-11-10,0.0014293165938760477
2017-11-13,-0.0010451157101651618
2017-11-14,0.0013168964852427445
2017-11-15,-0.0012404862829403706
2017-11-16,0.0008520207543475804
2017-11-17,0.00015347034405344356
2017-11-20,0.0012664712135466562
2017-11-21,0.0011237096678973213
2017-11-22,-0.0010334418829423377
2017-11-24,0.0001949384641442261
2017-11-27,1.3972875379016786e-05
2017-11-28,-0.00012919442211935044
2017-11-29,-0.004079806973289721
2017-11-30,0.001407034010674369
2017-12-01,0.0010576376454492344
2017-12-04,-0.0016208719391129591
2017-12-05,0.000997029534497097
2017-12-06,-0.000413244932734391
2017-12-07,0.0008716421308284095
2017-12-08,-0.0006869611677276635
2017-12-11,-0.0018149041513369252
2017-12-12,-0.0003091055947141351
2017-12-13,-0.0005668576175409877
2017-12-14,-0.0005665391254970172
2017-12-15,-0.0016121567036577404
2017-12-18,0.0017925321074810997
2017-12-19,-9.7073335241146e-05
2017-12-20,0.0015948706831678593
2017-12-21,-0.00033820062261177397
2017-12-22,-0.000925951525768698
2017-12-26,-0.0011733638228281819
2017-12-27,0.0002541920105038812
2017-12-28,0.0007926213409421624
2017-12-29,-0.00014308186319949895
2018-01-02,0.0020245724231085288
2018-01-03,0.0005720393476367503
2018-01-04,0.00013022804248552278
2018-01-05,-0.0007655780469023914
2018-01-08,0.0003764868432590841
2018-01-09,-5.6993924023377034e-05
2018-01-10,0.0024438544323276833
2018-01-11,0.0002582167454468002
2018-01-12,0.0009294099824527014
2018-01-16,-0.00018082125637954743
2018-01-17,0.000577621605162505
2018-01-18,-0.0008910238030486746
2018-01-19,-0.0006163205637743311
2018-01-22,-0.0012504771778539534
2018-01-23,-0.0012052839810539797
2018-01-24,-0.003830064520983037
2018-01-25,-0.0036342596079012926
2018-01-26,0.0013769934455834434
2018-01-29,0.0005163983648079568
2018-01-30,0.000913307140705321
2018-01-31,0.0008284286444739012
2018-02-01,0.003773128161937638
2018-02-02,0.001349449503177077
2018-02-05,0.008174852456378964
2018-02-06,-0.004989403969451089
2018-02-07,0.0005400627663396477
2018-02-08,0.003967263579646153
2018-02-09,-0.00024003266382536617
2018-02-12,-0.0013307732871930486
2018-02-13,-0.004496828884664186
2018-02-14,-0.001445084243296342
2018-02-15,0.0007030301134202937
2018-02-16,-0.00013056168277186437
2018-02-20,-0.0013736833578668157
2018-02-21,0.0016655892126507883
2018-02-22,0.0004725573156907295
2018-02-23,-0.0008350022716333025
2018-02-26,-0.0037635596973801745
2018-02-27,-0.002253752832008865
2018-02-28,0.0016950494942901385
2018-03-01,0.002814382569655102
2018-03-02,0.00018943125261706217
2018-03-05,-0.0012123316929315015
2018-03-06,0.0010034775688137147
2018-03-07,-0.002285436044400722
2018-03-08,-0.0002245529501407232
2018-03-09,0.0011695267474438416
2018-03-12,-0.0007509786097038743
2018-03-13,0.0012192131297582803
2018-03-14,-0.0014668730355224314
2018-03-15,-0.000874900804776868
2018-03-16,0.0011418279879978042
2018-03-19,0.003140285297140317
2018-03-20,-9.94468291657013e-05
2018-03-21,0.0017377489652404855
2018-03-22,0.0005528040682422087
2018-03-23,0.0015265313469263076
2018-03-26,-0.0030124496753222035
2018-03-27,0.0026250170931421102
2018-03-28,0.0011209828418043525
2018-03-29,-0.000204167422461487
2018-04-02,0.00063243945863673
2018-04-03,1.1309885908540567e-05
2018-04-04,-0.0027955255597843388
2018-04-05,0.0002806099213584038
2018-04-06,0.0006370165039122651
2018-04-09,-0.0017290988233014325
2018-04-10,-0.0033622558794020392
2018-04-11,0.00029100690251029643
2018-04-12,-0.0013972351041889655
2018-04-13,-0.0014177768979352487
2018-04-16,0.001633153402710201
2018-04-17,-0.002176457750388378
2018-04-18,0.0019357678205763752
2018-04-19,0.00300929065701868
2018-04-20,-0.0006060873150685976
2018-04-23,-0.0004801080893926579
2018-04-24,0.00030835324825650675
2018-04-25,0.0030192882183683405
2018-04-26,-0.0008777747010791247
2018-04-27,0.00019513792815353866
2018-04-30,-0.0022250170661733673
2018-05-01,-0.0021182005203296463
2018-05-02,6.112037687759369e-05
2018-05-03,-0.0013159171222625642
2018-05-04,0.0001533073760687524
2018-05-07,-2.8569552371041953e-05
2018-05-08,0.0024143808439668025
2018-05-09,-0.001011635548840444
2018-05-10,-0.0023121266157213843
2018-05-11,0.0013533149192339452
2018-05-14,0.0009585966000259173
2018-05-15,0.0017964636679959824
2018-05-16,0.0009028124589929298
2018-05-17,0.002319258777320357
2018-05-18,-0.0020053743751360284
2018-05-21,0.0011029881161508791
2018-05-22,-0.0004591760848509627
2018-05-23,-0.002799073163413937
2018-05-24,0.001971935168944381
2018-05-25,-0.0016541275132779334
2018-05-29,-0.000767054801183987
2018-05-30,0.00034065544398230696
2018-05-31,-0.0018558645917655739
2018-06-01,-0.0002531002020042412
2018-06-04,0.006171967405782155
2018-06-05,0.00014437883354198348
2018-06-06,0.00041775986559256076
2018-06-07,0.00015016729438041887
2018-06-08,-0.0006572074062938315
2018-06-11,-4.689811291695285e-05
2018-06-12,-0.0009607744654572921
2018-06-13,0.0009297982127610072
2018-06-14,-0.003529602904218747
2018-06-15,-0.0005878822195658473
2018-06-18,0.001017167908771681
2018-06-19,0.002045991721332645
2018-06-20,0.002169710578069135
2018-06-21,0.0003669593735317011
2018-06-22,-0.0018834559247979795
2018-06-25,-0.003350549651957053
2018-06-26,-0.0001831561146986983
2018-06-27,0.00045172152803122045
2018-06-28,-0.0012522945213226944
2018-06-29,-0.003728063899565723
2018-07-02,0.0036266142704403327
2018-07-03,-0.0020033871078747106
2018-07-05,-0.002664725180014772
2018-07-06,-0.0005828903243131152
2018-07-09,0.003788518450048295
2018-07-10,-0.0023139125076043947
2018-07-11,0.0014851815053707534
2018-07-12,-0.0002933061937645275
2018-07-13,0.00035712244572840446
2018-07-16,0.0012180114617344774
2018-07-17,0.0022564482266469186
2018-07-18,0.0026669590935027407
2018-07-19,-0.0027947436630788355
2018-07-20,0.0020457816812963457
2018-07-23,0.0006074989597016258
2018-07-24,0.00014349418676180446
2018-07-25,0.00030580385976722486
2018-07-26,-0.003695237926035403
2018-07-27,-0.00012326174091363976
2018-07-30,-0.006132767453147257
2018-07-31,-0.004429761061380977
2018-08-01,0.003945697375351478
2018-08-02,0.003966078279934477
2018-08-03,-0.0006931345244349168
2018-08-06,0.003978989648609532
2018-08-07,0.0059636343537727765
2018-08-08,0.001565497600380718
2018-08-09,-0.0006240168534873816
2018-08-10,0.00037633765657918075
2018-08-13,-0.0034957750545478025
2018-08-14,0.0037102411288187855
2018-08-15,-0.0025376929470695385
2018-08-16,6.0279683061688886e-05
2018-08-17,-0.0013997323132098041
2018-08-20,0.0007116395277982291
2018-08-21,0.003622818677549644
2018-08-22,0.0020094393801122178
2018-08-23,0.0030990232133426897
2018-08-24,0.0008519210190935868
2018-08-27,0.0011221838008916905
2018-08-28,-0.0009416110884562279
2018-08-29,-0.0003067027919802312
2018-08-30,0.001227325572794139
2018-08-31,0.002948218131981019
2018-09-04,0.00419188156972809
2018-09-05,-0.005000981271790231
2018-09-06,-0.0019795630069630575
2018-09-07,-0.0019834534480301425
2018-09-10,0.0004966969129757432
2018-09-11,0.001815491836945946
2018-09-12,-0.003984358718627045
2018-09-13,-0.005352921665257631
2018-09-14,-0.0001746685048259976
2018-09-17,-0.0037557764697181474
2018-09-18,0.0018487070189545367
2018-09-19,6.983625493980055e-05
2018-09-20,-0.00026894816339497797
2018-09-21,-0.001531607525473894
2018-09-24,0.0033548970879753925
2018-09-25,0.003478646039790795
2018-09-26,-0.0041397283035371326
2018-09-27,-0.0024159659932196952
2018-09-28,-0.0018087047546327915
2018-10-01,0.0014652494481441427
2018-10-02,-0.0022811968971249833
2018-10-03,0.002525079751490106
2018-10-04,-0.0017905908543362707
2018-10-05,-0.00027922212627803185
2018-10-08,-0.0018995325543883378
2018-10-09,-0.0006826191369417418
2018-10-10,-0.005955492676343939
2018-10-11,6.280660982318656e-05
2018-10-12,0.0005342757694901336
2018-10-15,-0.0036938022971523825
2018-10-16,-0.00012603647975199342
2018-10-17,-0.0019637211235248677
2018-10-18,-0.0023727645224435622
2018-10-19,-0.0029061562119390757
2018-10-22,-0.0018999777827110472
2018-10-23,-0.002355585906023452
2018-10-24,-0.01051520550160354
2018-10-25,0.0031418410302694734
2018-10-26,0.0004714697518000355
2018-10-29,-0.009488065381082152
2018-10-30,-0.006003870498251587
2018-10-31,0.0058038047611337525
2018-11-01,0.002839040066331144
2018-11-02,0.0038343246115762914
2018-11-05,-0.004269891464145962
2018-11-06,0.0008657706203129681
2018-11-07,0.0036191623531282953
2018-11-08,-0.002039497693741164
2018-11-09,-0.0015545135421853415
2018-11-12,-0.005643527314600503
2018-11-13,-0.0010050242606854966
2018-11-14,-0.003560051177101363
2018-11-15,0.003265698917316722
2018-11-16,0.0010924071485208927
2018-11-19,-0.005093235642462119
2018-11-20,-0.003358127626542421
2018-11-21,-4.208537812911797e-05
2018-11-23,-0.0022274931446448556
2018-11-26,0.003930320763643477
2018-11-27,0.0008257168892103489
2018-11-28,0.003577203965547624
2018-11-29,-0.0007457971262400236
2018-11-30,0.0007038003541417077
2018-12-03,0.0015758124097885473
2018-12-04,-0.004458341686299335
2018-12-06,0.0014457940422725705
2018-12-07,-0.003004952749667887
2018-12-10,0.0013237007683750495
2018-12-11,-0.0016727527848389167
2018-12-12,0.00353471898151167
2018-12-13,-0.004304955602830571
2018-12-14,-0.0032032910515021793
2018-12-17,9.69414479656188e-05
2018-12-18,-0.0009774959918569552
2018-12-19,-0.0030852228072903456
2018-12-20,-0.0039500667869594
2018-12-21,-0.0014246267418826244
2018-12-24,0.0005305742468326996
2018-12-26,0.0029287743253123577
2018-12-27,0.000585543383867183
2018-12-28,0.0005154707556028503
2018-12-31,0.0006916447804472381
2019-01-02,-0.00021369510197695728
2019-01-03,-0.0005358561268533601
2019-01-04,0.004287493070000609
2019-01-07,-0.00036545058166739976
2019-01-08,0.00029107330930131333
2019-01-09,-0.00010791945816615663
2019-01-10,0.0002630389154281455
2019-01-11,0.0003186695347023154
2019-01-14,0.0002863225323230939
2019-01-15,0.0009817983957974058
2019-01-16,-0.00011365940068579143
2019-01-17,0.0007480894710279498
2019-01-18,-0.0013827449652540152
2019-01-22,-0.0015515460616318622
2019-01-23,0.00037060464080041443
2019-01-24,-0.0007247174539606004
2019-01-25,0.00012489976649643353
2019-01-28,-0.0019180361860314573
2019-01-29,-0.0010723745941575405
2019-01-30,0.003481735978827986
2019-01-31,-2.847602399426665e-05
2019-02-01,0.0019215446080150876
2019-02-04,0.0023507937531499915
2019-02-05,-0.002756900111692014
2019-02-06,-0.002907277949558735
2019-02-07,-0.0027556266403696754
2019-02-08,0.000749829653322605
2019-02-11,0.00011063766472389903
2019-02-12,-0.001221154088543271
2019-02-13,-0.0009134769722211086
2019-02-14,0.0007866697223660209
2019-02-15,0.00018068869106294523
2019-02-19,-0.0029529717733329823
2019-02-20,-0.001852388753768881
2019-02-21,-0.0016095745825598843
2019-02-22,0.00309878905403567
2019-02-25,-0.0002344530790165241
2019-02-26,0.00038593624181337664
2019-02-27,0.0025486187145746272
2019-02-28,0.0032813388865945564
2019-03-01,0.0010447137954284391
2019-03-04,-0.000888570912975499
2019-03-05,-0.000259713163601627
2019-03-06,-0.0018266467886624582
2019-03-07,0.0006072397633054186
2019-03-08,-5.917504650811796e-05
2019-03-11,-1.2361741121712933e-05
2019-03-12,0.00048755769922837725
2019-03-13,-0.00012380477542350374
2019-03-14,0.0007490401680864592
2019-03-15,0.0005889138941881585
2019-03-18,-0.0017009476023114867
2019-03-19,0.00021482780495005153
2019-03-20,-0.0008019107494758846
2019-03-21,-0.0018406736923231217
2019-03-22,-0.0030202857453355486
2019-03-25,0.0017245663465347487
2019-03-26,0.001127734232309461
2019-03-27,-0.002519180421557002
2019-03-28,0.0014535368185588518
2019-03-29,0.00039428907412297645
2019-04-01,-1.319225448219441e-05
2019-04-02,0.001696835604784025
2019-04-03,-0.001809662575845346
2019-04-04,-0.0016048736042364826
2019-04-05,0.00025713299960937436
2019-04-08,0.0011973519473974159
2019-04-09,-0.0007052904723267786
2019-04-10,-0.0005170041602053729
2019-04-11,-0.0010378218770452012
2019-04-12,0.0008576578151096559
2019-04-15,-0.0007055218763071557
2019-04-16,0.0007431198876680473
2019-04-17,-0.00029540410558696455
2019-04-18,-0.0009280388487940186
2019-04-22,0.0011975391074311597
2019-04-23,0.0014988437107466425
2019-04-24,-0.0013915636929202918
2019-04-25,0.0003263516495927532
2019-04-26,0.002460515543997563
2019-04-29,-0.0003132693603362107
2019-04-30,-0.0017812311570879653
2019-05-01,-0.0005419747099177918
2019-05-02,-0.00024242752825235283
2019-05-03,-0.0013309030089525967
2019-05-06,0.0009696081111101963
2019-05-07,-0.0010545686212953187
2019-05-08,0.0013026654032312803
2019-05-09,0.0018338328354666643
2019-05-10,0.0003373327106750732
2019-05-13,-0.0014382908050815952
2019-05-14,0.00046945749122051967
2019-05-15,-0.001108951973601377
2019-05-16,0.0032425890832627
2019-05-17,0.0002873106909347869
2019-05-20,0.0014074145984260223
2019-05-21,-0.00105661231081432
2019-05-22,0.004240408395576883
2019-05-23,0.002106319197476229
2019-05-24,-0.001587164037396366
2019-05-28,0.0003896307490353056
2019-05-29,-0.0013359932668096867
2019-05-30,0.0012328901492226548
2019-05-31,-0.001521282635819879
2019-06-03,-0.001996093861374205
2019-06-04,-0.00039199460102445785
2019-06-05,0.004602036040063956
2019-06-06,-0.003610734568444961
2019-06-07,0.0013738003604946158
2019-06-10,-0.0022609632976137517
2019-06-11,-0.002433815884034874
2019-06-12,0.00238987465262409
2019-06-13,-0.003428491547432248
2019-06-14,0.0020708700601619412
2019-06-17,-0.0002327421186032912
2019-06-18,-0.0012117544338242944
2019-06-19,0.0010850902710530597
2019-06-20,-0.0025807723709455367
2019-06-21,-0.001777501834945655
2019-06-24,4.203897954525817e-05
2019-06-25,0.00013012699485795363
2019-06-26,-0.0053012854808688475
2019-06-27,0.0010363313314648958
2019-06-28,-0.0023666211307995875
2019-07-01,0.0013867239644103856
2019-07-02,0.003910954708760916
2019-07-03,0.002062410551607939
2019-07-05,0.0012976988171493405
2019-07-08,0.0017034305453101563
2019-07-09,0.0015307866186183216
2019-07-10,-0.002795649520126298
2019-07-11,0.0007372000920652842
2019-07-12,-0.0014088247046076916
2019-07-15,0.002920046038829494
2019-07-16,0.0018334908852046202
2019-07-17,-0.00024108597990110342
2019-07-18,-0.001500818820010404
2019-07-19,-0.003932250906614223
2019-07-22,-0.00012364105693187183
2019-07-23,-0.002181613868116395
2019-07-24,-0.0011138156212380475
2019-07-25,0.0011044669905156603
2019-07-26,0.0028175379492074142
2019-07-29,0.0009051557981135919
2019-07-30,-0.00465716529042761
2019-07-31,-0.0006629572060802985
2019-08-01,9.006820393643251e-05
2019-08-02,-0.0009428802003650536
2019-08-05,-0.0007337223974703639
2019-08-06,0.005286380286557842
2019-08-07,0.0006881778283384603
2019-08-08,0.0014484366629423577
2019-08-09,0.00276105457117069
2019-08-12,0.0020637790069143874
2019-08-13,0.0007637716378782917
2019-08-14,0.00131322457746642
2019-08-15,0.0035459961913199885
2019-08-16,-0.0015788490536947294
2019-08-19,-0.0015759929236939885
2019-08-20,0.0027259489808226733
2019-08-21,0.0026917652715022166
2019-08-22,-0.0020793532263195668
2019-08-23,0.001733096738619792
2019-08-26,-0.0006713738696298591
2019-08-27,0.003170234091070588
2019-08-28,-0.0030735111900534614
2019-08-29,-0.0021485627625399363
2019-08-30,-0.0018283311206657754
2019-09-03,0.0022257473250798646
2019-09-04,-0.003996795560563604
2019-09-05,-0.005241406829011777
2019-09-06,0.0012115743518991105
2019-09-09,-0.00925091433989457
2019-09-10,-0.010474565411387351
2019-09-11,-0.004076046956250648
2019-09-12,0.0017508670094635744
2019-09-13,-0.001727112343752739
2019-09-16,-0.003675139502347323
2019-09-17,0.0049762398105308485
2019-09-18,0.002442616433973321
2019-09-19,0.0002841747509425185
2019-09-20,0.001995896609786684
2019-09-23,0.0004996440322930437
2019-09-24,0.003149663112171415
2019-09-25,-0.0030046627680939144
2019-09-26,0.0003623764265175033
2019-09-27,0.0001053110274268732
2019-09-30,0.00016214042490867773
2019-10-01,0.002683134367385709
2019-10-02,0.0011373278735367183
2019-10-03,-0.0005151371478715389
2019-10-04,0.002167556188617543
2019-10-07,0.0008535461645575017
2019-10-08,0.003504922769275365
2019-10-09,0.0006578095839216309
2019-10-10,-0.0006362533204398963
2019-10-11,-0.006436874623951051
2019-10-14,0.0012201250932307027
2019-10-15,6.976467287223363e-05
2019-10-16,-0.0006453397755558926
2019-10-17,0.0016319629833322418
2019-10-18,0.001530695722856473
2019-10-21,-0.005138670211438521
2019-10-22,-0.008044222737143624
2019-10-23,0.0006614771603572178
2019-10-24,-0.005929516045172387
2019-10-25,-0.0015941118268417004
2019-10-28,-0.0026872382393523906
2019-10-29,0.0035176259902530297
2019-10-30,0.004458022026466343
2019-10-31,0.005295034094121717
2019-11-01,-0.0036789661583250953
2019-11-04,-0.00409719814304154
2019-11-05,-0.00299573628777753
2019-11-06,0.0011414638761834146
2019-11-07,-4.703358273032575e-06
2019-11-08,0.0014964306648034594
2019-11-11,0.0014446291250556455
2019-11-12,0.0021693821304363376
2019-11-13,0.0047378344578622306
2019-11-14,0.0016098915050731652
2019-11-15,-0.002851794536398814
2019-11-18,0.005968993124151353
2019-11-19,0.00313644516267915
2019-11-20,-0.0003887396315341003
2019-11-21,-0.0026829041535970885
2019-11-22,-0.002412877808317367
2019-11-25,-0.004164847225732743
2019-11-26,0.004427656962366923
2019-11-27,-0.0018983165581643686
2019-11-29,0.0013431591509730741
2019-12-02,0.0008494944699986741
2019-12-03,0.004396323376977297
2019-12-04,-0.0034117438980041073
2019-12-05,0.001471960692445884
2019-12-06,-0.00345007893431191
2019-12-09,0.0009633957476972879
2019-12-10,0.0008582935197471997
2019-12-11,-0.0002775093295167289
2019-12-12,-0.0060468733310332
2019-12-13,0.002460163480008121
2019-12-16,-0.0007121943150339498
2019-12-17,-0.0006836406271538686
2019-12-18,0.00019929307086625418
2019-12-19,0.0013630792013026808
2019-12-20,-0.0004058379323476982
2019-12-23,-0.00226451216360959
2019-12-24,0.0003740825106363798
2019-12-26,-0.0002809867943464436
2019-12-27,0.001270855788446192
2019-12-30,0.0006620270602342081
2019-12-31,-0.0011156726505926976
2020-01-02,-0.0008710689798396258
2020-01-03,0.00023800955327045326
2020-01-06,-0.0013195058801408026
2020-01-07,-0.003768836690947474
2020-01-08,0.0024542466698529186
2020-01-09,0.0003174128911769553
2020-01-10,0.0003908631919431353
2020-01-13,0.0016541020100058685
2020-01-14,-0.0013595367455113562
2020-01-15,0.0007647378859211694
2020-01-16,-0.0013350282830625801
2020-01-17,0.0012815568048441023
2020-01-21,0.003102534293735011
2020-01-22,0.0028207629969609982
2020-01-23,-0.00044405797478893553
2020-01-24,0.003880995686784565
2020-01-27,0.0051483265543680965
2020-01-28,-0.000780979069603878
2020-01-29,-0.0005855318041359798
2020-01-30,0.0009190528872102106
2020-01-31,0.0022143861982404176
2020-02-03,0.00222319666081968
2020-02-04,-0.002356692306031339
2020-02-05,-0.0027746381477752324
2020-02-06,0.0005530496184177644
2020-02-07,0.0011756885865506414
2020-02-10,-0.002801666219882492
2020-02-11,0.0001923389266134635
2020-02-12,0.0023893538158926
2020-02-13,0.00033252831197202787
2020-02-14,0.0018720092759418666
2020-02-18,0.0004630603546114082
2020-02-19,0.00033753817947044444
2020-02-20,-0.0014681564348236883
2020-02-21,-0.0020229984530431566
2020-02-24,0.0018465200148448037
2020-02-25,0.0030906376382932965
2020-02-26,0.007000651779458943
2020-02-27,0.004710384780589224
2020-02-28,-0.0007379166292854594
2020-03-02,0.006045488490929892
2020-03-03,-0.00011294066290484966
2020-03-04,0.006296056657517501
2020-03-05,0.0031956333434438474
2020-03-06,0.009497312393241208
2020-03-09,0.02823127865105157
2020-03-10,-0.003978975916703824
2020-03-11,0.009904422586086434
2020-03-12,0.0011490720742093879
2020-03-13,-0.010338640177492179
2020-03-16,0.004869202943250013
2020-03-17,0.009606792805417645
2020-03-18,0.011975825942013409
2020-03-19,-0.011436214530946029
2020-03-20,-0.0033528326343439537
2020-03-23,0.00021175879958573374
2020-03-24,-0.01858178560136636
2020-03-25,0.0005479352910641675
2020-03-26,0.0065115350085237144
2020-03-27,0.006798019659771529
2020-03-30,0.009347189250849859
2020-03-31,-0.010292891161329242
2020-04-01,0.005089847123880271
2020-04-02,-0.00880647976458479
2020-04-03,-0.012625804160072529
2020-04-06,-0.002695404008601653
2020-04-07,-0.006531339015195841
2020-04-08,-0.003664886885509329
2020-04-09,-0.0044762865793327705
2020-04-13,0.00056309864346573
2020-04-14,0.011296477582100149
2020-04-15,0.004838205050960173
2020-04-16,0.011002231822718105
2020-04-17,-0.013294032053941838
2020-04-20,0.0009274753712498229
2020-04-21,-0.0028614529252498667
2020-04-22,-0.00023706149010128676
2020-04-23,-0.006047502824948988
2020-04-24,0.003141879676845586
2020-04-27,-0.0017392223394222933
2020-04-28,-0.010001868846924123
2020-04-29,-0.010580679464257706
2020-04-30,0.006367603613110421
2020-05-01,0.005266988359151966
2020-05-04,-0.0012404148112414685
2020-05-05,0.010857250236755283
2020-05-06,0.006544597011134501
2020-05-07,-0.002960156335448268
2020-05-08,-0.007203767330270327
2020-05-11,0.00870874143349063
2020-05-12,-0.0015191421974406366
2020-05-13,0.008032205524847898
2020-05-14,-0.0016036219715858534
2020-05-15,0.003322717424159445
2020-05-18,-0.011877654110732803
2020-05-19,0.005582891327804947
2020-05-20,-0.004939435240976007
2020-05-21,-0.005210359065538179
2020-05-22,0.0038192296838289864
2020-05-26,-0.01832052749754245
2020-05-27,-0.0069136828370957686
2020-05-28,0.013645114973369886
2020-05-29,0.011069210783263754
2020-06-01,-0.009760450646665097
2020-06-02,-0.0022144352262887727
2020-06-03,-0.012659867214469966
2020-06-04,-0.015585323657278822
2020-06-05,-0.01627937181300904
2020-06-08,-0.013987320304889028
2020-06-09,0.0151395073087886
2020-06-10,0.021658294917413938
2020-06-11,0.01378904750887609
2020-06-12,-0.01194435744346327
2020-06-15,0.002930263674012628
2020-06-16,-0.005098454358377394
2020-06-17,0.0129339950732578
2020-06-18,-0.0005208306579943852
2020-06-19,0.007812375040563975
2020-06-22,0.0034537656825949685
2020-06-23,-0.0047537770443398224
2020-06-24,0.014883651695352735
2020-06-25,-0.00011696698633494455
2020-06-26,0.008961242715026758
2020-06-29,-0.008066295373929293
2020-06-30,0.003443122140502551
2020-07-01,0.007192634152944081
2020-07-02,-0.0004275282414895008
2020-07-06,0.00026232070401030716
2020-07-07,0.009617928065916088
2020-07-08,-0.0012363486607139818
2020-07-09,0.014266574578116184
2020-07-10,-0.01334356835357145
2020-07-13,-0.0012934466187128524
2020-07-14,0.004378297588348696
2020-07-15,-0.024762009467435984
2020-07-16,0.004198290881255995
2020-07-17,0.010122220956361895
2020-07-20,0.007212810241917265
2020-07-21,-0.01473194510776379
2020-07-22,0.006103124488771584
2020-07-23,-0.0071912739576798865
2020-07-24,0.003976273184608218
2020-07-27,0.010303299697634561
2020-07-28,-0.0019461994702643778
2020-07-29,-0.004198146216650053
2020-07-30,0.003432675588626907
2020-07-31,0.006403910506004593
2020-08-03,0.003780502140019427
2020-08-04,-0.005079766709324324
2020-08-05,-0.008111884287800516
2020-08-06,-0.0019556441621258053
2020-08-07,-0.0077154363131847
2020-08-10,-0.021745562958125023
2020-08-11,-0.007734167738045626
2020-08-12,0.007664922096572422
2020-08-13,0.004429233048502443
2020-08-14,-0.004464639819607972
2020-08-17,0.006249736159781413
2020-08-18,0.007319345715364842
2020-08-19,-0.0006575220084230997
2020-08-20,0.0062356656050856375
2020-08-21,0.0009596912144088587
2020-08-24,-0.01802015234326916
2020-08-25,-6.84657809466432e-05
2020-08-26,0.0083350115551355
2020-08-27,-0.01034737137172376
2020-08-28,-0.009811099982435817
2020-08-31,0.009699342848270984
2020-09-01,0.0008132248250560914
2020-09-02,-0.0032342350161689575
2020-09-03,-0.009239750812923395
2020-09-04,-0.00837798139698288
2020-09-08,-0.002419909894943833
2020-09-09,0.009557348189424894
2020-09-10,-0.002711386672600168
2020-09-11,-0.001117292162082169
2020-09-14,-0.006553657251322156
2020-09-15,0.0025496801297917563
2020-09-16,-0.009290777731456663
2020-09-17,-0.0006566251017791215
2020-09-18,0.0031965562810892106
2020-09-21,0.017048556512007096
2020-09-22,0.0024089676484308647
2020-09-23,-0.00035749933101604937
2020-09-24,0.0020886269893064355
2020-09-25,-0.0023686308569232113
2020-09-28,-0.004164631062835387
2020-09-29,0.005678327455740453
2020-09-30,0.0010588284192810716
2020-10-01,0.0018965671185844414
2020-10-02,-0.008743603392197149
2020-10-05,0.001408614261873508
2020-10-06,0.00010358871534834612
2020-10-07,-0.0023576301350796205
2020-10-08,-0.0022990989325958854
2020-10-09,0.0038932985270639527
2020-10-12,0.004113098835906514
2020-10-13,0.009503091546930869
2020-10-14,-0.003235695623831693
2020-10-15,3.9677747540789456e-05
2020-10-16,-0.0012642130946902697
2020-10-19,0.0005946784319688408
2020-10-20,-0.0025183509928502676
2020-10-21,0.0006690672697784029
2020-10-22,-0.011182858515329106
2020-10-23,0.0016072642080433603
2020-10-26,0.007795374645863433
2020-10-27,0.007052862610528338
2020-10-28,0.0003219806210095452
2020-10-29,-0.007175343627870221
2020-10-30,-0.008111317314405484
2020-11-02,0.006568442920152896
2020-11-03,0.002998608162952292
2020-11-04,0.005302196320765401
2020-11-05,0.0036560394565988033
2020-11-06,0.008538553650838642
2020-11-09,-0.06391240471007217
2020-11-10,-0.0008730987826842815
2020-11-11,0.017178804208365553
2020-11-12,0.006916162125881794
2020-11-13,-0.010215924980190817
2020-11-16,-0.00906405550718334
2020-11-17,-0.003853097375374579
2020-11-18,0.002147867175893993
2020-11-19,0.0033891314962543363
2020-11-20,0.0036973599520579276
2020-11-23,-0.012277301344024064
2020-11-24,-0.015319868588614454
2020-11-25,0.005115744377827513
2020-11-27,0.006449839451038663
2020-11-30,0.01089911989731588
2020-12-01,-0.0013286051838386078
2020-12-02,-0.010627034991405004
2020-12-03,-0.008655940654641326
2020-12-04,-0.007832231490814698
2020-12-07,0.004648446041532768
2020-12-08,0.0008265569531554934
2020-12-09,-0.0015689882140215588
2020-12-10,0.00013270884740983432
2020-12-11,0.005257899048206032
2020-12-14,0.009038245283758855
2020-12-15,-0.004562214006491351
2020-12-16,0.0025106082796764588
2020-12-17,0.003931668453765541
2020-12-18,0.005063442830739387
2020-12-21,0.002116470264192068
2020-12-22,0.005040862846929202
2020-12-23,-0.00758106131818506
2020-12-24,0.00088385970794355
2020-12-28,-0.006408945061700947
2020-12-29,0.0002236970421243154
2020-12-30,-0.0032649909512657924
2020-12-31,-4.2900104430644314e-05
2021-01-04,0.008647335012359272
2021-01-05,-0.00206197953755021
2021-01-06,-0.0023068226722062473
2021-01-07,0.005587961114790919
2021-01-08,0.0021631754713130696
2021-01-11,0.001846691541561439
2021-01-12,-0.0016811890766298312
2021-01-13,-0.0015359599822592624
2021-01-14,-0.008437610318178627
2021-01-15,0.005717113293952476
2021-01-19,0.0022124288753060774
2021-01-20,0.0022691269431084522
2021-01-21,0.003476980625327004
2021-01-22,0.001484495810728092
2021-01-25,0.0029734405495182178
2021-01-26,-0.0019426415603523797
2021-01-27,-0.004746102794314343
2021-01-28,0.0009027888853087613
2021-01-29,0.010109185731542477
2021-02-01,0.0038588021217614422
2021-02-02,-0.00391736462441232
2021-02-03,-0.01051054871411907
2021-02-04,0.0005159464739968024
2021-02-05,0.001540658789159597
2021-02-08,0.005566206781223674
2021-02-09,-0.007782649424799103
2021-02-10,0.001554955159953864
2021-02-11,0.0018311493515205343
2021-02-12,0.0006542208208746829
2021-02-16,-0.002583280011607379
2021-02-17,-0.0026926784884876162
2021-02-18,0.0009863623232877093
2021-02-19,-0.0016954912426844155
2021-02-22,-0.009622284499827024
2021-02-23,-0.004377391059659222
2021-02-24,0.0023503348711808652
2021-02-25,-0.0028887900698327524
2021-02-26,0.00608973402404863
2021-03-01,0.0027533374841658908
2021-03-02,-0.0016033583864214546
2021-03-03,-0.009246103710671092
2021-03-04,-0.003211782713757766
2021-03-05,0.0024554730071291806
2021-03-08,-0.00957911658551773
2021-03-09,0.009549198531032093
2021-03-10,-0.0023561460788634934
2021-03-11,0.00470372332059086
2021-03-12,-0.006409329800821073
2021-03-15,-0.0003345916035268537
2021-03-16,0.0019088469770158492
2021-03-17,-0.0004862859688013292
2021-03-18,-0.00023762769068501785
2021-03-19,0.001615401303538587
2021-03-22,0.0053469535827964584
2021-03-23,0.002895184874335126
2021-03-24,-0.002636163165092863
2021-03-25,-0.005274854199540161
2021-03-26,0.0027467539689930054
2021-03-29,-0.0013668287444789772
2021-03-30,-0.001749291551966853
2021-03-31,0.0032087934773624093
2021-04-01,0.001997438599582729
2021-04-05,-0.0008718810843942326
2021-04-06,0.0023774521251292142
2021-04-07,0.0008789454708284692
2021-04-08,0.0036299208193081574
2021-04-09,0.0038126975377975394
2021-04-12,-0.0002892730776588897
2021-04-13,0.0018179340586179562
2021-04-14,-0.0033117121811978827
2021-04-15,0.003401982559114168
2021-04-16,0.0007009061234189028
2021-04-19,-0.0011902149857607517
2021-04-20,-0.0004712755788549352
2021-04-21,-0.0017389629266295636
2021-04-22,0.0024759144552796613
2021-04-23,0.0018111827503342313
2021-04-26,-0.000512299689838378
2021-04-27,-0.0003313243083232458
2021-04-28,-0.0007879537020702645
2021-04-29,0.00017448349492462425
2021-04-30,-0.0033537128077719244
2021-05-03,-0.0012585870687657845
2021-05-04,0.00023867172346593671
2021-05-05,0.00025424170874658995
2021-05-06,0.0007174999699953214
2021-05-07,0.0006827488320641763
2021-05-10,-0.0018466295407211812
2021-05-11,0.0007628264023281935
2021-05-12,0.0002453049271609515
2021-05-13,0.00029694672876382823
2021-05-14,-0.0014544859789198
2021-05-17,-0.0004170703198360119
2021-05-18,-0.0020756492375868392
2021-05-19,0.000869375568294026
2021-05-20,-0.0001088541690132471
2021-05-21,2.35742765193553e-05
2021-05-24,-0.0010641512460961922
2021-05-25,0.0017289818577176286
2021-05-26,0.0009486467186474396
2021-05-27,0.0011569888551640195
2021-05-28,-0.00016716089932540724
2021-06-01,-0.002217353146999277
2021-06-02,-0.004776235819407851
2021-06-03,0.000546093736773146
2021-06-04,-0.0007035726688084749
2021-06-07,-0.004838477581980107
2021-06-08,-0.0010618325745960177
2021-06-09,-0.002673187299923349
2021-06-10,-0.004913058504046087
2021-06-11,0.001813392559410972
2021-06-14,-0.00278361428056586
2021-06-15,0.0019982928769360217
2021-06-16,0.0002813695737282442
2021-06-17,-0.0019463330990416498
2021-06-18,0.0028594107156721784
2021-06-21,0.001620099172814146
2021-06-22,0.0031617522492706955
2021-06-23,0.0013049735072608976
2021-06-24,0.001238817068531521
2021-06-25,-0.0003153649327672586
2021-06-28,0.0023220044007324727
2021-06-29,0.001884786636334813
2021-06-30,0.00030315568959193276
2021-07-01,0.0005635867677101368
2021-07-02,0.0007862582655813415
2021-07-06,0.0021234639943804846
2021-07-07,0.0025648324375102927
2021-07-08,-0.003929066620473718
2021-07-09,0.003055860421029507
2021-07-12,0.0027181257963250828
2021-07-13,-0.0007291850015426471
2021-07-14,1.0721212275416337e-05
2021-07-15,0.0019927220832508395
2021-07-16,-0.004643022748874275
2021-07-19,-0.00039725358208868246
2021-07-20,0.0021445052405175097
2021-07-21,0.002608188991787392
2021-07-22,0.0012261696170015508
2021-07-23,0.002083617453352829
2021-07-26,-0.0012725321433782121
2021-07-27,-0.0031350397694970725
2021-07-28,-0.0003219578579822658
2021-07-29,0.00231657454131907
2021-07-30,-0.0003819668717703169
2021-08-02,-0.0002549101094796386
2021-08-03,0.003275691631857227
2021-08-04,0.0017286208699514459
2021-08-05,-0.000317613104405753
2021-08-06,-2.6379394963574727e-05
2021-08-09,3.187594005950583e-05
2021-08-10,0.0033592003286965896
2021-08-11,0.0013839468657399867
2021-08-12,-0.00018004431571394305
2021-08-13,-0.0018760761308681418
2021-08-16,-0.0005724730818581372
2021-08-17,-0.0073987672463501734
2021-08-18,0.0016165513667109588
2021-08-19,-0.0023843589044649817
2021-08-20,0.0011970653162098265
2021-08-23,0.003081820358539047
2021-08-24,0.002988717428231957
2021-08-25,0.0037171764328241784
2021-08-26,-0.0015364767931352595
2021-08-27,0.001963092788543796
2021-08-30,0.0012519201918473432
2021-08-31,-0.0026602823815984927
2021-09-01,-0.001042294132590425
2021-09-02,-0.0003800145641458813
2021-09-03,0.0002670314254755582
2021-09-07,0.0012172651392908277
2021-09-08,-0.0040230863989829885
2021-09-09,0.005990387292097098
2021-09-10,0.0043724996473862516
2021-09-13,-0.005100864524933009
2021-09-14,7.552614477714022e-05
2021-09-15,0.0033770762160280753
2021-09-16,1.0478996492804434e-05
2021-09-17,-0.0021860502857980915
2021-09-20,-0.0022436980969493168
2021-09-21,0.0017263407594962953
2021-09-22,0.004502847500255236
2021-09-23,0.004205100591479718
2021-09-24,-0.0006460582102459068
2021-09-27,-0.0010847543765321577
2021-09-28,-0.0053985469294632596
2021-09-29,-0.00302463209109202
2021-09-30,-0.0034791274106240736
2021-10-01,-0.00044672447334533766
2021-10-04,-0.001520256009390774
2021-10-05,0.004834844706937068
2021-10-06,-0.003334172673493707
2021-10-07,0.004590504334894159
2021-10-08,-0.0014382200589311907
2021-10-11,0.0002384861094872969
2021-10-12,-0.00032843505191592183
2021-10-13,0.00025634029561425684
2021-10-14,0.001981905992265888
2021-10-15,9.896296004847883e-05
2021-10-18,0.005623617361034352
2021-10-19,-0.0028291729814548428
2021-10-20,-0.0033540278112126664
2021-10-21,0.002997839659073643
2021-10-22,-0.00012705218428934916
2021-10-25,0.0027868751810764996
2021-10-26,-0.00019490811185336916
2021-10-27,0.0035979996713156183
2021-10-28,0.005404582291106581
2021-10-29,0.006050365132058754
2021-11-01,-0.0031441661844605786
2021-11-02,-0.001213999431721431
2021-11-03,-0.0014707053547840711
2021-11-04,0.0027241580564072894
2021-11-05,-0.003774685004973972
2021-11-08,0.0010754836209088154
2021-11-09,-0.0010199063033201788
2021-11-10,-0.0003172299125672804
2021-11-11,0.0030039037979111964
2021-11-12,-0.001622059492174435
2021-11-15,-0.001552270275971696
2021-11-16,0.0034131356440048354
2021-11-17,0.004041136822105835
2021-11-18,0.003633195942039686
2021-11-19,0.0012662930302276105
2021-11-22,-0.0017971270328925677
2021-11-23,-0.0005818011990637994
2021-11-24,0.0012015022034664916
2021-11-26,-0.0002817702124576245
2021-11-29,0.004535883180748763
2021-11-30,0.0019614229921710805
2021-12-01,0.00012103347280202928
2021-12-02,-0.0014824946690206078
2021-12-03,-0.001591521055428291
2021-12-06,-0.0033898927744839707
2021-12-07,0.0005026848831240242
2021-12-08,-2.515259709200354e-06
2021-12-09,-0.002396001490843641
2021-12-10,-0.0010425677273447477
2021-12-13,-0.0004012614238894224
2021-12-14,-0.0018508605938977502
2021-12-15,-0.0005390298805456629
2021-12-16,-0.002090571050950293
2021-12-17,0.00013743889895121613
2021-12-20,-0.0009143028724471901
2021-12-21,0.00182048333859422
2021-12-22,0.002384809391510739
2021-12-23,0.0008654881894516331
2021-12-27,0.002337717696975883
2021-12-28,-0.0015390015826037494
2021-12-29,-1.7325983302275213e-05
2021-12-30,-0.0006775175429401628
2021-12-31,0.00026280296751797917
2022-01-03,-0.0003181540435870447
2022-01-04,0.00018093783461943936
2022-01-05,-0.002664359137832172
2022-01-06,-0.00216318633171253
2022-01-07,-0.005060982948814525
2022-01-10,0.0020031425905380545
2022-01-11,0.0002318841456078565
2022-01-12,0.002296659227564491
2022-01-13,-0.003219160149591192
2022-01-14,-0.0009294295088299541
2022-01-18,-0.0035477950160700774
2022-01-19,-0.0035452329124744456
2022-01-20,4.895231540608114e-05
2022-01-21,-0.0023451367988121022
2022-01-24,0.0036066619680447123
2022-01-25,-0.0016604001980529096
2022-01-26,0.0024364779150558586
2022-01-27,-0.0024995753948614564
2022-01-28,0.003748839482866214
2022-01-31,-0.00035858980145843356
2022-02-01,0.0027212063428815113
2022-02-02,0.0005548031796181811
2022-02-03,-0.001777129474006893
2022-02-04,-0.0046322508891510844
2022-02-07,0.004468107341357708
2022-02-08,0.0016701876394297184
2022-02-09,0.003540779821575739
2022-02-10,-0.003047356208252991
2022-02-11,-0.001760652004215545
2022-02-14,-0.0030200132657774215
2022-02-15,0.0034981259505514617
2022-02-16,0.0038493699565506304
2022-02-17,-0.0022423725691488954
2022-02-18,0.0019599162623964842
2022-02-22,-0.004899171578921587
2022-02-23,-0.0005346060354029911
2022-02-24,-0.0004914051739817381
2022-02-25,-0.0019363946005923215
2022-02-28,0.0032746455948548503
2022-03-01,0.0012041879684490892
2022-03-02,0.004441298657976584
2022-03-03,-0.001232152752692712
2022-03-04,0.002552315328191662
2022-03-07,0.0016432344844146476
2022-03-08,0.0017158959198887535
2022-03-09,-1.6375508147058673e-05
2022-03-10,0.004800699673520744
2022-03-11,0.0016683863437099028
2022-03-14,-0.0021246057899174885
2022-03-15,0.00023813250781187244
2022-03-16,0.0002468913755038193
2022-03-17,-0.0009861921177555708
2022-03-18,0.0009511011682731139
2022-03-21,8.781772852620971e-05
2022-03-22,0.0007775734240057531
2022-03-23,0.0035422044493380288
2022-03-24,-0.0006141724542992395
2022-03-25,-0.0007063316800784801
2022-03-28,-0.0016322737663790764
2022-03-29,-0.001840632291291273
2022-03-30,3.435652643909516e-05
2022-03-31,-0.00014532360066374906
2022-04-01,-0.006463732641202387
2022-04-04,0.0006820653204760043
2022-04-05,-0.0015414652501807267
2022-04-06,0.0005421778093545581
2022-04-07,-0.0011066832551555599
2022-04-08,0.0002337008016950225
2022-04-11,-0.0003338085160746647
2022-04-12,0.0027429063906715435
2022-04-13,0.0023186386268966657
2022-04-14,-0.0011641004767291377
2022-04-18,0.0023848681405934623
2022-04-19,-0.0008111414538544311
2022-04-20,-0.0015581968556965312
2022-04-21,0.0012104638470724603
2022-04-22,0.000923150844459456
2022-04-25,0.0007462698265534133
2022-04-26,0.0009076278209720328
2022-04-27,0.0015744012370654363
2022-04-28,0.0008044667154178497
2022-04-29,-0.005546379976531878
2022-05-02,-0.001001513149520591
2022-05-03,-0.00046943209201372687
2022-05-04,-0.0019893226081337573
2022-05-05,0.0014292554201409944
2022-05-06,0.0024365408316668856
2022-05-09,-0.003361180588253919
2022-05-10,0.0031780780413445337
2022-05-11,0.0034011094528763903
2022-05-12,-0.0015619877676536684
2022-05-13,0.0033352952916946652
2022-05-16,0.0010265089315038664
2022-05-17,-0.00037695717611118247
2022-05-18,-0.004505555118362818
2022-05-19,-0.0011041189313641467
2022-05-20,0.000420354904028998
2022-05-23,0.0009678655543201936
2022-05-24,0.0014442028991646237
2022-05-25,0.0001869607928910169
2022-05-26,-0.0022486386477452024
2022-05-27,-0.0021816663955985137
2022-05-31,0.002239721301512631
2022-06-01,-0.0004177316817918208
2022-06-02,-0.001716011380848225
2022-06-03,0.0013770390716040407
2022-06-06,-0.0017181985502460913
2022-06-07,-0.0014430693047292093
2022-06-08,-0.001249107167296136
2022-06-09,0.0007056895681649505
2022-06-10,0.0033873519604173223
2022-06-13,-7.68127935150326e-05
2022-06-14,0.003931985454523681
2022-06-15,-0.003791922710751996
2022-06-16,-0.0013424277162453536
2022-06-17,-0.0013936616941149051
2022-06-21,0.006344904317455456
2022-06-22,-0.002693932515732075
2022-06-23,-0.0023861454421083153
2022-06-24,-0.00041549644917764826
2022-06-27,0.0019482241428091587
2022-06-28,0.0010723546488805244
2022-06-29,0.0006797070671562303
2022-06-30,0.004001825890348734
2022-07-01,-0.001505858151945991
2022-07-05,-0.004147899045947617
2022-07-06,0.002155547756114703
2022-07-07,-0.0015572252926599915
2022-07-08,0.0023708306990096123
2022-07-11,0.0005176508552732834
2022-07-12,0.00019555748773557468
2022-07-13,0.0012591124536576507
2022-07-14,0.00382854694420809
2022-07-15,-0.0037074243823382257
2022-07-18,-0.00090249534106666
2022-07-19,-0.0020902845330027543
2022-07-20,-0.0034118721750433434
2022-07-21,-0.0022126953296136426
2022-07-22,0.0024230049314338787
2022-07-25,0.0012859317089792327
2022-07-26,0.002010518751487622
2022-07-27,-0.00017874640899773637
2022-07-28,7.93988523802255e-05
2022-07-29,3.738015901789789e-05
2022-08-01,-0.0010593953365232057
2022-08-02,0.0018288279858347484
2022-08-03,0.002246132445398717
2022-08-04,-0.0005711006322441724
2022-08-05,0.0009093096015465784
2022-08-08,-0.0007618935248711898
2022-08-09,0.0022182338202272247
2022-08-10,-0.00045167998728729415
2022-08-11,0.0009220385278586698
2022-08-12,0.0003836010408938188
2022-08-15,-0.0014178591471329949
2022-08-16,-0.0012141037077331505
2022-08-17,0.0005203900599632508
2022-08-18,0.0023222583099328595
2022-08-19,0.0028270564732661837
2022-08-22,0.0035203727113336763
2022-08-23,0.0016906775950471119
2022-08-24,0.0005878461756373693
2022-08-25,0.0005501784475813394
2022-08-26,0.001781699705237915
2022-08-29,-0.00029196893499401264
2022-08-30,-0.002409343660467879
2022-08-31,0.0005599887419894676
2022-09-01,-0.002506506165163914
2022-09-02,0.00237886834322911
2022-09-06,-0.0014595710704332424
2022-09-07,-0.004267300341019578
2022-09-08,-0.0012069465916973064
2022-09-09,0.00014814239176527607
2022-09-12,-0.0014866275404971205
2022-09-13,0.0009130851094306529
2022-09-14,0.0009204132711280393
2022-09-15,-0.0043581443265787705
2022-09-16,-0.0010292225628433119
2022-09-19,0.0013527390926004552
2022-09-20,0.003899443288664958
2022-09-21,0.0017607770348481743
2022-09-22,0.0034836375696956586
2022-09-23,-0.005297177678969755
2022-09-26,0.0003416607565472496
2022-09-27,0.0013913106399148268
2022-09-28,0.0018682111570541284
2022-09-29,0.002287991977863645
2022-09-30,0.001977540755526281
2022-10-03,0.0030748456117987797
2022-10-04,-0.0004298774041396811
2022-10-05,0.0004155449602286231
2022-10-06,0.002544915021066273
2022-10-07,0.0016510755754794324
2022-10-10,-0.0014633059199058585
2022-10-11,-0.0013720059967127472
2022-10-12,8.482911849499786e-05
2022-10-13,-0.0019220572234494228
2022-10-14,-0.0030388586816425013
2022-10-17,0.0010007656089099349
2022-10-18,-0.0013882676778723256
2022-10-19,0.002388689476953611
2022-10-20,-0.0007294387448986414
2022-10-21,0.0019233273629685355
2022-10-24,0.0014032963708410734
2022-10-25,-0.006652532272349361
2022-10-26,-0.0013731382005151486
2022-10-27,0.0007982125545833113
2022-10-28,0.002768661306749615
2022-10-31,0.005298825165889422
2022-11-01,0.0016165716610570394
2022-11-02,-4.280106434678688e-05
2022-11-03,0.001044065096329085
2022-11-04,-0.004029034061715606
2022-11-07,-0.0019461337725260263
2022-11-08,0.0016730845426892072
2022-11-09,-0.0016179389215959415
2022-11-10,-0.0009235499843253533
2022-11-11,-0.007882690753368537
2022-11-14,0.0013809264715345469
2022-11-15,-2.6932273664672902e-05
2022-11-16,0.0027069370717241583
2022-11-17,0.0017641137327021883
2022-11-18,-0.0023465388304919873
2022-11-21,-0.00032178557528216684
2022-11-22,-0.0016947476627959144
2022-11-23,-0.0013817903425486287
2022-11-25,-0.0008209514653529122
2022-11-28,-7.278535455974519e-06
2022-11-29,0.00041963462002820527
2022-11-30,-0.0008123757419953701
2022-12-01,-0.0025849777139804993
2022-12-02,-0.0009344154332912314
2022-12-05,0.00032047620510027513
2022-12-06,0.0009071930926464594
2022-12-07,0.001586991459365102
2022-12-08,-0.0009176188026766481
2022-12-09,-0.00015453651329791544
2022-12-12,0.0006487999327552946
2022-12-13,-0.0011304605617920905
2022-12-14,-0.0009962118008134085
2022-12-15,0.003538237145214826
2022-12-16,0.0003262573017654656
2022-12-19,0.0002667240376041706
2022-12-20,-0.0013156323037571758
2022-12-21,0.0009676059097919723
2022-12-22,-0.004117874074364109
2022-12-23,0.0007633510817459913
2022-12-27,-0.002329091990216282
2022-12-28,-0.0017175101188304754
2022-12-29,-0.0025495041710588994
2022-12-30,-7.650209005461983e-06
2023-01-03,-0.005364216867188807
2023-01-04,-0.004666700066311109
2023-01-05,-0.005944811034780793
2023-01-06,0.004045297818945762
2023-01-09,0.0035265220605625973
2023-01-10,-0.0031294466024078425
2023-01-11,0.0022817262766161184
2023-01-12,0.0029032103979677428
2023-01-13,-0.0014943500091386618
2023-01-17,0.001713500179687351
2023-01-18,-0.0007711629789034058
2023-01-19,-0.002661402610552741
2023-01-20,-0.0008151703139029324
2023-01-23,-0.0026624605044361068
2023-01-24,0.0048093685281022465
2023-01-25,-0.0030537414306125244
2023-01-26,0.0007205258835184352
2023-01-27,-0.005430353759960026
2023-01-30,0.0007633821654924486
2023-01-31,-0.0018320872519841556
2023-02-01,0.0011351984446321213
2023-02-02,-0.0026747454085262823
2023-02-03,0.005698175378137771
2023-02-06,0.006559371043219326
2023-02-07,-0.0017390831751675341
2023-02-08,0.0014655826729380245
2023-02-09,0.003537018730658196
2023-02-10,-0.000552405991680832
2023-02-13,0.0004156694207842799
2023-02-14,-0.0008647176023706821
2023-02-15,0.004898277189516691
2023-02-16,-0.0016701833506443846
2023-02-17,-0.001447851263430646
2023-02-21,-0.0020052934438450436
2023-02-22,0.0009798974633086004
2023-02-23,0.0014133354765890616
2023-02-24,-2.17532826195115e-05
2023-02-27,0.005170690826855548
2023-02-28,0.00019532258372887204
2023-03-01,0.0017952293494850472
2023-03-02,-0.0001383032911184646
2023-03-03,0.002528312757237463
2023-03-06,0.0023811211669055574
2023-03-07,0.0016786779777787347
2023-03-08,-0.0010072418731487632
2023-03-09,0.0001099530159971759
2023-03-10,-0.0012128688785468455
2023-03-13,-0.0010039542980693895
2023-03-14,0.005590017959168786
2023-03-15,-0.005483055600022857
2023-03-16,0.001174638243109458
2023-03-17,-0.0023654479360986575
2023-03-20,0.002222657376345646
2023-03-21,0.004652006329753727
2023-03-22,0.0021822729273022323
2023-03-23,0.001248646356522113
2023-03-24,-0.004893304407961401
2023-03-27,-0.0001706080318504636
2023-03-28,-0.001440232904567826
2023-03-29,0.00018375095482184553
2023-03-30,0.00026121208664264367
2023-03-31,-0.001043049949506284
2023-04-03,0.0007381358059085519
2023-04-04,-0.004669511422196293
2023-04-05,-0.004880677113730867
2023-04-06,-0.0035485867054599
2023-04-10,0.0014847260593607824
2023-04-11,-0.00250449512391752
2023-04-12,0.0022990533574406644
2023-04-13,0.0012496307372700923
2023-04-14,0.003929907713906406
2023-04-17,0.0011601905181301293
2023-04-18,0.002773379156088617
2023-04-19,-0.002703377909545719
2023-04-20,0.00016772616912333961
2023-04-21,-0.002330146858586372
2023-04-24,0.0003233158782250864
2023-04-25,-0.0030362566748463105
2023-04-26,-0.000874535218704504
2023-04-27,-0.00536906235685407
2023-04-28,-0.0018086612360196873
2023-05-01,0.0020722065594827956
2023-05-02,-0.0009467682820489545
2023-05-03,-0.002271384983228063
2023-05-04,0.0006871871703128256
2023-05-05,0.0009315350638731141
2023-05-08,0.001955249424631008
2023-05-09,0.0010917977279453334
2023-05-10,0.000996454102158838
2023-05-11,0.0013437542883627544
2023-05-12,0.0014137869532069643
2023-05-15,-0.002168705639973981
2023-05-16,0.001470132202289514
2023-05-17,0.0016614590504746962
2023-05-18,0.00259906063766134
2023-05-19,0.0006180831132776654
2023-05-22,-0.0003483850795046026
2023-05-23,-0.0010654945136777784
2023-05-24,0.0013099747554486032
2023-05-25,0.008843796147809073
2023-05-26,-0.00039407827953590816
2023-05-30,-0.001129991353629223
2023-05-31,0.0015140544623143983
2023-06-01,0.0025372556623938602
2023-06-02,-0.002513444195311471
2023-06-05,0.004848151476619867
2023-06-06,-0.0006390457581441881
2023-06-07,-0.003903114726289481
2023-06-08,0.0032092020744388917
2023-06-09,0.0008221494144050717
2023-06-12,0.0009148849463907656
2023-06-13,0.0003053360769116869
2023-06-14,-0.0019216788661627915
2023-06-15,0.0007949110402670461
2023-06-16,-0.0015951832218957251
2023-06-20,-5.876020689120155e-05
2023-06-21,-0.0003905977388960377
2023-06-22,-0.0005309535864536539
2023-06-23,-0.00011153310664537999
2023-06-26,-0.00036293864962452766
2023-06-27,0.0014129020118941221
2023-06-28,0.0027483054036406703
2023-06-29,-0.0005782810489019247
2023-06-30,0.0024591335432793014
2023-07-03,-0.0015697021927020005
2023-07-05,0.0020955589294304367
2023-07-06,-0.0014283520508989042
2023-07-07,0.0005306322017632454
2023-07-10,0.00325206585256294
2023-07-11,-0.00259063448641556
2023-07-12,0.00038973292701294785
2023-07-13,0.0008358741205559595
2023-07-14,-0.0008038707217285111
2023-07-17,0.005979542331271908
2023-07-18,0.002031098157848332
2023-07-19,-0.002996582119584864
2023-07-20,-0.004944065841340812
2023-07-21,-0.000591096963078613
2023-07-24,-0.0008447268384078365
2023-07-25,0.00034805158482867105
2023-07-26,-0.006151957410973711
2023-07-27,0.0014883539851432183
2023-07-28,-0.0015245206321114729
2023-07-31,0.00047449285813250757
2023-08-01,0.0023345115008437576
2023-08-02,0.0006819098296231114
2023-08-03,0.0009036631198385013
2023-08-04,-0.0013756329644489947
2023-08-07,0.005814849221797145
2023-08-08,0.0004526431486557962
2023-08-09,-0.0005718961948375524
2023-08-10,0.00014397074918763111
2023-08-11,-0.0012534784442893136
2023-08-14,0.0026836146300948235
2023-08-15,0.0024876050641255694
2023-08-16,-0.001043421336188248
2023-08-17,-0.003949313430333327
2023-08-18,-0.001727018323862935
2023-08-21,0.0013688995881998164
2023-08-22,0.002380833706649216
2023-08-23,0.0017884553505247108
2023-08-24,-0.0034605518462789684
2023-08-25,0.0007132508601657027
2023-08-28,-0.0022073371129959483
2023-08-29,0.0014921400031080818
2023-08-30,0.0019168181042199203
2023-08-31,-0.0008784745734292564
2023-09-01,0.00025462131201823705
2023-09-05,0.00023141512368076667
2023-09-06,0.0012877609110998538
2023-09-07,0.003730008372491969
2023-09-08,-0.002363965786259801
2023-09-11,0.0034435359664357745
2023-09-12,-0.0015467142463235434
2023-09-13,-0.0018006379417002322
2023-09-14,-0.0016379136765862353
2023-09-15,-0.0018765388306304135
2023-09-18,0.0003164859850029384
2023-09-19,2.6137825635888925e-05
2023-09-20,-0.0021057972477048176
2023-09-21,-0.0028384624640489585
2023-09-22,0.001001442935691136
2023-09-25,7.092806593159992e-05
2023-09-26,0.0008849083905922433
2023-09-27,0.002248435764998443
2023-09-28,0.0004998086178338619
2023-09-29,-0.0025808820564774426
2023-10-02,0.005187219839796993
2023-10-03,-0.00426772742252591
2023-10-04,0.005932759595135344
2023-10-05,0.0017133193509839316
2023-10-06,0.0035941440936378246
2023-10-09,-0.002846487245491442
2023-10-10,-0.000553703023942222
2023-10-11,0.0009307608229338257
2023-10-12,0.001106193356320061
2023-10-13,-0.005207821000868624
2023-10-16,0.0002743954459588541
2023-10-17,-0.0006658950898164406
2023-10-18,-0.004524944845874133
2023-10-19,-0.0012704861826649979
2023-10-20,-0.0047351148142315645
2023-10-23,0.0063208714371213726
2023-10-24,0.003421453673643342
2023-10-25,-0.004734735726741866
2023-10-26,-0.0002658123314956538
2023-10-27,0.0028838201933357992
2023-10-30,0.0011202995718968692
2023-10-31,-0.0013717355347421332
2023-11-01,-0.002280979568324834
2023-11-02,-0.00016532963553292715
2023-11-03,-0.0012854857798643034
2023-11-06,0.0010871847085870824
2023-11-07,0.0009451140327688326
2023-11-08,0.0010319837442169509
2023-11-09,0.005079727920841982
2023-11-10,0.002685932590724785
2023-11-13,0.002477168593066352
2023-11-14,-0.00846410078813817
2023-11-15,-0.0039730646898902345
2023-11-16,0.0021713415664578756
2023-11-17,0.00019373781598890866
2023-11-20,-0.0003271429558685124
2023-11-21,0.0019287571286610405
2023-11-22,-0.0004601494190110422
2023-11-24,-0.0008787642080222369
2023-11-27,0.0030037428641822616
2023-11-28,-0.0029970536998821296
2023-11-29,-0.0031345268328251833
2023-11-30,0.0007844323023433098
2023-12-01,-0.0047501691307677415
2023-12-04,-0.002619588811208809
2023-12-05,0.00255883858302011
2023-12-06,-0.0021641149464337165
2023-12-07,-0.0016525677677876986
2023-12-08,0.0020878212634016366
2023-12-11,0.0023109194394467397
2023-12-12,0.007039296783692247
2023-12-13,-0.007939717319859532
2023-12-14,-0.011796416250185626
2023-12-15,0.003977514654125801
2023-12-18,0.003262107678903311
2023-12-19,-0.0032285412754602867
2023-12-20,0.001204581380237315
2023-12-21,-0.0027247379233140746
2023-12-22,-0.003199683561176008
2023-12-26,-0.0030906607943209574
2023-12-27,-0.0006883075673831418
2023-12-28,-0.0003755753729623501
2023-12-29,0.0015374112785528668
2024-01-02,-0.006146418237818014
2024-01-03,0.004852170522987317
2024-01-04,0.00037236454701235596
2024-01-05,-0.0016197813794032866
2024-01-08,0.0031584269694421366
2024-01-09,0.0010775250824400738
2024-01-10,0.0032844717118359307
2024-01-11,0.004076205196787109
2024-01-12,0.001987509923892057
2024-01-16,0.004940808986877173
2024-01-17,0.003144932985447886
2024-01-18,0.0051121594445771865
2024-01-19,0.0014172417764005745
2024-01-22,0.0011681722714067546
2024-01-23,-0.0008611381644003617
2024-01-24,0.0010087374779302572
2024-01-25,0.00023828731758967597
2024-01-26,-0.002825933084079659
2024-01-29,0.001026370482835588
2024-01-30,0.0032149561335785004
2024-01-31,0.0013349723788021685
2024-02-01,0.00022191590769403074
2024-02-02,0.004550607078640695
2024-02-05,-0.0009144923381456301
2024-02-06,-0.0012284553828152216
2024-02-07,0.008041785165747219
2024-02-08,-0.003155223018187034
2024-02-09,0.0010623827623450128
2024-02-12,-0.0063167849115828055
2024-02-13,0.007354899960795101
2024-02-14,-0.0014930637037356186
2024-02-15,-0.0006528911587965625
2024-02-16,-0.0029463133195791746
2024-02-20,0.0002454589493408023
2024-02-21,5.197607405987055e-06
2024-02-22,0.007044607489934104
2024-02-23,0.0012397644042064697
2024-02-26,0.003851928844567499
2024-02-27,-0.003266212290233966
2024-02-28,0.001640264014102898
2024-02-29,-0.0037434724228003597
2024-03-01,-0.0008221346536258476
2024-03-04,-0.0013034499860541187
2024-03-05,-0.004644550340789971
2024-03-06,0.0002760579624127221
2024-03-07,0.0021475460845412995
2024-03-08,-0.0019139235198495318
2024-03-11,-0.0013489663398985735
2024-03-12,0.005375015026812744
2024-03-13,-0.0011968279506919483
2024-03-14,0.0040092391790960335
2024-03-15,-0.002960188559475852
2024-03-18,0.0019280039246474103
2024-03-19,0.0016156421848337397
2024-03-20,-0.00397545079171931
2024-03-21,-0.0031046283196230536
2024-03-22,0.002519202274301633
2024-03-25,-0.001968880981409414
2024-03-26,0.0009570782741915001
2024-03-27,-0.00669222880835533
2024-03-28,-0.003011702398463435
2024-04-01,-0.00024413001395944873
2024-04-02,0.002543315982693264
2024-04-03,4.987684713131157e-05
2024-04-04,-0.00022178175637841457
2024-04-05,0.0015925525773121836
2024-04-08,-0.002293275075367023
2024-04-09,-0.002603465968848345
2024-04-10,0.004826095442240137
2024-04-11,0.0008014066636205413
2024-04-12,0.0010478738506645008
2024-04-15,-0.003007601039068545
2024-04-16,0.0032359450851342005
2024-04-17,-0.0007673567337924489
2024-04-18,-0.002233496939293802
2024-04-19,-0.0047425406735483785
2024-04-22,-0.0001820650044115833
2024-04-23,-0.0020691822685161743
2024-04-24,-0.002118739386278764
2024-04-25,-0.0003254414240113709
2024-04-26,-0.0015909227787290483
2024-04-29,0.00137217709475808
2024-04-30,0.0005665438396574234
2024-05-01,-0.0038497041476728794
2024-05-02,0.0009311514224609837
2024-05-03,-0.001634638591823879
2024-05-06,0.0019109720347323562
2024-05-07,0.0026734308650445417
2024-05-08,-0.0002614194915860886
2024-05-09,0.0001218242317848433
2024-05-10,0.0007265759816556052
2024-05-13,-0.0026043056848685346
2024-05-14,-0.0020238577696680073
2024-05-15,0.0011976145500013108
2024-05-16,-0.0009413649344139236
2024-05-17,0.0019794460433969537
2024-05-20,0.0021122111688722306
2024-05-21,0.0009451563125416013
2024-05-22,0.0001604104943042407
2024-05-23,0.002774070707052211
2024-05-24,-0.00012681919263776313
2024-05-28,-0.0015520315652273705
2024-05-29,0.0026489243513229004
2024-05-30,0.00032956285330433663
2024-05-31,-0.0027165951170593228
2024-06-03,-0.0018908738007615649
2024-06-04,0.0007190931525002648
2024-06-05,0.0025160664412336563
2024-06-06,-0.00020027831764862403
2024-06-07,0.002468621202427392
2024-06-10,-0.0009714963804340796
2024-06-11,0.00015986365656188263
2024-06-12,-0.0022833960744852704
2024-06-13,0.00558100868175431
2024-06-14,-0.0007448579397723479
2024-06-17,0.005032876471870455
2024-06-18,0.0015466689857578794
2024-06-20,-0.001165069757872825
2024-06-21,-0.003176455234172036
2024-06-24,-0.0009412513644212984
2024-06-25,0.002469957619518124
2024-06-26,-0.0024179238259641107
2024-06-27,-0.000287129678066661
2024-06-28,-0.004852640901719972
2024-07-01,-0.0008595966364907515
2024-07-02,0.0012315858531334253
2024-07-03,0.0023385233723853863
2024-07-05,0.0014433669658634066
2024-07-08,-0.0022651964079781063
2024-07-09,0.0012545280703230176
2024-07-10,-0.0038418657429209633
2024-07-11,-0.004212538363699816
2024-07-12,-0.0014698816960500654
2024-07-15,0.0016319150602532766
2024-07-16,-0.006004470159535494
2024-07-17,-0.0019198529988904392
2024-07-18,0.0016021767829200943
2024-07-19,0.0026165405374106603
2024-07-22,-0.0005318768250505829
2024-07-23,0.0030228567372756745
2024-07-24,-0.0028355547986554405
2024-07-25,0.000788192218355289
2024-07-26,-0.0037601531512902195
2024-07-29,0.00012163236844334024
2024-07-30,-0.0015700814372401728
2024-07-31,0.0003341182472743176
2024-08-01,0.006761309873633555
2024-08-02,0.003700297759933617
2024-08-05,0.0020645549353112136
2024-08-06,0.0005163095848229882
2024-08-07,0.0017281445759868167
2024-08-08,-0.0032095329565465297
2024-08-09,0.001966401482882784
2024-08-12,0.0018088399744294777
2024-08-13,-0.0010801436916950205
2024-08-14,0.0035997814005003146
2024-08-15,-0.0018456788253549208
2024-08-16,-0.00044828605124725204
2024-08-19,-0.0013395432028298535
2024-08-20,-0.00015041302139531462
2024-08-21,-0.0020547428417300186
2024-08-22,0.0011556530982855338
2024-08-23,-0.004223427852903716
2024-08-26,0.00047440849500622357
2024-08-27,0.0022587057763745195
2024-08-28,0.0013715728613122337
2024-08-29,0.0006296973503845051
2024-08-30,-8.397623578557316e-05
2024-09-03,0.0005372509927689372
2024-09-04,-0.0006346186080599149
2024-09-05,0.0015411221047859339
2024-09-06,7.408945076363488e-05
2024-09-09,0.0021232044206224835
2024-09-10,0.0005817119553322028
2024-09-11,0.0009540562556234964
2024-09-12,0.00014659091672324055
2024-09-13,-0.003651083236458471
2024-09-16,0.003510621254668371
2024-09-17,-6.0568201035047835e-05
2024-09-18,-0.004000590606083984
2024-09-19,0.0012720722660485549
2024-09-20,0.004990349651659028
2024-09-23,0.0005800352396635684
2024-09-24,-6.308987201010501e-06
2024-09-25,0.0038558676144011335
2024-09-26,-0.0032412833566239736
2024-09-27,-0.0041557069265014505
2024-09-30,0.002653296176177275
2024-10-01,-0.00032523504508632134
2024-10-02,0.0020467618266106543
2024-10-03,-0.00045505042307000153
2024-10-04,0.0006326996280527325
2024-10-07,0.0005430021573791437
2024-10-08,0.00287527447208384
2024-10-09,0.0013470548662721615
2024-10-10,-0.000373948189539024
2024-10-11,0.0013793535001514479
2024-10-14,0.0005611247832116952
2024-10-15,0.002108812367640962
2024-10-16,0.00016725481475537393
2024-10-17,0.00015552522071594246
2024-10-18,0.0011814592038651187
2024-10-21,0.0049422289366969335
2024-10-22,-0.0008327494692306744
2024-10-23,0.001347122106727014
2024-10-24,-0.003483141968660154
2024-10-25,-0.0045699018781649395
2024-10-28,-0.003300670410425883
2024-10-29,0.002906239009079191
2024-10-30,-0.0012715570553941808
2024-10-31,0.00010107868833538527
2024-11-01,0.0012231103111735415
2024-11-04,-0.0006496949986040677
2024-11-05,-0.0010248762923717467
2024-11-06,0.0017618118694761806
2024-11-07,-0.000559150147651717
2024-11-08,0.003608809687862015
2024-11-11,-0.0014889897598411449
2024-11-12,0.00440742377196646
2024-11-13,-0.0021989073550837653
2024-11-14,-0.0018643017567388557
2024-11-15,-0.0006022356129839333
2024-11-18,-0.0003910726151860717
2024-11-19,0.0007612658732125232
2024-11-20,-0.0018962285361482911
2024-11-21,0.0010480292174143736
2024-11-22,-0.0012034697556347802
2024-11-25,-0.004666222306440346
2024-11-26,0.00632003313572505
2024-11-27,-0.0012801161090851773
2024-11-29,-0.0003801912391053301
2024-12-02,-0.004009160677157097
2024-12-03,0.0030993233221930034
2024-12-04,0.004729220104154573
2024-12-05,0.003594051823387304
2024-12-06,-0.0005817937335451176
2024-12-09,-0.00585976918999002
2024-12-10,0.0027376751443998677
2024-12-11,0.00037370725752427597
2024-12-12,0.0026859039786720287
2024-12-13,0.0019967558835989204
2024-12-16,0.0017539915226244772
2024-12-17,0.0003104593143558332
2024-12-18,-0.0003263591018240224
2024-12-19,0.002024244228016999
2024-12-20,-0.00032027772446796896
2024-12-23,-0.003015599162828247
2024-12-24,0.0008628227244298033
2024-12-26,-0.0013895993212549968
2024-12-27,-0.0006709282122286284
2024-12-30,0.0021150909596294337
2024-12-31,-0.0013575587823050441
2025-01-02,0.003574078677687559
2025-01-03,0.0002049539820644889
2025-01-06,-0.001169563283367379
2025-01-07,0.00022283755107769547
2025-01-08,0.0025721000496793213
2025-01-10,0.0009759625327543269
2025-01-13,-0.007731919305159278
2025-01-14,-0.0003332123671449615
2025-01-15,0.0006917211635490586
2025-01-16,0.0006395510815093153
2025-01-17,-0.00410998018167685
2025-01-21,0.003713650772162749
2025-01-22,0.003507756358998261
2025-01-23,-2.178621980112422e-05
2025-01-24,0.0018734388172433015
2025-01-27,-0.004562114751768728
2025-01-28,0.004309143641642275
2025-01-29,-0.003130773712876696
2025-01-30,0.004860596051516755
2025-01-31,-0.0017309701383719169
2025-02-03,0.006723789615645511
2025-02-04,-0.006070996832913295
2025-02-05,0.003711522962624719
2025-02-06,0.005259911206041256
2025-02-07,-0.00045641982180198677
2025-02-10,-0.0018518392726809523
2025-02-11,-0.0007177006481296145
2025-02-12,-0.000775146361434223
2025-02-13,1.1312918941044462e-05
2025-02-14,-0.002735148245833473
2025-02-18,-0.0038273602445484944
2025-02-19,-0.0007408392464784275
2025-02-20,0.001239211228487736
2025-02-21,0.0031533059831130653
2025-02-24,-0.0006129774982132646
2025-02-25,0.0004408548861896569
2025-02-26,0.0008524408844611253
2025-02-27,0.002117311953237698
2025-02-28,0.0025656944618590504
2025-03-03,0.0022436293981755837
2025-03-04,-0.003024938841342859
2025-03-05,-0.005646634635633948
2025-03-06,-0.003332057233311155
2025-03-07,-0.0027833055400718694
2025-03-10,-0.003614049899209527
2025-03-11,-0.0007295209229498365
2025-03-12,-0.0007525421908781416
2025-03-13,-0.00034730291872496776
2025-03-14,-0.00288532835756837
2025-03-17,-0.0011570869821078739
2025-03-18,-0.0004030996201649051
2025-03-19,0.0021622884784348434
2025-03-20,0.003277130913331159
2025-03-21,0.0017006912088587186
2025-03-24,9.189860811710512e-06
2025-03-25,-0.0005573842185905524
2025-03-26,-0.0015804035488926433
2025-03-27,0.001652751215342039
2025-03-28,0.0007124926561187084
2025-03-31,0.002021364350938496
2025-04-01,-0.0010270123632520377
2025-04-02,-0.0001988123543155107
2025-04-03,0.00182291973793695
2025-04-04,0.0017495912100329236
2025-04-07,0.0018375967826127911
2025-04-08,0.0040790402900955525
2025-04-09,-0.007174690067871161
2025-04-10,0.007866006695486141
2025-04-11,-0.001534334078077
2025-04-14,-0.00010402782071189443
2025-04-15,0.0005369141402274331
2025-04-16,-0.002535057121448291
2025-04-17,-0.0009471689781064208
2025-04-21,-0.001451865424766416
2025-04-22,-0.0005265255773230475
2025-04-23,-0.0005223219809884548
2025-04-24,0.0005390530582139822
2025-04-25,-0.002101529188298818
2025-04-28,-0.0004458250637122577
2025-04-29,0.001630898394401237
2025-04-30,0.0027234926030457215
2025-05-01,0.0031911987009344794
2025-05-02,0.0014565027422698768
2025-05-05,0.0027473490394618683
2025-05-06,-2.551266130245679e-05
2025-05-07,-0.0003185715391127864
2025-05-08,-0.005677129951238953
2025-05-09,-0.0010883328859145989
2025-05-12,-0.0034512647023914227
2025-05-13,-1.6203911546962455e-05
2025-05-14,0.00184731304054998
2025-05-15,4.509505033671745e-05
2025-05-16,0.0008044636631020043
2025-05-19,0.0037700614188692833
2025-05-20,0.0001969890978798507
2025-05-21,0.003600413642311825
2025-05-22,-0.00038854413422034377
2025-05-23,0.002633125726838816
2025-05-27,-0.005351410749651373
2025-05-28,0.003036769088804969
2025-05-29,-0.0005156296347886326
2025-05-30,0.0020016652557788214
2025-06-02,-0.002160433354855342
2025-06-03,-0.007533131127767739
2025-06-04,0.0003520722761866483
2025-06-05,0.0009474568021335111
2025-06-06,-0.0010742685498989866
2025-06-09,-0.004685800640422645
2025-06-10,-0.0043812500492234115
2025-06-11,0.002118299109899029
2025-06-12,0.00015458054407840592
2025-06-13,-0.0005025807901941357
2025-06-16,-0.002088470191423989
2025-06-17,0.0002790467328337409
2025-06-18,-0.0003627408017267516
2025-06-20,-0.004295710861298075
2025-06-23,0.003442765911792801
2025-06-24,0.001015625711279015
2025-06-25,-0.0007300072456700369
2025-06-26,-0.0015586436077735754
2025-06-27,0.0028234159280471635
2025-06-30,0.000532053182292124
2025-07-01,-0.008114227985586954
2025-07-02,-0.007289884747326479
2025-07-03,0.0036216019653290336
2025-07-07,0.004245626756570285
2025-07-08,-0.007157705046712478
2025-07-09,-0.0002293453692830643
2025-07-10,-0.004096282211756038
2025-07-11,0.0006454045084710478
2025-07-14,0.004869415617976184
2025-07-15,0.003468369671583863
2025-07-16,7.293766756711464e-07
2025-07-17,-0.00027147663676413354
2025-07-18,0.0005904175292759593
2025-07-21,0.0019224959240666602
2025-07-22,-0.008831975976545812
2025-07-23,-0.0015141157241255665
2025-07-24,0.0034243015811287344
2025-07-25,-0.002045599090816828
2025-07-28,-0.0013619698205338867
2025-07-29,0.0021192311557014405
2025-07-30,0.0046209797984824415
2025-07-31,0.004033411715054214
2025-08-01,0.0031396306363162844
2025-08-04,-0.0001742439998501929
2025-08-05,-0.005917430229569517
2025-08-06,0.005333241249186344
2025-08-07,-0.0013926779986328092
2025-08-08,-0.002108006328224932
2025-08-11,0.0021253754328635645
2025-08-12,-0.005489684993559686
2025-08-13,-0.0022493360812942532
2025-08-14,0.0005549457917414715
2025-08-15,-0.002197270692443758
2025-08-18,-0.00270176904296213
2025-08-19,-0.0019724302645292885
2025-08-20,0.0025769535846427794
2025-08-21,0.0026290718309659993
2025-08-22,-0.009948314476442566
2025-08-25,0.0004904722500514196
2025-08-26,0.0019644250254325164
2025-08-27,-0.00023051631393270858
2025-08-28,5.638454098207587e-05
2025-08-29,-0.0026019300650037924
2025-09-02,0.001689016216750561
2025-09-03,0.003554835043297742
2025-09-04,-0.00024309806486605529
2025-09-05,-0.0069103529332714304
2025-09-08,0.0028426104416855434
2025-09-09,0.004281301538677443
2025-09-10,0.0017181342512150128
2025-09-11,0.00037379939898098705
2025-09-12,0.002938372515871262
2025-09-15,0.002671726548692505
2025-09-16,-0.002073011243105078
2025-09-17,0.0016119094013052262
2025-09-18,-0.0035945875528105875
2025-09-19,0.002541137005291575
2025-09-22,-0.00024352854447220988
2025-09-23,-0.0010049472962995608
2025-09-24,0.00033939720439383727
2025-09-25,0.002590029628164856
2025-09-26,-0.0010367662186462204
2025-09-29,-0.001876806418252453
2025-09-30,0.001460352944053477
2025-10-01,-0.0015412892387590658
2025-10-02,-0.0029377072041993075
2025-10-03,-0.0017719027711421546
2025-10-06,0.0027250138668472334
2025-10-07,0.005470217807537758
2025-10-08,-0.0007479508147580673
2025-10-09,0.0007890452222379767
2025-10-10,0.0032633297026527144
2025-10-13,-0.0041885761305046326
2025-10-14,-0.0013172255874238136
2025-10-15,-0.0007384062474017627
2025-10-16,-0.0027688519365550984
2025-10-17,0.0009379706564689912
2025-10-20,-0.0007173832748593381
2025-10-21,5.0228151694544297e-05
2025-10-22,0.0031466559166264054
2025-10-23,-0.0019282439586579825
2025-10-24,-0.0035498249322381396
2025-10-27,-0.0002634665774938074
2025-10-28,-0.0011934564573806233
2025-10-29,-0.002852176659644858
2025-10-30,0.005191104097102407
2025-10-31,-0.0026031129761009066
2025-11-03,0.007531482594855067
2025-11-04,0.002279881841719586
2025-11-05,-0.002009164021584881
2025-11-06,0.0017758585876914083
2025-11-07,-0.0035949767244506286
2025-11-10,0.007850963494552554
2025-11-11,-0.003047504791541539
2025-11-12,0.0014437300543536761
2025-11-13,-0.003683796780621533
2025-11-14,-0.0002644350713416145
2025-11-17,0.0012887538865571856
2025-11-18,-0.0028815904229984543
2025-11-19,0.0029002398444082146
2025-11-20,-0.0013166354716376222
2025-11-21,-0.005048974462055618
2025-11-24,0.0027570180126799807
2025-11-25,-0.0017137810773753006
2025-11-26,-0.0003718566965326573
2025-11-28,1.238902521557191e-05
2025-12-01,0.0009809363481589643
2025-12-02,0.0007618407539746526
2025-12-03,-0.00195525344436815
2025-12-04,-0.0003330211619195312
2025-12-05,0.002129220889469685
2025-12-08,0.003076659667496833
2025-12-09,0.00028848948169689695
2025-12-10,-0.005835352312459615
2025-12-11,0.0016998934469403988
2025-12-12,-0.0037737773777436995
2025-12-15,0.0017702500078936052
2025-12-16,0.003755197388434503
2025-12-17,-0.0034120877773974657
2025-12-18,0.002397758807441823
2025-12-19,0.006605344524139962
2025-12-22,0.0008326135723926044
2025-12-23,0.0027195364340817296
2025-12-24,-6.374820895998781e-05
2025-12-26,-0.0010729269942404052
2025-12-29,-0.0012337187270326454
2025-12-30,-0.001103841559150599
2025-12-31,-0.0016834553143568573
2026-01-02,-0.0018077619212628245
2026-01-05,-0.0005704575777960395
2026-01-06,-0.0010686913202658662
2026-01-07,0.007209641505828263
2026-01-08,-0.007268815468936396
2026-01-09,-0.000644255236658078
2026-01-12,0.0015010118508793702
2026-01-13,-0.0011956438092210963
2026-01-14,-0.007349820448791609
2026-01-15,-0.0016430922740959487
2026-01-16,0.00157752657490296
2026-01-20,-0.0001884082365169259
2026-01-21,-0.0017821728930737003
2026-01-22,0.0014412557388707146
2026-01-23,-0.0027178525034297265
2026-01-26,0.0013932112423735877
2026-01-27,0.005901282392392179
2026-01-28,0.003707683005973501
2026-01-29,0.0036252904809522726
2026-01-30,-0.0073471184700320685
2026-02-02,0.00627022131600702
2026-02-03,-0.0065915453985987745
2026-02-04,-0.0122272607361462
2026-02-05,3.289849501681552e-07
2026-02-06,0.00434116958256752
2026-02-09,0.003502021315037443
2026-02-10,-0.005888811567455669
2026-02-11,-0.003780246953002696
2026-02-12,0.004522924295009687
2026-02-13,-0.004784208369836449
2026-02-17,0.0034513324259404276
2026-02-18,-0.0011544908450122117
2026-02-19,0.0010618617930171078
2026-02-20,-0.0001136668777843702
2026-02-23,-0.006981735297550019
2026-02-24,-0.0009484502138207328
2026-02-25,0.006611482223874201
2026-02-26,0.0005162936635639715
2026-02-27,0.0005484308380586705
2026-03-02,0.0010711938173600514
2026-03-03,0.003608534233326468
2026-03-04,0.0031824184176418224
2026-03-05,-0.00021661267354249685
2026-03-06,0.0023127520620592735
2026-03-09,0.0015131690906768562
2026-03-10,0.0031398622852628656
2026-03-11,6.997493260631594e-05
2026-03-12,0.002404425550281223
2026-03-13,0.001719507990556989
2026-03-16,0.0034842848488084856
2026-03-17,-0.0038286750543781952
2026-03-18,0.0011395406473374773
2026-03-19,0.0036909230659669203
2026-03-20,0.0007001988330794257
2026-03-23,-0.0015233436686793937
2026-03-24,-0.003776365208482724
2026-03-25,-0.0018310425126702257
2026-03-26,-0.006334492036762748
2026-03-27,0.0013825786894026584
2026-03-30,-0.002284767610744843
2026-03-31,0.0035964910850028106
2026-04-01,0.00699714471113983
2026-04-02,0.0061396738332941915
2026-04-06,0.002426051236399757
2026-04-07,0.0028898600860802546
2026-04-08,0.00022705918570236453
2026-04-09,0.0010758645759045404
2026-04-10,0.0008756423084682772
2026-04-13,0.0005214131725048601
2026-04-14,0.000635878280190749
2026-04-15,0.002947272898707252
2026-04-16,0.002773371520155849
2026-04-17,0.00023285316939295627
2026-04-20,-0.00224529599471413
2026-04-21,0.0001979770159720057
2026-04-22,0.0033599974826465555
2026-04-23,-0.0036964335750026963
2026-04-24,0.002710053901379487
2026-04-27,0.0006655985298000863
2026-04-28,-0.005884735090628412
2026-04-29,-0.00016284526454707295
2026-04-30,0.0036535199215149833
2026-05-01,0.0024477777818345185
2026-05-04,0.0030971265456691487
2026-05-05,0.0010342689428862622
2026-05-06,0.0005135686067155578
2026-05-07,0.0011233270852349113
2026-05-08,0.002939526270433411
2026-05-11,0.0002140170748511696
2026-05-12,-0.0003688840991636998
2026-05-13,-0.0009256321712417811
2026-05-14,4.580018326893953e-07
2026-05-15,0.0006770481886198214
2026-05-18,-0.0014902941758800272
2026-05-19,0.0005586795867813087
2026-05-20,-0.001878712440385702
2026-05-21,0.0006942332250270863
2026-05-22,0.0002904162647347033
2026-05-26,0.006339108469778633
2026-05-27,-0.004786376451313184
2026-05-28,0.004213486802931304
2026-05-29,0.004808193631184525
2026-06-01,0.0008855636031433634
2026-06-02,-0.002486405896514469
2026-06-03,0.0007701619495390499
2026-06-04,-0.00107704878481449
2026-06-05,-0.006295679042660976
2026-06-08,0.0022841170904953105
2026-06-09,-0.0037712250892282142
2026-06-10,-0.002418429337903831
2026-06-11,-0.0024649406297747633
2026-06-12,0.0006904471455991363
2026-06-15,0.010071958091736359
2026-06-16,-0.0008022998289922319
2026-06-17,-0.0014921247752755485
2026-06-18,-0.001326552792850138
2026-06-22,0.0007312606694614247
2026-06-23,-0.006120822964602722
2026-06-24,-0.0074257879226718474
2026-06-25,-0.006305908595203414
2026-06-26,-0.003194119549130866
2026-06-29,0.006678202622795003
2026-06-30,0.0041384385495124
2026-07-01,0.0026339456916456526
2026-07-02,-0.0009143161355612741
2026-07-06,0.006639125385155131
2026-07-07,-0.003571679671841302
2026-07-08,0.005169423973452205
2026-07-09,0.0016252169462831676
2026-07-10,-0.004254983989438357
2026-07-13,-0.00344163144785835
2026-07-14,0.0009995698679333685
2026-07-15,-0.0009389043498851845
2026-07-16,-0.0043036156158243735
2026-07-17,0.0011143962131104912
2026-07-20,0.0037982048349914947
2026-07-21,0.0033683733506723675
2026-07-22,-0.004887430439365551
2026-07-23,-0.00031805784002302516
2026-07-24,-0.001946323864502267
2026-07-27,0.005665182700428733
2026-07-28,0.0002441838554187257
2026-07-29,0.00069404829585731
2026-07-30,0.002190120440817933
2026-07-31,-0.0015351395462632552
2026-08-03,-0.0029362868592739738
2026-08-04,-0.0033188525104389096
2026-08-05,0.0037838954992413997
2026-08-06,0.0013660423794818405
2026-08-07,0.0035181519882234724
2026-08-10,0.0029799656505159317
2026-08-11,-0.008526084691736768
2026-08-12,-0.002730236132738167
2026-08-13,0.0060577051607170985
2026-08-14,-0.0034291630843722282
2026-08-17,-0.0036272658281424975
2026-08-18,0.006220350530637002
2026-08-19,-0.016845157322941545
2026-08-20,0.0028081542968093178
2026-08-21,-0.007719502356987351
2026-08-24,-0.007764237805522267
2026-08-25,0.005476947357634561
2026-08-26,
2026-08-27,
2026-08-28,
2026-08-31,
2026-09-01,
2026-09-02,
2026-09-03,
2026-09-04,
2026-09-08,
2026-09-09,
2026-09-10,
2026-09-11,
